catalog_id;product;field;value;unit;source;source_type;quote;retrieved;note;current
9b20417a-0ac7-4786-985b-f3459a15075d;Unit;availability_status;piloting;;catalog_export_v4.csv;организатор;статус: piloting;2026-09-15;"operation = эксплуатация; piloting = пилот";
9b20417a-0ac7-4786-985b-f3459a15075d;Unit;case_reference;Проведены испытания и осуществлено внедрение робота для уборки зала в одном из магазинов сети «Ашан». Подтверждены отсутствие столкновений и стабильная работа в условиях людских потоков.;;catalog_export_v4.csv;организатор;Проведены испытания и осуществлено внедрение робота для уборки зала в одном из магазинов сети «Ашан». Подтверждены отсутствие столкновений и стабильная работа в условиях людских потоков.;2026-09-15;кейс из каталога организатора;
9b20417a-0ac7-4786-985b-f3459a15075d;Unit;manufacturer;"ООО ""Яку Роботикс""";;catalog_export_v4.csv;организатор;"компания: ООО ""Яку Роботикс""";2026-09-15;"бренд YaCuAi / YaCu Robotics; на сайте yacuai.com правообладатель - ООО «Якурьер»; гендиректор ООО «Яку Роботикс» Р. Гаспарян = основатель YaCu Robotics (mskagency.ru)";
9b20417a-0ac7-4786-985b-f3459a15075d;Unit;country;Россия;;catalog_export_v4.csv;организатор;Регион: Москва;2026-09-15;"страна выведена из российского региона в каталоге; производитель: «полностью российским производителем»";
9b20417a-0ac7-4786-985b-f3459a15075d;Unit;trl;8;УГТ (1–9);catalog_export_v4.csv;организатор;УГТ: 8;2026-09-15;;
9b20417a-0ac7-4786-985b-f3459a15075d;Unit;processes;Уборка помещений (влажная уборка больших площадей);;catalog_export_v4.csv;организатор;Сценарий: Уборка помещений;2026-09-15;;
9b20417a-0ac7-4786-985b-f3459a15075d;Unit;price_rub;2 300 000;₽;catalog_export_v4.csv;организатор;Цена изделия: 2 300 000,00;2026-09-15;"цена из каталога организатора; совпадает с рейтингом производителя (робот + док-станция)";
9b20417a-0ac7-4786-985b-f3459a15075d;Unit;price_rub;≈2 300 000 (робот + док-станция);₽;https://yacuai.com/ru/blog/reyting-promyshlennykh-robotov-uborshchikov-v-rossii/;производитель;Цена ≈ 2 300 000 ₽ (робот + док‑станция);2026-09-15;"в сводной таблице той же статьи - 2.3 млн; анкеры RTLS оплачиваются отдельно; устарело: страница удалена, на 2026-09-23 «Элемент не найден»";устарело
9b20417a-0ac7-4786-985b-f3459a15075d;Unit;price_rub;2 300 000;₽;https://yacuai.com/ru/unit/;производитель;Стоимость робота 2 300 000 руб.;2026-09-15;строка закомментирована в HTML страницы (посетителю не показывается);да
9b20417a-0ac7-4786-985b-f3459a15075d;Unit;price_rub;2 000 000 + 400 000 (док-станция);₽;https://yacuai.com/ru/blog/start-pervogo-rossiyskogo-klinig-robota/;производитель;робот стоит 2млн рублей ... док-станция ... 400 тыс. рублей;2026-09-15;"цена на старте продаж (более ранняя); ПО автономности - по подписке; устарело: ранняя статья о старте продаж, текущая карточка товара дает другие цифры";устарело
9b20417a-0ac7-4786-985b-f3459a15075d;Unit;price_rub;2 500 000;₽;https://unibot.ru/catalog/service/cleaning/robot-unit/;интегратор;2 500 000 ₽;2026-09-15;"расходится: дилер unibot.ru, «Под заказ»; каталог организатора 2 300 000 ₽";
9b20417a-0ac7-4786-985b-f3459a15075d;Unit;dimensions_mm;900×560×800;мм;https://yacuai.com/ru/unit/;производитель;Габариты 900 х 560 х 800 мм. Компактная ширина позволяет проходить в узких местах;2026-09-15;"ширина корпуса 560 мм (FAQ: «ширина всего 560 мм»); порядок Д×Ш×В явно не указан";да
9b20417a-0ac7-4786-985b-f3459a15075d;Unit;dimensions_mm;900×560×800;мм;https://yacuai.com/ru/blog/reyting-promyshlennykh-robotov-uborshchikov-v-rossii/;производитель;Размеры 900×560×800 мм;2026-09-15;устарело: страница удалена, на 2026-09-23 «Элемент не найден»;устарело
9b20417a-0ac7-4786-985b-f3459a15075d;Unit;robot_mass_kg;130;кг;https://yacuai.com/ru/unit/;производитель;130 кг Вес заправленная;2026-09-15;"масса с заправленными баками; расходится: в сводной таблице рейтинга производителя - 170 кг";да
9b20417a-0ac7-4786-985b-f3459a15075d;Unit;robot_mass_kg;170;кг;https://yacuai.com/ru/blog/reyting-promyshlennykh-robotov-uborshchikov-v-rossii/;производитель;YaCu Unit | ... | 170 кг;2026-09-15;"расходится с карточкой товара (130 кг заправленная); проверка 2026-09-23: статья на сайте производителя больше не открывается («Элемент не найден»), значение 170 кг больше нигде не найдено; устарело: страница удалена, на 2026-09-23 «Элемент не найден»";устарело
9b20417a-0ac7-4786-985b-f3459a15075d;Unit;robot_mass_kg;30;кг;https://unibot.ru/catalog/service/cleaning/robot-unit/;интегратор;Вес (с аккумулятором) 30 кг;2026-09-15;"расходится ; вероятная ошибка дилера (у производителя 130 кг)";
9b20417a-0ac7-4786-985b-f3459a15075d;Unit;max_speed_m_s;не найдено;;;нет источника;;2026-09-15;"не найдено; у производителя только качественно: «скорость движения приравнивается к человеческой» (https://yacuai.com/ru/unit/)";
9b20417a-0ac7-4786-985b-f3459a15075d;Unit;throughput;до 1 800;м²/ч;https://yacuai.com/ru/blog/reyting-promyshlennykh-robotov-uborshchikov-v-rossii/;производитель;Производительность до 1 800 м²/ч;2026-09-15;"расходится: в сводной таблице той же статьи - до 2 000 м²/ч; устарело: страница удалена, на 2026-09-23 «Элемент не найден»";устарело
9b20417a-0ac7-4786-985b-f3459a15075d;Unit;throughput;до 2 000;м²/ч;https://yacuai.com/ru/blog/reyting-promyshlennykh-robotov-uborshchikov-v-rossii/;производитель;YaCu Unit | Россия | до 2 000;2026-09-15;"расходится с описанием в той же статье (до 1 800 м²/ч); устарело: страница удалена, на 2026-09-23 «Элемент не найден»";устарело
9b20417a-0ac7-4786-985b-f3459a15075d;Unit;area_per_charge_m2;7200;м² за один заряд;https://yacuai.com/ru/unit/;производитель;7200 м2 — производительность при одной заправке моющим средством на одном заряде;2026-09-15;"в рейтинге производителя 6 000–8 000 м²; в статье о старте продаж - 4000 м²";да
9b20417a-0ac7-4786-985b-f3459a15075d;Unit;area_per_charge_m2;6 000–8 000;м² за один заряд;https://yacuai.com/ru/blog/reyting-promyshlennykh-robotov-uborshchikov-v-rossii/;производитель;Площадь на одном заряде 6 000–8 000 м²;2026-09-15;устарело: страница удалена, на 2026-09-23 «Элемент не найден»;устарело
9b20417a-0ac7-4786-985b-f3459a15075d;Unit;area_per_charge_m2;4000;м² за один заряд;https://yacuai.com/ru/blog/start-pervogo-rossiyskogo-klinig-robota/;производитель;робот способен обработать 4000м2 площади;2026-09-15;"расходится ; более ранняя статья (старт продаж); устарело: ранняя статья о старте продаж, текущая карточка товара дает другие цифры";устарело
9b20417a-0ac7-4786-985b-f3459a15075d;Unit;runtime_h;5;ч;https://yacuai.com/ru/unit/;производитель;5 часов непрерывной работы от аккумулятора (АКБ);2026-09-15;"расходится: рейтинг производителя ~4 ч; статья о старте продаж - 6 ч";да
9b20417a-0ac7-4786-985b-f3459a15075d;Unit;runtime_h;5;ч;https://unibot.ru/catalog/service/cleaning/robot-unit/;интегратор;Время работы 300 мин;2026-09-15;совпадает с сайтом производителя;
9b20417a-0ac7-4786-985b-f3459a15075d;Unit;runtime_h;~4;ч;https://yacuai.com/ru/blog/reyting-promyshlennykh-robotov-uborshchikov-v-rossii/;производитель;YaCu Unit | ... | ~ 4 ч;2026-09-15;"расходится с карточкой товара (5 ч); проверка 2026-09-23: статья больше не открывается, текущая карточка производителя и дилер дают 5 ч; устарело: страница удалена, на 2026-09-23 «Элемент не найден»";устарело
9b20417a-0ac7-4786-985b-f3459a15075d;Unit;runtime_h;6;ч;https://yacuai.com/ru/blog/start-pervogo-rossiyskogo-klinig-robota/;производитель;Одного заряда хватает на 6ч уборки;2026-09-15;"расходится ; более ранняя статья; устарело: ранняя статья о старте продаж, текущая карточка товара дает другие цифры";устарело
9b20417a-0ac7-4786-985b-f3459a15075d;Unit;charge_time_h;не найдено;;;нет источника;;2026-09-15;не найдено;
9b20417a-0ac7-4786-985b-f3459a15075d;Unit;navigation_type;RTLS (радиомаяки-анкеры) + лидар, стереокамера, радар, ультразвук;;https://yacuai.com/ru/unit/;производитель;RTLS-для локализации в пространстве ... Лидар-детектирует препятствия на 360 ... Радар ... Стерео камера;2026-09-15;"маршрут заранее задан по плану помещения; объезд препятствий локально";да
9b20417a-0ac7-4786-985b-f3459a15075d;Unit;navigation_type;гибрид SLAM + RTLS;;https://yacuai.com/ru/blog/reyting-promyshlennykh-robotov-uborshchikov-v-rossii/;производитель;Мы разработали гибридную навигацию SLAM + RTLS;2026-09-15;устарело: страница удалена, на 2026-09-23 «Элемент не найден»;устарело
9b20417a-0ac7-4786-985b-f3459a15075d;Unit;navigation_type;гибрид RTLS + лидары;;https://www.mskagency.ru/materials/3508087;СМИ;используя точную гибридную навигацию (RTLS+лидары);2026-09-15;;
9b20417a-0ac7-4786-985b-f3459a15075d;Unit;infrastructure;"анкеры RTLS (радиус покрытия до 70 м, питание от розетки); план помещения в .dwg";;https://yacuai.com/ru/unit/;производитель;Анкеров - обязательное дополнительное радиооборудование ... Радиус покрытия 1-го анкера - до 70м. Питание от обычной розетки;2026-09-15;"для пилота обычно 6 анкеров на 500–1000 м²; запуск 1–3 дня";да
9b20417a-0ac7-4786-985b-f3459a15075d;Unit;charging_infrastructure;док-станция: зарядка, слив грязной и залив чистой воды (опционально);;https://yacuai.com/ru/unit/;производитель;Заправочная станция Автоматическая станция для замены воды и зарядки батареи;2026-09-15;"«Док-станция не обязательна»; не чистит ракель, бак и фильтр";да
9b20417a-0ac7-4786-985b-f3459a15075d;Unit;min_aisle_width_mm;не найдено;;;нет источника;;2026-09-15;"не найдено: мин. ширина прохода не опубликована; ширина корпуса 560 мм, ракель 800–820 мм";
9b20417a-0ac7-4786-985b-f3459a15075d;Unit;tank_l;50 / 50;л (чистая / грязная);https://yacuai.com/ru/unit/;производитель;50 литров Объем бака чистой воды ... 50 литров Объем бака грязной воды;2026-09-15;;да
9b20417a-0ac7-4786-985b-f3459a15075d;Unit;tank_l;50 / 50;л (чистая / грязная);https://yacuai.com/ru/blog/reyting-promyshlennykh-robotov-uborshchikov-v-rossii/;производитель;Баки 2×50 л;2026-09-15;устарело: страница удалена, на 2026-09-23 «Элемент не найден»;устарело
9b20417a-0ac7-4786-985b-f3459a15075d;Unit;cleaning_width_mm;800–820 (ракель);мм;https://yacuai.com/ru/unit/;производитель;800-820 мм Пылесос скрубер (ракель) сзади машины;2026-09-15;;да
9b20417a-0ac7-4786-985b-f3459a15075d;Unit;cleaning_width_mm;810;мм;https://yacuai.com/ru/blog/reyting-promyshlennykh-robotov-uborshchikov-v-rossii/;производитель;Ширина уборки 810 мм;2026-09-15;устарело: страница удалена, на 2026-09-23 «Элемент не найден»;устарело
9b20417a-0ac7-4786-985b-f3459a15075d;Unit;operating_conditions;"макс. уклон 2°; твёрдые промышленные и коммерческие полы";;https://yacuai.com/ru/unit/;производитель;2 градуса Максимальный уклон ... подходит для большинства твердых промышленных и коммерческих полов;2026-09-15;температурный диапазон не указан;да
9b20417a-0ac7-4786-985b-f3459a15075d;Unit;service;"гарантия 1 год; сервис 24/7; узлы мойки массовых марок";;https://yacuai.com/ru/unit/;производитель;Продукт. Гарантия 1 год ... Сервисная поддержка 24/7;2026-09-15;"в рейтинге: «Софт - пожизненная; обслуживание - 1 год»";да
9b20417a-0ac7-4786-985b-f3459a15075d;Unit;service_life;более 5;лет;https://yacuai.com/ru/unit/;производитель;Срок эксплуатации устройства составляет более 5 лет;2026-09-15;подтверждено также mskagency.ru;да
9b20417a-0ac7-4786-985b-f3459a15075d;Unit;payback;~1,5;года;https://yacuai.com/ru/blog/reyting-promyshlennykh-robotov-uborshchikov-v-rossii/;производитель;Окупаемость ~ 1.5 года;2026-09-15;"оценка производителя; устарело: страница удалена, на 2026-09-23 «Элемент не найден»";устарело
9b20417a-0ac7-4786-985b-f3459a15075d;Unit;payload_kg;н/п;;;нет источника;;2026-09-23;не применимо: робот-уборщик груз не возит;
9b20417a-0ac7-4786-985b-f3459a15075d;Unit;robot_mass_kg;130;кг;https://xn--80ab3cjk.xn--p1ai/assets/prez/pdf/%D0%A4%D0%A6_%D0%91%D0%A0%D0%A1_%D1%80%D0%BE%D0%B1%D0%BE%D1%82%D1%8B_%D1%83%D0%B1%D0%BE%D1%80%D1%89%D0%B8%D0%BA%D0%B8.pdf;организатор;Вес, брутто, кг: 130;2026-09-23;"презентация ФЦ БАС «Сценарии применения БРС. Уборка помещений», март 2026, с. 6; сходится с карточкой производителя";
9b20417a-0ac7-4786-985b-f3459a15075d;Unit;robot_mass_kg;130;кг;https://eletos.ru/articles/robot-unit-innovaczionnaya-avtonomnaya-polomoechnaya-mashina.html;СМИ;вес 130 кг в заправленном состоянии;2026-09-23;;
9b20417a-0ac7-4786-985b-f3459a15075d;Unit;runtime_h;6;ч;https://eletos.ru/articles/robot-unit-innovaczionnaya-avtonomnaya-polomoechnaya-mashina.html;СМИ;до 6 часов непрерывной работы;2026-09-23;совпадает с ранней статьей производителя о старте продаж;
9b20417a-0ac7-4786-985b-f3459a15075d;Unit;tests;пилот ФЦ БАС в ТЦ Москвы (2026): участник наряду с Р2Б, РОБО, Вейбот Автомакон Роботикс;;https://www.mos.ru/news/item/170443073/;СМИ;роботов-уборщиков ... от компаний «Р2Б», «Яку Роботикс», «РОБО», «Вейбот Автомакон Роботикс»;2026-09-15;"итоги 1-го этапа: 8 недель, 9 объектов, >123 тыс. м² суммарно по всем производителям (https://news.mail.ru/society/71649699/); протоколов по Unit не опубликовано";
9b20417a-0ac7-4786-985b-f3459a15075d;Unit;tests;Центр испытаний робототехники МИК (Сколково), март 2026: Unit среди первых испытуемых образцов;;https://abn.agency/2026/03/19/v-skolkovo-otkrylsya-pervyj-v-rossii-czentr-ispytanij-robotov-i-bespilotnyh-sistem/;СМИ;Среди первых образцов, уже проходящих тесты, — автономная поломоечная машина Unit компании «Яку Роботикс»;2026-09-15;результаты/протокол не опубликованы;
9b20417a-0ac7-4786-985b-f3459a15075d;Unit;tests;пилот на территории кластера «Ломоносов» (МИК);;https://www.mskagency.ru/materials/3508087;СМИ;успешно реализовала пилотное тестирование технологии на территории кластера «Ломоносов»;2026-09-15;;
9b20417a-0ac7-4786-985b-f3459a15075d;Unit;throughput;до 1400;м²/ч;https://xn--80ab3cjk.xn--p1ai/assets/prez/pdf/%D0%A4%D0%A6_%D0%91%D0%A0%D0%A1_%D1%80%D0%BE%D0%B1%D0%BE%D1%82%D1%8B_%D1%83%D0%B1%D0%BE%D1%80%D1%89%D0%B8%D0%BA%D0%B8.pdf;организатор;Производительность, м2/ч: До 1400;2026-09-23;презентация ФЦ БАС «Сценарии применения БРС. Уборка помещений», март 2026, с. 6, таблица сравнения;
5760e938-9a43-45a7-b8e8-f4f2e6383930;Ronavi H1500;availability_status;operation;;catalog_export_v4.csv;организатор;статус: operation;2026-09-15;"operation = эксплуатация; piloting = пилот";
5760e938-9a43-45a7-b8e8-f4f2e6383930;Ronavi H1500;case_reference;Внедрено 48 роботов на складах ГК «Восток-Сервис» для транспортировки грузов между зонами хранения. В результате производительность выросла вдвое - с 4 до 8 тысяч отгрузок за смену, количество ошибок сократилось в 13 раз.;;catalog_export_v4.csv;организатор;Внедрено 48 роботов на складах ГК «Восток-Сервис» для транспортировки грузов между зонами хранения. В результате производительность выросла вдвое - с 4 до 8 тысяч отгрузок за смену, количество ошибок ;2026-09-15;кейс из каталога организатора;
5760e938-9a43-45a7-b8e8-f4f2e6383930;Ronavi H1500;charge_duty;10–15 мин зарядки на 45–50 мин работы;;https://ronavi-robotics.ru/media/tpost/3fhram4mk1-skolko-stoyat-logisticheskie-roboti;производитель;Время простоя на подзарядке (10−15 минут каждые 45−50 минут работы).;2026-09-23;статья про стоимость роботизации, модель не названа, относится к роботам Ronavi в целом;
5760e938-9a43-45a7-b8e8-f4f2e6383930;Ronavi H1500;charge_time_h;0.3;ч;Примеры_решений_типы_объектов.docx;организатор;Время зарядки: около 18 минут на станции.;2026-09-15;≈18 мин;
5760e938-9a43-45a7-b8e8-f4f2e6383930;Ronavi H1500;charge_time_h;0.3;ч;https://www.cemat-russia.ru/news/ronavi-robotics-luchshiy-rossiyskiy-proizvoditel-logisticheskikh-robotov/;СМИ;быстро заряжается — полный цикл занимает всего около 18 минут;2026-09-15;"≈18 мин; совпадает с файлом организатора";
5760e938-9a43-45a7-b8e8-f4f2e6383930;Ronavi H1500;charging_infrastructure;станция Ronavi Charger (авто-стыковка), 450 000 ₽, до 54 В/25 А, +5…+25 °C, IP10;;https://ronavi-robotics.ru/catalogue/charger;производитель;"автоматическая стыковка со всеми роботами Ronavi; 450 000 ₽; Диапазон рабочих температур: +5...+25°C";2026-09-15;;да
5760e938-9a43-45a7-b8e8-f4f2e6383930;Ronavi H1500;connectivity;Wi-Fi 5 ГГц 802.11 a/c/n;;https://ronavi-robotics.ru/catalogue/h1500;производитель;"Вид беспроводной связи;Wi-Fi 5 ГГц 802.11 a/c/n";2026-09-15;;да
5760e938-9a43-45a7-b8e8-f4f2e6383930;Ronavi H1500;country;Россия;;catalog_export_v4.csv;организатор;Регион: Москва;2026-09-15;страна выведена из российского региона в каталоге;
5760e938-9a43-45a7-b8e8-f4f2e6383930;Ronavi H1500;dimensions_mm;1044×654×380;мм (Д×Ш×В);Примеры_решений_типы_объектов.docx;организатор;Габариты (ДхШхВ): 1044 × 654 × 380 мм.;2026-09-15;;
5760e938-9a43-45a7-b8e8-f4f2e6383930;Ronavi H1500;dimensions_mm;1044×654×380;мм (Д×Ш×В);https://ronavi-robotics.ru/catalogue/h1500;производитель;"Габариты;1044x654x380 мм";2026-09-15;;да
5760e938-9a43-45a7-b8e8-f4f2e6383930;Ronavi H1500;manufacturer;"ООО ""Ронави Роботикс""";;catalog_export_v4.csv;организатор;"компания: ООО ""Ронави Роботикс""";2026-09-15;;
5760e938-9a43-45a7-b8e8-f4f2e6383930;Ronavi H1500;max_speed_m_s;1.5;м/с;Примеры_решений_типы_объектов.docx;организатор;Максимальная скорость: до 1,5 м/с.;2026-09-15;;
5760e938-9a43-45a7-b8e8-f4f2e6383930;Ronavi H1500;max_speed_m_s;1.5;м/с;https://ronavi-robotics.ru/catalogue/h1500;производитель;"Максимальная скорость передвижения;1.5 м/с";2026-09-15;;да
5760e938-9a43-45a7-b8e8-f4f2e6383930;Ronavi H1500;min_aisle_width_mm;750;мм;https://ronavi-robotics.ru/catalogue/h1500;производитель;"Минимальная ширина проезда;750 мм";2026-09-15;;да
5760e938-9a43-45a7-b8e8-f4f2e6383930;Ronavi H1500;navigation_type;QR-метки + SLAM;;Примеры_решений_типы_объектов.docx;организатор;Тип навигации: QR-метки и SLAM (карта помещения).;2026-09-15;;
5760e938-9a43-45a7-b8e8-f4f2e6383930;Ronavi H1500;navigation_type;QR-метки + SLAM;;https://ronavi-robotics.ru/catalogue/h1500;производитель;"Тип навигации;QR-метки и SLAM (локализация и построение карты)";2026-09-15;;да
5760e938-9a43-45a7-b8e8-f4f2e6383930;Ronavi H1500;operating_conditions;"+5…+25 °C; ровный промышленный пол";;Примеры_решений_типы_объектов.docx;организатор;работа при температуре примерно +5…+25 °C, ровный промышленный пол.;2026-09-15;;
5760e938-9a43-45a7-b8e8-f4f2e6383930;Ronavi H1500;operating_conditions;от +5 °C, в т.ч. неотапливаемые склады;;https://ronavi-robotics.ru/catalogue/h1500;производитель;Ronavi H1500 может эксплуатироваться в холодных зонах (от +5 °C), включая неотапливаемые склады;2026-09-15;;да
5760e938-9a43-45a7-b8e8-f4f2e6383930;Ronavi H1500;payload_kg;1500;кг;Примеры_решений_типы_объектов.docx;организатор;Грузоподъёмность: до 1500 кг.;2026-09-15;;
5760e938-9a43-45a7-b8e8-f4f2e6383930;Ronavi H1500;payload_kg;1500;кг;https://ronavi-robotics.ru/catalogue/h1500;производитель;"Грузоподъемность; до 1500 кг";2026-09-15;;да
5760e938-9a43-45a7-b8e8-f4f2e6383930;Ronavi H1500;positioning_accuracy_mm;±3;мм;Примеры_решений_типы_объектов.docx;организатор;Точность позиционирования: около ±3 мм.;2026-09-15;;
5760e938-9a43-45a7-b8e8-f4f2e6383930;Ronavi H1500;price_rub;2 700 000;₽;catalog_export_v4.csv;организатор;Цена изделия: 2 700 000,00;2026-09-15;"расходится цен между источниками: 2160000 vs 2700000 ₽; цена из каталога организатора";
5760e938-9a43-45a7-b8e8-f4f2e6383930;Ronavi H1500;price_rub;от 2 160 000;₽;https://ronavi-robotics.ru/catalogue/h1500;производитель;Цена за единицу при покупке от 100 шт. — от 2 160 000 ₽;2026-09-15;"расходится цен между источниками: 2160000 vs 2700000 ₽; цена при заказе от 100 шт.";да
5760e938-9a43-45a7-b8e8-f4f2e6383930;Ronavi H1500;processes;Внутрискладская логистика / AMR;;catalog_export_v4.csv;организатор;Сценарий: Внутрискладская логистика;2026-09-15;;
5760e938-9a43-45a7-b8e8-f4f2e6383930;Ronavi H1500;raas_rental;"покупка, аренда, лизинг, pay-per-use; пилотные проекты";;https://ronavi-robotics.ru/catalogue/h1500;производитель;модели оплаты — покупка, аренда, лизинг, pay-per-use (оплата за использование);2026-09-15;;да
5760e938-9a43-45a7-b8e8-f4f2e6383930;Ronavi H1500;robot_mass_kg;250;кг;Примеры_решений_типы_объектов.docx;организатор;Масса робота: 250 кг.;2026-09-15;;
5760e938-9a43-45a7-b8e8-f4f2e6383930;Ronavi H1500;robot_mass_kg;250;кг;https://ronavi-robotics.ru/catalogue/h1500;производитель;"Вес;250 кг";2026-09-15;;да
5760e938-9a43-45a7-b8e8-f4f2e6383930;Ronavi H1500;runtime_h;6;ч;Примеры_решений_типы_объектов.docx;организатор;Время работы: до 6 часов.;2026-09-15;расходится: официальный сайт дает до 10 ч (в диапазоне заряда 80%->20%);
5760e938-9a43-45a7-b8e8-f4f2e6383930;Ronavi H1500;runtime_h;10;ч;https://ronavi-robotics.ru/catalogue/h1500;производитель;"Время автономной работы (c 80% до 20%);до 10 часов";2026-09-15;"расходится с файлом организатора (6 ч); у производителя - окно заряда 80->20%; проверка 2026-09-23: расхождение объясняется методикой, у производителя окно заряда 80->20%, в обзорах 4-6 ч от полного заряда";да
5760e938-9a43-45a7-b8e8-f4f2e6383930;Ronavi H1500;runtime_h;6;ч;https://robotrends.ru/robopedia/ronavi-h1500;СМИ;Полной зарядки хватает на 6 часов работы.;2026-09-23;"вероятный источник цифры в файле организатора; там же зарядка 18 минут";
5760e938-9a43-45a7-b8e8-f4f2e6383930;Ronavi H1500;runtime_h;4–6;ч;https://strategyjournal.ru/innovatsii/ronavi-robotics/;СМИ;работать автономно в течение 4–6 часов;2026-09-23;батарея 43 А·ч, обычная зарядка 40 мин, быстрая 18 мин;
5760e938-9a43-45a7-b8e8-f4f2e6383930;Ronavi H1500;runtime_h;3–5;ч;https://robob2b.ru/catalog/mobilnye-roboty/logisticheskiy-amr-robot-ronavi-h1500/;интегратор;Время работы на одном заряде, час. 3-5;2026-09-23;"там же время заряда 1,3 ч; расходится с производителем (до 10 ч в окне 80->20%)";
5760e938-9a43-45a7-b8e8-f4f2e6383930;Ronavi H1500;service;"гарантия 1 год; сервис, запчасти и техподдержка в РФ";;https://ronavi-robotics.ru/catalogue/h1500;производитель;"Гарантия;1 год ... Полная сервисная поддержка, запасные части и техподдержка доступны локально";2026-09-15;;да
5760e938-9a43-45a7-b8e8-f4f2e6383930;Ronavi H1500;throughput;80–100;паллет/ч;Примеры_решений_типы_объектов.docx;организатор;Производительность: до 80–100 паллет/час (при типовой конфигурации зоны).;2026-09-15;"зависит от конфигурации зоны; у производителя не опубликовано";
5760e938-9a43-45a7-b8e8-f4f2e6383930;Ronavi H1500;trl;8;УГТ (1–9);catalog_export_v4.csv;организатор;УГТ: 8;2026-09-15;;
5760e938-9a43-45a7-b8e8-f4f2e6383930;Ronavi H1500;wms_integration;"открытое API; интеграция с WMS и MES";;https://ronavi-robotics.ru/catalogue/h1500;производитель;Интеграция с WMS (система управления складом) и MES ... Открытое API;2026-09-15;;да
3f2aaa1b-2237-4d7b-b215-1ac5ec789ed5;Ronavi SR;availability_status;operation;;catalog_export_v4.csv;организатор;статус: operation;2026-09-15;"operation = эксплуатация; piloting = пилот";
3f2aaa1b-2237-4d7b-b215-1ac5ec789ed5;Ronavi SR;case_reference;В подразделении ГК «Деловые Линии» (Новосибирск) внедрена автоматизированная система сортировки посылок весом до 30 кг. В результате производительность сортировки повышена в 1,5 раза, снижены трудоемкость и себестоимость работ.;;catalog_export_v4.csv;организатор;В подразделении ГК «Деловые Линии» (Новосибирск) внедрена автоматизированная система сортировки посылок весом до 30 кг. В результате производительность сортировки повышена в 1,5 раза, снижены трудоемк;2026-09-15;кейс из каталога организатора;
3f2aaa1b-2237-4d7b-b215-1ac5ec789ed5;Ronavi SR;charge_time_h;не найдено;;;нет источника;;2026-09-15;не найдено;
3f2aaa1b-2237-4d7b-b215-1ac5ec789ed5;Ronavi SR;connectivity;Wi-Fi 5 ГГц 802.11 a/c/n;;https://ronavi-robotics.ru/catalogue/sr;производитель;Вид беспроводной связи|Wi-Fi 5 ГГц 802.11 a/c/n;2026-09-15;;да
3f2aaa1b-2237-4d7b-b215-1ac5ec789ed5;Ronavi SR;conveyor_height_mm;200–1000;мм;https://ronavi-robotics.ru/catalogue/sr;производитель;Высота размещения конвейера/рольганга|от 200 до 1000 мм от пола;2026-09-15;;да
3f2aaa1b-2237-4d7b-b215-1ac5ec789ed5;Ronavi SR;country;Россия;;catalog_export_v4.csv;организатор;Регион: Москва;2026-09-15;страна выведена из российского региона в каталоге;
3f2aaa1b-2237-4d7b-b215-1ac5ec789ed5;Ronavi SR;dimensions_mm;590×810×870;мм;https://ronavi-robotics.ru/catalogue/sr;производитель;Габариты|590x810x870 мм;2026-09-15;порядок осей на сайте не указан;да
3f2aaa1b-2237-4d7b-b215-1ac5ec789ed5;Ronavi SR;manufacturer;"ООО ""Ронави Роботикс""";;catalog_export_v4.csv;организатор;"компания: ООО ""Ронави Роботикс""";2026-09-15;;
3f2aaa1b-2237-4d7b-b215-1ac5ec789ed5;Ronavi SR;max_speed_m_s;3;м/с;https://ronavi-robotics.ru/catalogue/sr;производитель;Максимальная скорость передвижения|3 м/с;2026-09-15;;да
3f2aaa1b-2237-4d7b-b215-1ac5ec789ed5;Ronavi SR;min_aisle_width_mm;690;мм;https://ronavi-robotics.ru/catalogue/sr;производитель;Минимальная ширина проезда|690 мм;2026-09-15;;да
3f2aaa1b-2237-4d7b-b215-1ac5ec789ed5;Ronavi SR;navigation_type;QR-метки;;https://ronavi-robotics.ru/catalogue/sr;производитель;Тип навигации|QR-метки;2026-09-15;;да
3f2aaa1b-2237-4d7b-b215-1ac5ec789ed5;Ronavi SR;payload_kg;50;кг;https://ronavi-robotics.ru/catalogue/sr;производитель;Грузоподъемность|50 кг;2026-09-15;;да
3f2aaa1b-2237-4d7b-b215-1ac5ec789ed5;Ronavi SR;positioning_accuracy_mm;не найдено;;;нет источника;;2026-09-15;не найдено;
3f2aaa1b-2237-4d7b-b215-1ac5ec789ed5;Ronavi SR;price_rub;950 000;₽;catalog_export_v4.csv;организатор;Цена изделия: 950 000,00;2026-09-15;"расходится цен между источниками: 600000 vs 950000 ₽; цена из каталога организатора";
3f2aaa1b-2237-4d7b-b215-1ac5ec789ed5;Ronavi SR;price_rub;от 600 000;₽;https://ronavi-robotics.ru/catalogue/sr;производитель;Цена за единицу при покупке от 100 шт. — от 600 000 ₽;2026-09-15;"расходится цен между источниками: 600000 vs 950000 ₽; при заказе от 100 шт.";да
3f2aaa1b-2237-4d7b-b215-1ac5ec789ed5;Ronavi SR;processes;Внутрискладская логистика / AMR;;catalog_export_v4.csv;организатор;Сценарий: Внутрискладская логистика;2026-09-15;;
3f2aaa1b-2237-4d7b-b215-1ac5ec789ed5;Ronavi SR;processes;сортировка посылок 0,1–30 кг (кейс «Деловые линии»), рост производительности ×1,5;;https://ronavi-robotics.ru/cases/delovye-linii-3pl;производитель;сортировки посылок до 30 кг ... повысив производительность процесса в 1,5 раза;2026-09-15;;
3f2aaa1b-2237-4d7b-b215-1ac5ec789ed5;Ronavi SR;raas_rental;покупка и аренда;;https://ronavi-robotics.ru/catalogue/sr;производитель;гибкие условия как на покупку, так и на аренду сортировочных роботов Ronavi SR;2026-09-15;;да
3f2aaa1b-2237-4d7b-b215-1ac5ec789ed5;Ronavi SR;robot_mass_kg;80;кг;https://ronavi-robotics.ru/catalogue/sr;производитель;Вес|80 кг;2026-09-15;;да
3f2aaa1b-2237-4d7b-b215-1ac5ec789ed5;Ronavi SR;runtime_h;16;ч;https://ronavi-robotics.ru/catalogue/sr;производитель;Время автономной работы (c 80% до 20%)|до 16 часов;2026-09-15;;да
3f2aaa1b-2237-4d7b-b215-1ac5ec789ed5;Ronavi SR;service;гарантия 1 год;;https://ronavi-robotics.ru/catalogue/sr;производитель;Гарантия|1 год;2026-09-15;;да
3f2aaa1b-2237-4d7b-b215-1ac5ec789ed5;Ronavi SR;throughput;до 1000;рабочих циклов/ч (на робота);https://stellmart.ru/logisticheskie-roboty/robot-sortirovshchik-ronavi-sr/;интегратор;Высокая производительность: До 1000 рабочих циклов в час.;2026-09-15;у производителя не найдено;
3f2aaa1b-2237-4d7b-b215-1ac5ec789ed5;Ronavi SR;trl;8;УГТ (1–9);catalog_export_v4.csv;организатор;УГТ: 8;2026-09-15;;
3f2aaa1b-2237-4d7b-b215-1ac5ec789ed5;Ronavi SR;wms_integration;интеграция с WMS, работа в рое, put wall;;https://ronavi-robotics.ru/catalogue/sr;производитель;работает как часть роя, интегрируется с WMS ... в схемах put wall;2026-09-15;;да
6f3da854-41da-4363-8496-5487f37c845a;Ronavi H2000;availability_status;operation;;catalog_export_v4.csv;организатор;статус: operation;2026-09-15;"operation = эксплуатация; piloting = пилот";
6f3da854-41da-4363-8496-5487f37c845a;Ronavi H2000;case_reference;На предприятии автопрома реализована компенсация конвейерного разрыва на базе AMR Ronavi H2000: синхронизированы производственные процессы, уменьшено количество пилотируемой техники на участке;;catalog_export_v4.csv;организатор;На предприятии автопрома реализована компенсация конвейерного разрыва на базе AMR Ronavi H2000: синхронизированы производственные процессы, уменьшено количество пилотируемой техники на участке;2026-09-15;кейс из каталога организатора;
6f3da854-41da-4363-8496-5487f37c845a;Ronavi H2000;charge_time_h;не найдено;;;нет источника;;2026-09-15;не найдено;
6f3da854-41da-4363-8496-5487f37c845a;Ronavi H2000;charging_infrastructure;станция Ronavi Charger, 450 000 ₽;;https://ronavi-robotics.ru/catalogue/charger;производитель;"автоматическая стыковка со всеми роботами Ronavi; 450 000 ₽";2026-09-15;;да
6f3da854-41da-4363-8496-5487f37c845a;Ronavi H2000;connectivity;Wi-Fi 5 ГГц 802.11 a/c/n;;https://ronavi-robotics.ru/catalogue/h2000;производитель;Вид беспроводной связи|Wi-Fi 5 ГГц 802.11 a/c/n;2026-09-15;;да
6f3da854-41da-4363-8496-5487f37c845a;Ronavi H2000;country;Россия;;catalog_export_v4.csv;организатор;Регион: Москва;2026-09-15;страна выведена из российского региона в каталоге;
6f3da854-41da-4363-8496-5487f37c845a;Ronavi H2000;dimensions_mm;1540×990×250;мм;https://ronavi-robotics.ru/catalogue/h2000;производитель;Габариты|1540х990х250 мм;2026-09-15;;да
6f3da854-41da-4363-8496-5487f37c845a;Ronavi H2000;manufacturer;"ООО ""Ронави Роботикс""";;catalog_export_v4.csv;организатор;"компания: ООО ""Ронави Роботикс""";2026-09-15;;
6f3da854-41da-4363-8496-5487f37c845a;Ronavi H2000;max_speed_m_s;1;м/с;https://ronavi-robotics.ru/catalogue/h2000;производитель;Максимальная скорость передвижения|1 м/с;2026-09-15;;да
6f3da854-41da-4363-8496-5487f37c845a;Ronavi H2000;min_aisle_width_mm;1190;мм;https://ronavi-robotics.ru/catalogue/h2000;производитель;Минимальная ширина проезда|1190 мм;2026-09-15;;да
6f3da854-41da-4363-8496-5487f37c845a;Ronavi H2000;navigation_type;QR-метки + SLAM;;https://ronavi-robotics.ru/catalogue/h2000;производитель;Тип навигации|QR-метки и SLAM (локализация и построение карты);2026-09-15;;да
6f3da854-41da-4363-8496-5487f37c845a;Ronavi H2000;operating_conditions;режим 24/7, производственный цех;;https://ronavi-robotics.ru/catalogue/h2000;производитель;Перевозка грузов до 2 тонн в режиме 24/7;2026-09-15;;да
6f3da854-41da-4363-8496-5487f37c845a;Ronavi H2000;payload_kg;2000;кг;https://ronavi-robotics.ru/catalogue/h2000;производитель;Грузоподъемность|2000 кг;2026-09-15;;да
6f3da854-41da-4363-8496-5487f37c845a;Ronavi H2000;positioning_accuracy_mm;не найдено;;;нет источника;;2026-09-15;не найдено;
6f3da854-41da-4363-8496-5487f37c845a;Ronavi H2000;price_rub;2 640 000;₽;catalog_export_v4.csv;организатор;Цена изделия: 2 640 000,00;2026-09-15;цена из каталога организатора;
6f3da854-41da-4363-8496-5487f37c845a;Ronavi H2000;price_rub;от 2 805 000;₽;https://ronavi-robotics.ru/catalogue/h2000;производитель;Цена за единицу при покупке от 100 шт. — от 2 805 000 ₽;2026-09-15;при заказе от 100 шт.;да
6f3da854-41da-4363-8496-5487f37c845a;Ronavi H2000;processes;Внутрискладская логистика / AMR;;catalog_export_v4.csv;организатор;Сценарий: Внутрискладская логистика;2026-09-15;;
6f3da854-41da-4363-8496-5487f37c845a;Ronavi H2000;raas_rental;аренда для пилотов и сезонных задач, оплата за использование;;https://ronavi-robotics.ru/catalogue/h2000;производитель;гибкую аренду роботов для пилотных проектов и сезонных задач;2026-09-15;;да
6f3da854-41da-4363-8496-5487f37c845a;Ronavi H2000;robot_mass_kg;320;кг;https://ronavi-robotics.ru/catalogue/h2000;производитель;Вес|320 кг;2026-09-15;;да
6f3da854-41da-4363-8496-5487f37c845a;Ronavi H2000;runtime_h;10;ч;https://ronavi-robotics.ru/catalogue/h2000;производитель;Время автономной работы (c 80% до 20%)|до 10 часов;2026-09-15;;да
6f3da854-41da-4363-8496-5487f37c845a;Ronavi H2000;throughput;не найдено;;;нет источника;;2026-09-15;не найдено;
6f3da854-41da-4363-8496-5487f37c845a;Ronavi H2000;trl;8;УГТ (1–9);catalog_export_v4.csv;организатор;УГТ: 8;2026-09-15;;
6f3da854-41da-4363-8496-5487f37c845a;Ronavi H2000;wms_integration;открытое API, WMS/MES;;https://ronavi-robotics.ru/catalogue/h2000;производитель;Интеграция возможна с любыми WMS/MES-системами ... через открытое API;2026-09-15;;да
66d8e7ad-cdcd-4287-afb0-e2afa9ef5217;Ronavi SD;availability_status;piloting;;catalog_export_v4.csv;организатор;статус: piloting;2026-09-15;"operation = эксплуатация; piloting = пилот";
66d8e7ad-cdcd-4287-afb0-e2afa9ef5217;Ronavi SD;case_reference;Изготовлен и испытан промышленный образец с опрокидываемым ковшом, для компактной и гибкой подиумной сортировки;;catalog_export_v4.csv;организатор;Изготовлен и испытан промышленный образец с опрокидываемым ковшом, для компактной и гибкой подиумной сортировки;2026-09-15;кейс из каталога организатора;
66d8e7ad-cdcd-4287-afb0-e2afa9ef5217;Ronavi SD;charge_time_h;не найдено;;;нет источника;;2026-09-15;не найдено;
66d8e7ad-cdcd-4287-afb0-e2afa9ef5217;Ronavi SD;connectivity;Wi-Fi 5 ГГц 802.11 a/c/n;;https://ronavi-robotics.ru/catalogue/sd;производитель;Вид беспроводной связи|Wi-Fi 5 ГГц 802.11 a/c/n;2026-09-15;;да
66d8e7ad-cdcd-4287-afb0-e2afa9ef5217;Ronavi SD;country;Россия;;catalog_export_v4.csv;организатор;Регион: Москва;2026-09-15;страна выведена из российского региона в каталоге;
66d8e7ad-cdcd-4287-afb0-e2afa9ef5217;Ronavi SD;dimensions_mm;420×400×200;мм (Д×Ш×В);Примеры_решений_типы_объектов.docx;организатор;Габариты (ДхШхВ): 420x400x200 мм.;2026-09-15;;
66d8e7ad-cdcd-4287-afb0-e2afa9ef5217;Ronavi SD;dimensions_mm;420×400×200;мм (Д×Ш×В);https://ronavi-robotics.ru/catalogue/sd;производитель;Габариты|420x400x200 мм;2026-09-15;;да
66d8e7ad-cdcd-4287-afb0-e2afa9ef5217;Ronavi SD;manufacturer;"ООО ""Ронави Роботикс""";;catalog_export_v4.csv;организатор;"компания: ООО ""Ронави Роботикс""";2026-09-15;;
66d8e7ad-cdcd-4287-afb0-e2afa9ef5217;Ronavi SD;max_speed_m_s;2.5;м/с;Примеры_решений_типы_объектов.docx;организатор;Максимальная скорость: до 2,5 м/с.;2026-09-15;;
66d8e7ad-cdcd-4287-afb0-e2afa9ef5217;Ronavi SD;max_speed_m_s;2.5;м/с;https://ronavi-robotics.ru/catalogue/sd;производитель;Максимальная скорость передвижения|2.5 м/с;2026-09-15;;да
66d8e7ad-cdcd-4287-afb0-e2afa9ef5217;Ronavi SD;min_aisle_width_mm;700;мм;Примеры_решений_типы_объектов.docx;организатор;Минимальная ширина проезда: около 700 мм.;2026-09-15;расходится: сайт производителя - 500 мм;
66d8e7ad-cdcd-4287-afb0-e2afa9ef5217;Ronavi SD;min_aisle_width_mm;500;мм;https://ronavi-robotics.ru/catalogue/sd;производитель;Минимальная ширина проезда|500 мм;2026-09-15;расходится: файл организатора - около 700 мм;да
66d8e7ad-cdcd-4287-afb0-e2afa9ef5217;Ronavi SD;min_aisle_width_mm;500;мм;https://stellmart.ru/logisticheskie-roboty/sortirovochnii-robot-ronavi-sd/;интегратор;Минимальная ширина проезда: 500 мм;2026-09-23;сходится с производителем;
66d8e7ad-cdcd-4287-afb0-e2afa9ef5217;Ronavi SD;min_aisle_width_mm;700;мм;https://robob2b.ru/catalog/mobilnye-roboty/sortirovochnyy-logisticheskiy-amr-robot-ronavi-sd-s-otkidnoy-kryshkoy/;интегратор;Минимальная ширина проезда, мм: 700;2026-09-23;"вероятный источник цифры организатора; в этой карточке и габариты другие (480x400 против 420x400 у производителя), похоже на старую версию; устарело: старая карточка дилера: габариты не совпадают с текущими у производителя";устарело
66d8e7ad-cdcd-4287-afb0-e2afa9ef5217;Ronavi SD;navigation_type;QR-метки;;Примеры_решений_типы_объектов.docx;организатор;Тип навигации: QR-метки.;2026-09-15;;
66d8e7ad-cdcd-4287-afb0-e2afa9ef5217;Ronavi SD;navigation_type;QR-метки;;https://ronavi-robotics.ru/catalogue/sd;производитель;Тип навигации|QR-метки;2026-09-15;;да
66d8e7ad-cdcd-4287-afb0-e2afa9ef5217;Ronavi SD;payload_kg;10;кг;Примеры_решений_типы_объектов.docx;организатор;Грузоподъёмность: до 10 кг.;2026-09-15;;
66d8e7ad-cdcd-4287-afb0-e2afa9ef5217;Ronavi SD;payload_kg;10;кг;https://ronavi-robotics.ru/catalogue/sd;производитель;Грузоподъемность|10 кг;2026-09-15;;да
66d8e7ad-cdcd-4287-afb0-e2afa9ef5217;Ronavi SD;positioning_accuracy_mm;±3;мм;Примеры_решений_типы_объектов.docx;организатор;Точность позиционирования: порядка ±3 мм.;2026-09-15;сайт производителя: «с точностью до миллиметра» (качественно);
66d8e7ad-cdcd-4287-afb0-e2afa9ef5217;Ronavi SD;price_rub;1 400 000;₽;catalog_export_v4.csv;организатор;Цена изделия: 1 400 000,00;2026-09-15;"расходится цен между источниками: 360000 vs 1400000 ₽; цена из каталога организатора";
66d8e7ad-cdcd-4287-afb0-e2afa9ef5217;Ronavi SD;price_rub;от 360 000;₽;https://ronavi-robotics.ru/catalogue/sd;производитель;Цена за единицу при покупке от 100 шт. — от 360 000 ₽;2026-09-15;"расходится цен между источниками: 360000 vs 1400000 ₽; при заказе от 100 шт.";да
66d8e7ad-cdcd-4287-afb0-e2afa9ef5217;Ronavi SD;processes;Внутрискладская логистика / AMR;;catalog_export_v4.csv;организатор;Сценарий: Внутрискладская логистика;2026-09-15;;
66d8e7ad-cdcd-4287-afb0-e2afa9ef5217;Ronavi SD;robot_mass_kg;20;кг;Примеры_решений_типы_объектов.docx;организатор;Масса робота: 20 кг.;2026-09-15;;
66d8e7ad-cdcd-4287-afb0-e2afa9ef5217;Ronavi SD;robot_mass_kg;20;кг;https://ronavi-robotics.ru/catalogue/sd;производитель;Вес|20 кг;2026-09-15;;да
66d8e7ad-cdcd-4287-afb0-e2afa9ef5217;Ronavi SD;runtime_h;10;ч;Примеры_решений_типы_объектов.docx;организатор;Время работы: до 10 часов.;2026-09-15;;
66d8e7ad-cdcd-4287-afb0-e2afa9ef5217;Ronavi SD;runtime_h;10;ч;https://ronavi-robotics.ru/catalogue/sd;производитель;Время автономной работы (c 80% до 20%)|до 10 часов;2026-09-15;;да
66d8e7ad-cdcd-4287-afb0-e2afa9ef5217;Ronavi SD;runtime_h;5;ч;https://www.cemat-russia.ru/news/ronavi-robotics-luchshiy-rossiyskiy-proizvoditel-logisticheskikh-robotov/;СМИ;SD работает автономно до пяти часов;2026-09-15;"расходится с сайтом производителя и файлом организатора (10 ч); возможно, иная комплектация модулей";
66d8e7ad-cdcd-4287-afb0-e2afa9ef5217;Ronavi SD;service;гарантия 1 год;;https://ronavi-robotics.ru/catalogue/sd;производитель;Гарантия|1 год;2026-09-15;;да
66d8e7ad-cdcd-4287-afb0-e2afa9ef5217;Ronavi SD;throughput;не найдено;;;нет источника;;2026-09-15;не найдено;
66d8e7ad-cdcd-4287-afb0-e2afa9ef5217;Ronavi SD;trl;8;УГТ (1–9);catalog_export_v4.csv;организатор;УГТ: 8;2026-09-15;;
66d8e7ad-cdcd-4287-afb0-e2afa9ef5217;Ronavi SD;wms_integration;интеграция с ТСД и WMS;;https://ronavi-robotics.ru/catalogue/sd;производитель;Интеграция с ТСД и системой управления складом;2026-09-15;;да
dcfd9975-81eb-49b5-a422-827a720ba582;Ronavi M;availability_status;piloting;;catalog_export_v4.csv;организатор;статус: piloting;2026-09-15;"operation = эксплуатация; piloting = пилот";
dcfd9975-81eb-49b5-a422-827a720ba582;Ronavi M;case_reference;Бесподвесочный логистический робот с поворотным кругом для транспортировки мобильных стеллажей и столиков разработан и испытан, готов к серийному производству;;catalog_export_v4.csv;организатор;Бесподвесочный логистический робот с поворотным кругом для транспортировки мобильных стеллажей и столиков разработан и испытан, готов к серийному производству;2026-09-15;кейс из каталога организатора;
dcfd9975-81eb-49b5-a422-827a720ba582;Ronavi M;charge_time_h;не найдено;;;нет источника;;2026-09-15;не найдено;
dcfd9975-81eb-49b5-a422-827a720ba582;Ronavi M;connectivity;Wi-Fi 5 ГГц 802.11 a/c/n;;https://ronavi-robotics.ru/catalogue/m;производитель;Вид беспроводной связи|Wi-Fi 5 ГГц 802.11 a/c/n;2026-09-15;;да
dcfd9975-81eb-49b5-a422-827a720ba582;Ronavi M;country;Россия;;catalog_export_v4.csv;организатор;Регион: Москва;2026-09-15;страна выведена из российского региона в каталоге;
dcfd9975-81eb-49b5-a422-827a720ba582;Ronavi M;dimensions_mm;960×660×335;мм;https://ronavi-robotics.ru/catalogue/m;производитель;Габариты|960x660xx335 мм;2026-09-15;опечатка «xx» на сайте;да
dcfd9975-81eb-49b5-a422-827a720ba582;Ronavi M;manufacturer;"ООО ""Ронави Роботикс""";;catalog_export_v4.csv;организатор;"компания: ООО ""Ронави Роботикс""";2026-09-15;;
dcfd9975-81eb-49b5-a422-827a720ba582;Ronavi M;max_speed_m_s;2.5;м/с;https://ronavi-robotics.ru/catalogue/m;производитель;Максимальная скорость передвижения|2.5 м/с;2026-09-15;;да
dcfd9975-81eb-49b5-a422-827a720ba582;Ronavi M;min_aisle_width_mm;760;мм;https://ronavi-robotics.ru/catalogue/m;производитель;Минимальная ширина проезда|760 мм;2026-09-15;на той же странице в FAQ - 800 мм (расхождение ~5%);да
dcfd9975-81eb-49b5-a422-827a720ba582;Ronavi M;min_aisle_width_mm;800;мм;https://ronavi-robotics.ru/catalogue/m;производитель;минимальную ширину проезда 800 мм и зоны для подзарядки;2026-09-15;расхождение с таблицей ТТХ (760 мм) на той же странице;да
dcfd9975-81eb-49b5-a422-827a720ba582;Ronavi M;navigation_type;QR-метки + SLAM;;https://ronavi-robotics.ru/catalogue/m;производитель;Тип навигации|QR-метки и SLAM;2026-09-15;;да
dcfd9975-81eb-49b5-a422-827a720ba582;Ronavi M;operating_conditions;ровное твёрдое покрытие (бетон, асфальт), перепады до 10 мм;;https://ronavi-robotics.ru/catalogue/m;производитель;ровное твердое покрытие (бетон, асфальт) ... неровных покрытиях (перепады до 10 мм);2026-09-15;;да
dcfd9975-81eb-49b5-a422-827a720ba582;Ronavi M;payback;2–24;мес;https://ronavi-robotics.ru/catalogue/m;производитель;Окупаемость проекта обычно составляет от 2 до 24 месяцев;2026-09-15;оценка производителя;да
dcfd9975-81eb-49b5-a422-827a720ba582;Ronavi M;payload_kg;1200;кг;https://ronavi-robotics.ru/catalogue/m;производитель;Грузоподъемность|1200 кг;2026-09-15;;да
dcfd9975-81eb-49b5-a422-827a720ba582;Ronavi M;positioning_accuracy_mm;±20;мм;https://ronavi-robotics.ru/catalogue/m;производитель;обеспечивать точную стыковку со стеллажами с точностью до ±20 мм;2026-09-15;точность стыковки со стеллажом;да
dcfd9975-81eb-49b5-a422-827a720ba582;Ronavi M;price_rub;2 400 000;₽;catalog_export_v4.csv;организатор;Цена изделия: 2 400 000,00;2026-09-15;"расходится цен между источниками: 1785000 vs 2400000 ₽; цена из каталога организатора";
dcfd9975-81eb-49b5-a422-827a720ba582;Ronavi M;price_rub;от 1 785 000;₽;https://ronavi-robotics.ru/catalogue/m;производитель;Цена за единицу при покупке от 100 шт. — от 1 785 000 ₽;2026-09-15;"расходится цен между источниками: 1785000 vs 2400000 ₽; при заказе от 100 шт.";да
dcfd9975-81eb-49b5-a422-827a720ba582;Ronavi M;processes;Внутрискладская логистика / AMR;;catalog_export_v4.csv;организатор;Сценарий: Внутрискладская логистика;2026-09-15;;
dcfd9975-81eb-49b5-a422-827a720ba582;Ronavi M;raas_rental;"пилот 1–2 робота до 3 мес; RaaS с обслуживанием; покупка";;https://ronavi-robotics.ru/catalogue/m;производитель;Аренда (RaaS): долгосрочная аренда роботов с полным обслуживанием и обновлением программного обеспечения;2026-09-15;;да
dcfd9975-81eb-49b5-a422-827a720ba582;Ronavi M;robot_mass_kg;200;кг;https://ronavi-robotics.ru/catalogue/m;производитель;Вес|200 кг;2026-09-15;;да
dcfd9975-81eb-49b5-a422-827a720ba582;Ronavi M;runtime_h;8;ч;https://ronavi-robotics.ru/catalogue/m;производитель;Время автономной работы (c 80% до 20%)|до 8 часов;2026-09-15;;да
dcfd9975-81eb-49b5-a422-827a720ba582;Ronavi M;throughput;не найдено;;;нет источника;;2026-09-15;не найдено;
dcfd9975-81eb-49b5-a422-827a720ba582;Ronavi M;trl;7;УГТ (1–9);catalog_export_v4.csv;организатор;УГТ: 7;2026-09-15;;
dcfd9975-81eb-49b5-a422-827a720ba582;Ronavi M;wms_integration;"открытое API; 1С, SAP, Oracle; RMS получает задания от WMS";;https://ronavi-robotics.ru/catalogue/m;производитель;совместимость с большинством популярных WMS-систем (1С, SAP, Oracle и другие);2026-09-15;;да
89ffd69f-f07b-4bf2-8023-1fd765a2b6ff;AMR 100 (МОРОС);availability_status;operation;;catalog_export_v4.csv;организатор;статус: operation;2026-09-15;"operation = эксплуатация; piloting = пилот";
89ffd69f-f07b-4bf2-8023-1fd765a2b6ff;AMR 100 (МОРОС);case_reference;Более 40 AMR100 с двумя типами оснасток в составе действующей роботизированной линии СООО «Белвест». Перемещение грузов по территории цеха осуществляется исключительно с помощью мобильных роботов без участия человека. Сложная маршрутная карта насчитывает сотни перекрестков и тысячи различных вариаци;;catalog_export_v4.csv;организатор;Более 40 AMR100 с двумя типами оснасток в составе действующей роботизированной линии СООО «Белвест». Перемещение грузов по территории цеха осуществляется исключительно с помощью мобильных роботов без ;2026-09-15;кейс из каталога организатора;
89ffd69f-f07b-4bf2-8023-1fd765a2b6ff;AMR 100 (МОРОС);charge_time_h;не найдено;;;нет источника;;2026-09-15;не найдено;
89ffd69f-f07b-4bf2-8023-1fd765a2b6ff;AMR 100 (МОРОС);charging_infrastructure;автоматическая док-станция / ручная зарядка;;https://xn--l1aeahg.xn--p1ai/amr-100/;производитель;Способ зарядки|Автоматическая док-станция / ручная зарядка;2026-09-15;;да
89ffd69f-f07b-4bf2-8023-1fd765a2b6ff;AMR 100 (МОРОС);country;Россия;;catalog_export_v4.csv;организатор;Регион: Москва;2026-09-15;страна выведена из российского региона в каталоге;
89ffd69f-f07b-4bf2-8023-1fd765a2b6ff;AMR 100 (МОРОС);dimensions_mm;600×400×220;мм (Д×Ш×В);https://xn--l1aeahg.xn--p1ai/amr-100/;производитель;Габаритные размеры (Д×Ш×В)|600 × 400 × 220 мм;2026-09-15;расходится: prommoscow - 47×45×30 см;да
89ffd69f-f07b-4bf2-8023-1fd765a2b6ff;AMR 100 (МОРОС);dimensions_mm;470×450×300;мм;https://prommoscow.info/factories/mobile-robots-moros;СМИ;размером с большую сумку (47×45×30 см);2026-09-15;"расходится с сайтом производителя; устарело: прежняя версия робота: другие габариты и скорость";устарело
89ffd69f-f07b-4bf2-8023-1fd765a2b6ff;AMR 100 (МОРОС);manufacturer;"ООО ""Морос""";;catalog_export_v4.csv;организатор;"компания: ООО ""Морос""";2026-09-15;;
89ffd69f-f07b-4bf2-8023-1fd765a2b6ff;AMR 100 (МОРОС);max_speed_m_s;3;м/с;https://xn--l1aeahg.xn--p1ai/amr-100/;производитель;Скорость перемещения|3 м/с;2026-09-15;расходится: prommoscow - 0,8 м/с;да
89ffd69f-f07b-4bf2-8023-1fd765a2b6ff;AMR 100 (МОРОС);max_speed_m_s;0.8;м/с;https://prommoscow.info/factories/mobile-robots-moros;СМИ;Везет до 90 кг со скоростью 0,8 м/с;2026-09-15;"расходится с сайтом производителя; устарело: прежняя версия робота: другие габариты и скорость";устарело
89ffd69f-f07b-4bf2-8023-1fd765a2b6ff;AMR 100 (МОРОС);min_aisle_width_mm;не найдено;;;нет источника;;2026-09-15;не найдено;
89ffd69f-f07b-4bf2-8023-1fd765a2b6ff;AMR 100 (МОРОС);navigation_type;"движение по заданной траектории; энкодеры + лидар";;https://xn--l1aeahg.xn--p1ai/amr-100/;производитель;Движение по заданной траектории ... Использование энкодеров, датчиков препятствий (Lidar).;2026-09-15;тип навигации явно (QR/SLAM) не указан;да
89ffd69f-f07b-4bf2-8023-1fd765a2b6ff;AMR 100 (МОРОС);operating_conditions;"+5…+40 °C; IP54 опционально";;https://xn--l1aeahg.xn--p1ai/amr-100/;производитель;Рабочая температура: от +5°C до +40°C. Защита от пыли и влаги (по желанию – IP54 и выше);2026-09-15;;да
89ffd69f-f07b-4bf2-8023-1fd765a2b6ff;AMR 100 (МОРОС);payload_kg;100;кг;catalog_export_v4.csv;организатор;AMR 100 (грузоподъемность до 100 кг);2026-09-15;расходится с сайтом производителя (150 кг);
89ffd69f-f07b-4bf2-8023-1fd765a2b6ff;AMR 100 (МОРОС);payload_kg;150;кг;https://xn--l1aeahg.xn--p1ai/amr-100/;производитель;Грузоподъемность|До 150 кг;2026-09-15;"расходится: в названии каталога организатора «до 100 кг»; prommoscow - до 90 кг";да
89ffd69f-f07b-4bf2-8023-1fd765a2b6ff;AMR 100 (МОРОС);payload_kg;90;кг;https://prommoscow.info/factories/mobile-robots-moros;СМИ;Везет до 90 кг со скоростью 0,8 м/с;2026-09-15;"расходится ; вероятно, устаревшие данные; проверка 2026-09-23: у prommoscow другие габариты (47x45x30 см) и скорость (0,8 м/с), это прежняя версия робота; устарело: прежняя версия робота: другие габариты и скорость";устарело
89ffd69f-f07b-4bf2-8023-1fd765a2b6ff;AMR 100 (МОРОС);positioning_accuracy_mm;±10;мм;https://xn--l1aeahg.xn--p1ai/amr-100/;производитель;Точность позиционирования|±10 мм;2026-09-15;;да
89ffd69f-f07b-4bf2-8023-1fd765a2b6ff;AMR 100 (МОРОС);price_rub;1 500 000;₽;catalog_export_v4.csv;организатор;Цена изделия: 1 500 000,00;2026-09-15;цена из каталога организатора;
89ffd69f-f07b-4bf2-8023-1fd765a2b6ff;AMR 100 (МОРОС);processes;Внутрискладская логистика / AMR;;catalog_export_v4.csv;организатор;Сценарий: Внутрискладская логистика;2026-09-15;;
89ffd69f-f07b-4bf2-8023-1fd765a2b6ff;AMR 100 (МОРОС);robot_mass_kg;25;кг;https://xn--l1aeahg.xn--p1ai/amr-100/;производитель;Масса|25 кг;2026-09-15;;да
89ffd69f-f07b-4bf2-8023-1fd765a2b6ff;AMR 100 (МОРОС);runtime_h;20 (ср. нагрузка) / 10 (макс.);ч;https://xn--l1aeahg.xn--p1ai/amr-100/;производитель;Время работы|20 часов (при средних нагрузках) 10 часов (при максимальных нагрузках);2026-09-15;;да
89ffd69f-f07b-4bf2-8023-1fd765a2b6ff;AMR 100 (МОРОС);runtime_h;18;ч;https://prommoscow.info/factories/mobile-robots-moros;СМИ;Работает до 18 часов без подзарядки.;2026-09-15;"в пределах диапазона 10–20 ч производителя; устарело: прежняя версия робота: другие габариты и скорость";устарело
89ffd69f-f07b-4bf2-8023-1fd765a2b6ff;AMR 100 (МОРОС);throughput;не найдено;;;нет источника;;2026-09-15;не найдено;
89ffd69f-f07b-4bf2-8023-1fd765a2b6ff;AMR 100 (МОРОС);trl;9;УГТ (1–9);catalog_export_v4.csv;организатор;УГТ: 9;2026-09-15;;
89ffd69f-f07b-4bf2-8023-1fd765a2b6ff;AMR 100 (МОРОС);wms_integration;"API; интеграция с MES; удалённый мониторинг";;https://xn--l1aeahg.xn--p1ai/amr-100/;производитель;Поддержка API для интеграции с промышленными системами.;2026-09-15;;да
5ec66969-8fcc-47b3-b517-a9c29372fffe;AMR 800 (МОРОС);availability_status;operation;;catalog_export_v4.csv;организатор;статус: operation;2026-09-15;"operation = эксплуатация; piloting = пилот";
5ec66969-8fcc-47b3-b517-a9c29372fffe;AMR 800 (МОРОС);case_reference;27 роботов AMR800 с различными типами оснастки протестированы на складах крупных e-commerce компаний. Подтверждено соответствие роботов заявленным характеристикам, а также продемонстрирована стабильность работы аппаратной и программной частей.  Кроме того, подтверждены эффективность роботизации скла;;catalog_export_v4.csv;организатор;27 роботов AMR800 с различными типами оснастки протестированы на складах крупных e-commerce компаний. Подтверждено соответствие роботов заявленным характеристикам, а также продемонстрирована стабильно;2026-09-15;кейс из каталога организатора;
5ec66969-8fcc-47b3-b517-a9c29372fffe;AMR 800 (МОРОС);charge_time_h;не найдено;;;нет источника;;2026-09-15;не найдено;
5ec66969-8fcc-47b3-b517-a9c29372fffe;AMR 800 (МОРОС);charging_infrastructure;"авто док-станция / ручная зарядка 1-ф 220 В 10 А; LiFePO4";;https://xn--l1aeahg.xn--p1ai/amr-800/;производитель;Способ зарядки|Автоматическая док-станция / ручная зарядка|Ручная зарядка|1-ф 220В, 10A;2026-09-15;;да
5ec66969-8fcc-47b3-b517-a9c29372fffe;AMR 800 (МОРОС);country;Россия;;catalog_export_v4.csv;организатор;Регион: Москва;2026-09-15;страна выведена из российского региона в каталоге;
5ec66969-8fcc-47b3-b517-a9c29372fffe;AMR 800 (МОРОС);dimensions_mm;940×640×230;мм (Д×Ш×В);https://xn--l1aeahg.xn--p1ai/amr-800/;производитель;Габаритные размеры (Д×Ш×В)|940 × 640 × 230 мм;2026-09-15;;да
5ec66969-8fcc-47b3-b517-a9c29372fffe;AMR 800 (МОРОС);manufacturer;"ООО ""Морос""";;catalog_export_v4.csv;организатор;"компания: ООО ""Морос""";2026-09-15;;
5ec66969-8fcc-47b3-b517-a9c29372fffe;AMR 800 (МОРОС);max_speed_m_s;2;м/с;https://xn--l1aeahg.xn--p1ai/amr-800/;производитель;Скорость перемещения|2 м/с;2026-09-15;расходится: prommoscow - до 2,5 м/с;да
5ec66969-8fcc-47b3-b517-a9c29372fffe;AMR 800 (МОРОС);max_speed_m_s;2.5;м/с;https://prommoscow.info/factories/mobile-robots-moros;СМИ;Берет на борт до 800 кг, разгоняется до 2,5 м/с;2026-09-15;"расходится с сайтом производителя (2 м/с); устарело: прежняя версия робота: другие габариты и скорость";устарело
5ec66969-8fcc-47b3-b517-a9c29372fffe;AMR 800 (МОРОС);min_aisle_width_mm;не найдено;;;нет источника;;2026-09-15;не найдено;
5ec66969-8fcc-47b3-b517-a9c29372fffe;AMR 800 (МОРОС);navigation_type;QR-метки + SLAM;;https://xn--l1aeahg.xn--p1ai/amr-800/;производитель;Способы навигации|QR-метки, SLAM;2026-09-15;;да
5ec66969-8fcc-47b3-b517-a9c29372fffe;AMR 800 (МОРОС);operating_conditions;"+5…+40 °C; IP54 опционально";;https://xn--l1aeahg.xn--p1ai/amr-800/;производитель;Рабочая температура: от +5°C до +40°C;2026-09-15;;да
5ec66969-8fcc-47b3-b517-a9c29372fffe;AMR 800 (МОРОС);payload_kg;800;кг;https://xn--l1aeahg.xn--p1ai/amr-800/;производитель;Грузоподъемность|800 кг;2026-09-15;;да
5ec66969-8fcc-47b3-b517-a9c29372fffe;AMR 800 (МОРОС);positioning_accuracy_mm;±10;мм;https://xn--l1aeahg.xn--p1ai/amr-800/;производитель;Точность позиционирования|±10 мм;2026-09-15;;да
5ec66969-8fcc-47b3-b517-a9c29372fffe;AMR 800 (МОРОС);price_rub;1 800 000;₽;catalog_export_v4.csv;организатор;Цена изделия: 1 800 000,00;2026-09-15;цена из каталога организатора;
5ec66969-8fcc-47b3-b517-a9c29372fffe;AMR 800 (МОРОС);processes;Внутрискладская логистика / AMR;;catalog_export_v4.csv;организатор;Сценарий: Внутрискладская логистика;2026-09-15;;
5ec66969-8fcc-47b3-b517-a9c29372fffe;AMR 800 (МОРОС);robot_mass_kg;150;кг;https://xn--l1aeahg.xn--p1ai/amr-800/;производитель;Масса|150 кг;2026-09-15;;да
5ec66969-8fcc-47b3-b517-a9c29372fffe;AMR 800 (МОРОС);runtime_h;24 (ср. нагрузка) / 14 (макс.);ч;https://xn--l1aeahg.xn--p1ai/amr-800/;производитель;Время работы|24 часа (при средних нагрузках) 14 часов (при максимальных нагрузках);2026-09-15;;да
5ec66969-8fcc-47b3-b517-a9c29372fffe;AMR 800 (МОРОС);runtime_h;24;ч;https://prommoscow.info/factories/mobile-robots-moros;СМИ;работает 24 часа;2026-09-15;"совпадает с производителем; устарело: прежняя версия робота: другие габариты и скорость";устарело
5ec66969-8fcc-47b3-b517-a9c29372fffe;AMR 800 (МОРОС);throughput;не найдено;;;нет источника;;2026-09-15;не найдено;
5ec66969-8fcc-47b3-b517-a9c29372fffe;AMR 800 (МОРОС);trl;9;УГТ (1–9);catalog_export_v4.csv;организатор;УГТ: 9;2026-09-15;;
5ec66969-8fcc-47b3-b517-a9c29372fffe;AMR 800 (МОРОС);wms_integration;"интеграция с MES и WMS; API";;https://xn--l1aeahg.xn--p1ai/amr-800/;производитель;Интеграция с MES и WMS-системами для полной автоматизации логистических процессов.;2026-09-15;;да
7d5a76d2-7bf3-4a40-b6f7-64590d4d9273;AMR 1500 (МОРОС);availability_status;piloting;;catalog_export_v4.csv;организатор;статус: piloting;2026-09-15;"operation = эксплуатация; piloting = пилот";
7d5a76d2-7bf3-4a40-b6f7-64590d4d9273;AMR 1500 (МОРОС);case_reference;В Центре испытаний робототехники в Сколково подтверждены заявленные ТТХ, в т.ч.: • точность навигации и маневрирования в ограниченном пространстве • способность распознавать препятствия и безопасно их объезжать • работу алгоритмов маршрутизации и оптимизации пути • скорость и точность выполнения зад;;catalog_export_v4.csv;организатор;В Центре испытаний робототехники в Сколково подтверждены заявленные ТТХ, в т.ч.: • точность навигации и маневрирования в ограниченном пространстве • способность распознавать препятствия и безопасно их;2026-09-15;кейс из каталога организатора;
7d5a76d2-7bf3-4a40-b6f7-64590d4d9273;AMR 1500 (МОРОС);charge_time_h;не найдено;;;нет источника;;2026-09-15;не найдено;
7d5a76d2-7bf3-4a40-b6f7-64590d4d9273;AMR 1500 (МОРОС);charging_infrastructure;автоматическая док-станция / ручная зарядка;;https://xn--l1aeahg.xn--p1ai/amr-1500/;производитель;Способ зарядки|Автоматическая док-станция / ручная зарядка;2026-09-15;;да
7d5a76d2-7bf3-4a40-b6f7-64590d4d9273;AMR 1500 (МОРОС);country;Россия;;catalog_export_v4.csv;организатор;Регион: Москва;2026-09-15;страна выведена из российского региона в каталоге;
7d5a76d2-7bf3-4a40-b6f7-64590d4d9273;AMR 1500 (МОРОС);dimensions_mm;1100×600×230;мм;catalog_export_v4.csv;организатор;компактными габаритами – 1100×600×230 мм;2026-09-15;расхождение с сайтом производителя (1080×640×230);
7d5a76d2-7bf3-4a40-b6f7-64590d4d9273;AMR 1500 (МОРОС);dimensions_mm;1080×640×230;мм (Д×Ш×В);https://xn--l1aeahg.xn--p1ai/amr-1500/;производитель;Габаритные размеры (Д×Ш×В)|1080× 640 × 230 мм;2026-09-15;расхождение с каталогом организатора (1100×600×230) в пределах ~6%;да
7d5a76d2-7bf3-4a40-b6f7-64590d4d9273;AMR 1500 (МОРОС);manufacturer;"ООО ""Морос""";;catalog_export_v4.csv;организатор;"компания: ООО ""Морос""";2026-09-15;;
7d5a76d2-7bf3-4a40-b6f7-64590d4d9273;AMR 1500 (МОРОС);max_speed_m_s;1.5;м/с;catalog_export_v4.csv;организатор;развивает скорость до 1,5 м/с;2026-09-15;;
7d5a76d2-7bf3-4a40-b6f7-64590d4d9273;AMR 1500 (МОРОС);max_speed_m_s;1.5;м/с;https://xn--l1aeahg.xn--p1ai/amr-1500/;производитель;Скорость перемещения|1,5 м/с;2026-09-15;;да
7d5a76d2-7bf3-4a40-b6f7-64590d4d9273;AMR 1500 (МОРОС);min_aisle_width_mm;680;мм;catalog_export_v4.csv;организатор;способен перемещаться в проездах шириной от 680 мм;2026-09-15;на сайте производителя не найдено;
7d5a76d2-7bf3-4a40-b6f7-64590d4d9273;AMR 1500 (МОРОС);navigation_type;QR-метки + SLAM;;https://xn--l1aeahg.xn--p1ai/amr-1500/;производитель;Способы навигации|QR-метки, SLAM;2026-09-15;;да
7d5a76d2-7bf3-4a40-b6f7-64590d4d9273;AMR 1500 (МОРОС);operating_conditions;"+5…+40 °C; IP54 опционально";;https://xn--l1aeahg.xn--p1ai/amr-1500/;производитель;Рабочая температура: от +5°C до +40°C;2026-09-15;;да
7d5a76d2-7bf3-4a40-b6f7-64590d4d9273;AMR 1500 (МОРОС);payload_kg;1500;кг;catalog_export_v4.csv;организатор;обеспечивающими грузоподъёмность до 1500 кг;2026-09-15;;
7d5a76d2-7bf3-4a40-b6f7-64590d4d9273;AMR 1500 (МОРОС);payload_kg;1500;кг;https://xn--l1aeahg.xn--p1ai/amr-1500/;производитель;Грузоподъемность|До 1500 кг;2026-09-15;;да
7d5a76d2-7bf3-4a40-b6f7-64590d4d9273;AMR 1500 (МОРОС);positioning_accuracy_mm;±10;мм;https://xn--l1aeahg.xn--p1ai/amr-1500/;производитель;Точность позиционирования|±10 мм;2026-09-15;;да
7d5a76d2-7bf3-4a40-b6f7-64590d4d9273;AMR 1500 (МОРОС);price_rub;2 200 000;₽;catalog_export_v4.csv;организатор;Цена изделия: 2 200 000,00;2026-09-15;цена из каталога организатора;
7d5a76d2-7bf3-4a40-b6f7-64590d4d9273;AMR 1500 (МОРОС);processes;Внутрискладская логистика / AMR;;catalog_export_v4.csv;организатор;Сценарий: Внутрискладская логистика;2026-09-15;;
7d5a76d2-7bf3-4a40-b6f7-64590d4d9273;AMR 1500 (МОРОС);robot_mass_kg;185;кг;https://xn--l1aeahg.xn--p1ai/amr-1500/;производитель;Масса|185 кг;2026-09-15;;да
7d5a76d2-7bf3-4a40-b6f7-64590d4d9273;AMR 1500 (МОРОС);runtime_h;22;ч;catalog_export_v4.csv;организатор;Время автономной работы достигает 22 часов;2026-09-15;расходится с карточкой товара (20 ч при средней нагрузке);
7d5a76d2-7bf3-4a40-b6f7-64590d4d9273;AMR 1500 (МОРОС);runtime_h;20 (ср. нагрузка) / 10 (макс.);ч;https://xn--l1aeahg.xn--p1ai/amr-1500/;производитель;Время работы|20 часов (при средних нагрузках) 10 часов (при максимальных нагрузках);2026-09-15;расходится: каталог организатора и новость производителя - до 22 ч;да
7d5a76d2-7bf3-4a40-b6f7-64590d4d9273;AMR 1500 (МОРОС);runtime_h;22;ч;https://xn--l1aeahg.xn--p1ai/startup-village-2026-ooo-moros-predstavilo-logisticheskogo-robota-amr1500/;производитель;до 22 часов непрерывной работы;2026-09-15;;
7d5a76d2-7bf3-4a40-b6f7-64590d4d9273;AMR 1500 (МОРОС);tests;открытые испытания в Сколково: подтверждена грузоподъёмность 1,5 т;;https://xn--l1aeahg.xn--p1ai/poka-odni-zayavlyayut-moros-dokazyvaet-amr-1500-podtverdil-harakteristiki-na-otkrytyh-ispytaniyah-v-skolkovo/;производитель;МОРОС AMR 1500 подтвердил все заявленные технико-тактические характеристики;2026-09-15;;
7d5a76d2-7bf3-4a40-b6f7-64590d4d9273;AMR 1500 (МОРОС);throughput;не найдено;;;нет источника;;2026-09-15;не найдено;
7d5a76d2-7bf3-4a40-b6f7-64590d4d9273;AMR 1500 (МОРОС);trl;8;УГТ (1–9);catalog_export_v4.csv;организатор;УГТ: 8;2026-09-15;;
7d5a76d2-7bf3-4a40-b6f7-64590d4d9273;AMR 1500 (МОРОС);wms_integration;"интеграция с MES и WMS; API; удалённый мониторинг";;https://xn--l1aeahg.xn--p1ai/startup-village-2026-ooo-moros-predstavilo-logisticheskogo-robota-amr1500/;производитель;предусмотрена интеграция с MES- и WMS-системами, удалённый мониторинг;2026-09-15;;
cccd0c0d-8ae7-435d-a171-45f5d82886e6;ДиКом DMR 1200;availability_status;piloting;;catalog_export_v4.csv;организатор;статус: piloting;2026-09-15;"operation = эксплуатация; piloting = пилот";
cccd0c0d-8ae7-435d-a171-45f5d82886e6;ДиКом DMR 1200;case_reference;Робот для перемещения грузов на отдельно стоящих стеллажах и тележках успешно прошел испытания, проведенные ФЦ БАС и МИК. Платформа подтвердила заявленную грузоподъемность и время автономной работы.;;catalog_export_v4.csv;организатор;Робот для перемещения грузов на отдельно стоящих стеллажах и тележках успешно прошел испытания, проведенные ФЦ БАС и МИК. Платформа подтвердила заявленную грузоподъемность и время автономной работы.;2026-09-15;кейс из каталога организатора;
cccd0c0d-8ae7-435d-a171-45f5d82886e6;ДиКом DMR 1200;charge_time_h;2;ч (10→80%);https://www.kiit.ru/product/avtonomnyy-mobilnyy-robot-amr-dikom-dmr-1200/;интегратор;Время зарядки с 10% до 80% составляет 2 часа;2026-09-15;;
cccd0c0d-8ae7-435d-a171-45f5d82886e6;ДиКом DMR 1200;charging_infrastructure;автоматическая зарядная станция в комплекте;;https://www.kiit.ru/product/avtonomnyy-mobilnyy-robot-amr-dikom-dmr-1200/;интегратор;В комплект поставки входят: автономный мобильный робот DMR 1200, автоматическая зарядная станция;2026-09-15;;
cccd0c0d-8ae7-435d-a171-45f5d82886e6;ДиКом DMR 1200;country;Россия;;catalog_export_v4.csv;организатор;Регион: Санкт-Петербург;2026-09-15;страна выведена из российского региона в каталоге;
cccd0c0d-8ae7-435d-a171-45f5d82886e6;ДиКом DMR 1200;dimensions_mm;1115×845×255;мм;https://www.kiit.ru/product/avtonomnyy-mobilnyy-robot-amr-dikom-dmr-1200/;интегратор;габариты 1115×845×255 мм;2026-09-15;;
cccd0c0d-8ae7-435d-a171-45f5d82886e6;ДиКом DMR 1200;lift_height_mm;не найдено;мм;;нет источника;;2026-09-15;подъемно-поворотная платформа есть, высота подъема для DMR 1200 не найдена;
cccd0c0d-8ae7-435d-a171-45f5d82886e6;ДиКом DMR 1200;manufacturer;"ООО ""Диком-Сервис""";;catalog_export_v4.csv;организатор;"компания: ООО ""Диком-Сервис""";2026-09-15;;
cccd0c0d-8ae7-435d-a171-45f5d82886e6;ДиКом DMR 1200;max_speed_m_s;2;м/с;https://www.kiit.ru/product/avtonomnyy-mobilnyy-robot-amr-dikom-dmr-1200/;интегратор;максимальная скорость 2 м/с;2026-09-15;;
cccd0c0d-8ae7-435d-a171-45f5d82886e6;ДиКом DMR 1200;min_aisle_width_mm;не найдено;;;нет источника;;2026-09-15;не найдено;
cccd0c0d-8ae7-435d-a171-45f5d82886e6;ДиКом DMR 1200;navigation_type;SLAM (лидар), без инфраструктуры;;https://www.kiit.ru/product/avtonomnyy-mobilnyy-robot-amr-dikom-dmr-1200/;интегратор;SLAM-навигация (лидар) ... не требует прокладки магнитных лент, установки QR-меток;2026-09-15;;
cccd0c0d-8ae7-435d-a171-45f5d82886e6;ДиКом DMR 1200;operating_conditions;перепад высот до 5 мм, зазор до 30 мм;;https://www.kiit.ru/product/avtonomnyy-mobilnyy-robot-amr-dikom-dmr-1200/;интегратор;Проходимость: перепад высот до 5 мм, зазор до 30 мм.;2026-09-15;;
cccd0c0d-8ae7-435d-a171-45f5d82886e6;ДиКом DMR 1200;payload_kg;1200;кг;https://www.kiit.ru/product/avtonomnyy-mobilnyy-robot-amr-dikom-dmr-1200/;интегратор;Грузоподъемность 1200 кг;2026-09-15;;
cccd0c0d-8ae7-435d-a171-45f5d82886e6;ДиКом DMR 1200;positioning_accuracy_mm;±5;мм;https://www.kiit.ru/product/avtonomnyy-mobilnyy-robot-amr-dikom-dmr-1200/;интегратор;точность позиционирования ±5 мм / ±0,5°;2026-09-15;;
cccd0c0d-8ae7-435d-a171-45f5d82886e6;ДиКом DMR 1200;price_rub;4 000 000;₽;catalog_export_v4.csv;организатор;Цена изделия: 4 000 000,00;2026-09-15;цена из каталога организатора;
cccd0c0d-8ae7-435d-a171-45f5d82886e6;ДиКом DMR 1200;price_rub;4 250 000;₽;https://www.kiit.ru/product/avtonomnyy-mobilnyy-robot-amr-dikom-dmr-1200/;интегратор;4 250 000 ₽;2026-09-15;расходится: каталог организатора 4 000 000 ₽ (~6%);
cccd0c0d-8ae7-435d-a171-45f5d82886e6;ДиКом DMR 1200;processes;Внутрискладская логистика / AMR;;catalog_export_v4.csv;организатор;Сценарий: Внутрискладская логистика;2026-09-15;;
cccd0c0d-8ae7-435d-a171-45f5d82886e6;ДиКом DMR 1200;robot_mass_kg;не найдено;;;нет источника;;2026-09-15;не найдено;
cccd0c0d-8ae7-435d-a171-45f5d82886e6;ДиКом DMR 1200;runtime_h;8;ч;https://www.kiit.ru/product/avtonomnyy-mobilnyy-robot-amr-dikom-dmr-1200/;интегратор;Робот может работать до 8 часов без подзарядки.;2026-09-15;;
cccd0c0d-8ae7-435d-a171-45f5d82886e6;ДиКом DMR 1200;service;"гарантия 12 мес; реестр российского оборудования, сертификат Минпромторга";;https://www.kiit.ru/product/avtonomnyy-mobilnyy-robot-amr-dikom-dmr-1200/;интегратор;гарантия 12 месяцев;2026-09-15;;
cccd0c0d-8ae7-435d-a171-45f5d82886e6;ДиКом DMR 1200;software_licence_cost;ПО RDS + лицензия на 1 робота включены в комплект;;https://www.kiit.ru/product/avtonomnyy-mobilnyy-robot-amr-dikom-dmr-1200/;интегратор;Программное обеспечение RDS (управление флотом роботов) — 1 компл. Лицензия на 1 робота для RDS — 1 шт.;2026-09-15;отдельная стоимость лицензии не опубликована;
cccd0c0d-8ae7-435d-a171-45f5d82886e6;ДиКом DMR 1200;throughput;не найдено;;;нет источника;;2026-09-15;не найдено;
cccd0c0d-8ae7-435d-a171-45f5d82886e6;ДиКом DMR 1200;trl;8;УГТ (1–9);catalog_export_v4.csv;организатор;УГТ: 8;2026-09-15;;
cccd0c0d-8ae7-435d-a171-45f5d82886e6;ДиКом DMR 1200;wms_integration;"интеграция с Яндекс Роботикс; RDS";;https://www.kiit.ru/product/avtonomnyy-mobilnyy-robot-amr-dikom-dmr-1200/;интегратор;интеграция с Яндекс Роботикс;2026-09-15;;
be814758-3616-4b94-befa-9848be2ac604;ДиКом DMR 600;availability_status;piloting;;catalog_export_v4.csv;организатор;статус: piloting;2026-09-15;"operation = эксплуатация; piloting = пилот";
be814758-3616-4b94-befa-9848be2ac604;ДиКом DMR 600;case_reference;Робот DRM 600 проходит тестирование на собственном заводе компании;;catalog_export_v4.csv;организатор;Робот DRM 600 проходит тестирование на собственном заводе компании;2026-09-15;кейс из каталога организатора;
be814758-3616-4b94-befa-9848be2ac604;ДиКом DMR 600;charge_time_h;2;ч (10→80%);https://www.kiit.ru/product/avtonomnyy-mobilnyy-robot-amr-dikom-dmr-600/;интегратор;время зарядки (10-80%) — 2 часа;2026-09-15;;
be814758-3616-4b94-befa-9848be2ac604;ДиКом DMR 600;charging_infrastructure;автоматическая зарядная станция в комплекте;;https://www.kiit.ru/product/avtonomnyy-mobilnyy-robot-amr-dikom-dmr-600/;интегратор;Автоматическая зарядная станция — 1 шт.;2026-09-15;;
be814758-3616-4b94-befa-9848be2ac604;ДиКом DMR 600;country;Россия;;catalog_export_v4.csv;организатор;Регион: Санкт-Петербург;2026-09-15;страна выведена из российского региона в каталоге;
be814758-3616-4b94-befa-9848be2ac604;ДиКом DMR 600;dimensions_mm;250×960×650;мм (порядок по источнику: В×Ш×Г);https://www.kiit.ru/product/avtonomnyy-mobilnyy-robot-amr-dikom-dmr-600/;интегратор;Габариты — 250×960×650 мм.;2026-09-15;"порядок осей неоднозначен (в таблице «В×Ш×Г»); вероятно Д 960 × Ш 650 × В 250";
be814758-3616-4b94-befa-9848be2ac604;ДиКом DMR 600;lift_height_mm;60;мм (платформа 850×600);https://www.kiit.ru/product/avtonomnyy-mobilnyy-robot-amr-dikom-dmr-600/;интегратор;платформой размером 850×600 мм с высотой подъема 60 мм;2026-09-15;;
be814758-3616-4b94-befa-9848be2ac604;ДиКом DMR 600;manufacturer;"ООО ""Диком-Сервис""";;catalog_export_v4.csv;организатор;"компания: ООО ""Диком-Сервис""";2026-09-15;;
be814758-3616-4b94-befa-9848be2ac604;ДиКом DMR 600;max_speed_m_s;2;м/с;https://www.kiit.ru/product/avtonomnyy-mobilnyy-robot-amr-dikom-dmr-600/;интегратор;Максимальная скорость — 2 м/с.;2026-09-15;;
be814758-3616-4b94-befa-9848be2ac604;ДиКом DMR 600;min_aisle_width_mm;не найдено;;;нет источника;;2026-09-15;не найдено;
be814758-3616-4b94-befa-9848be2ac604;ДиКом DMR 600;navigation_type;SLAM (лидар) + QR-метки;;https://www.kiit.ru/product/avtonomnyy-mobilnyy-robot-amr-dikom-dmr-600/;интегратор;SLAM-навигация (лидар) + QR-метки;2026-09-15;;
be814758-3616-4b94-befa-9848be2ac604;ДиКом DMR 600;operating_conditions;уклон ≤5%, ступень 5 мм, впадина 20 мм;;https://www.kiit.ru/product/avtonomnyy-mobilnyy-robot-amr-dikom-dmr-600/;интегратор;Проходимость: Уклон ≤5%, ступень 5 мм, впадина 20 мм;2026-09-15;;
be814758-3616-4b94-befa-9848be2ac604;ДиКом DMR 600;payload_kg;600;кг;https://www.kiit.ru/product/avtonomnyy-mobilnyy-robot-amr-dikom-dmr-600/;интегратор;Грузоподъемность — 600 кг.;2026-09-15;;
be814758-3616-4b94-befa-9848be2ac604;ДиКом DMR 600;positioning_accuracy_mm;±5;мм;https://www.kiit.ru/product/avtonomnyy-mobilnyy-robot-amr-dikom-dmr-600/;интегратор;точность позиционирования ±5 мм / ±0,5°;2026-09-15;;
be814758-3616-4b94-befa-9848be2ac604;ДиКом DMR 600;price_rub;3 750 000;₽;catalog_export_v4.csv;организатор;Цена изделия: 3 750 000,00;2026-09-15;цена из каталога организатора;
be814758-3616-4b94-befa-9848be2ac604;ДиКом DMR 600;price_rub;3 750 000;₽;https://www.kiit.ru/product/avtonomnyy-mobilnyy-robot-amr-dikom-dmr-600/;интегратор;3 750 000 ₽;2026-09-15;совпадает с каталогом организатора;
be814758-3616-4b94-befa-9848be2ac604;ДиКом DMR 600;processes;Внутрискладская логистика / AMR;;catalog_export_v4.csv;организатор;Сценарий: Внутрискладская логистика;2026-09-15;;
be814758-3616-4b94-befa-9848be2ac604;ДиКом DMR 600;robot_mass_kg;не найдено;;;нет источника;;2026-09-15;не найдено;
be814758-3616-4b94-befa-9848be2ac604;ДиКом DMR 600;runtime_h;8;ч;https://www.kiit.ru/product/avtonomnyy-mobilnyy-robot-amr-dikom-dmr-600/;интегратор;Автономность — 8 часов;2026-09-15;;
be814758-3616-4b94-befa-9848be2ac604;ДиКом DMR 600;software_licence_cost;ПО RDS + лицензия на 1 робота в комплекте;;https://www.kiit.ru/product/avtonomnyy-mobilnyy-robot-amr-dikom-dmr-600/;интегратор;программное обеспечение RDS (Robotics Dispatching System) для управления флотом;2026-09-15;отдельная цена лицензии не опубликована;
be814758-3616-4b94-befa-9848be2ac604;ДиКом DMR 600;throughput;не найдено;;;нет источника;;2026-09-15;не найдено;
be814758-3616-4b94-befa-9848be2ac604;ДиКом DMR 600;trl;7;УГТ (1–9);catalog_export_v4.csv;организатор;УГТ: 7;2026-09-15;;
be814758-3616-4b94-befa-9848be2ac604;ДиКом DMR 600;wms_integration;интеграция с Яндекс Роботикс;;https://www.kiit.ru/product/avtonomnyy-mobilnyy-robot-amr-dikom-dmr-600/;интегратор;Интеграция с Яндекс Роботикс.;2026-09-15;;
f7634ef8-0034-4c5b-b2f0-e44a14f05a76;ДиКом DMR Carrier P;availability_status;piloting;;catalog_export_v4.csv;организатор;статус: piloting;2026-09-15;"operation = эксплуатация; piloting = пилот";
f7634ef8-0034-4c5b-b2f0-e44a14f05a76;ДиКом DMR Carrier P;case_reference;Автономный FMR-робот (вилочный погрузчик) ДиКом DMR Carrier P находиться на стадии пилотного тестирования;;catalog_export_v4.csv;организатор;Автономный FMR-робот (вилочный погрузчик) ДиКом DMR Carrier P находиться на стадии пилотного тестирования;2026-09-15;кейс из каталога организатора;
f7634ef8-0034-4c5b-b2f0-e44a14f05a76;ДиКом DMR Carrier P;charge_time_h;2;ч;https://tnvst.ru/catalog/fmr-roboty/avtonomnyy-mobilnyy-robot-dikom-dmr-carrier-p/;интегратор;Время зарядки|2 часа;2026-09-15;;
f7634ef8-0034-4c5b-b2f0-e44a14f05a76;ДиКом DMR Carrier P;country;Россия;;catalog_export_v4.csv;организатор;Регион: Санкт-Петербург;2026-09-15;страна выведена из российского региона в каталоге;
f7634ef8-0034-4c5b-b2f0-e44a14f05a76;ДиКом DMR Carrier P;dimensions_mm;2050×1975×1000;мм (В×Ш×Г по источнику);Примеры_решений_типы_объектов.docx;организатор;Габариты (В×Ш×Г): примерно 2050 × 1975 × 1000 мм.;2026-09-15;порядок осей по источнику В×Ш×Г;
f7634ef8-0034-4c5b-b2f0-e44a14f05a76;ДиКом DMR Carrier P;dimensions_mm;2050×1975×1000;мм (В×Ш×Г по источнику);https://tnvst.ru/catalog/fmr-roboty/avtonomnyy-mobilnyy-robot-dikom-dmr-carrier-p/;интегратор;Габариты (В×Ш×Г)|2050 × 1975 × 1000 мм;2026-09-15;;
f7634ef8-0034-4c5b-b2f0-e44a14f05a76;ДиКом DMR Carrier P;lift_height_mm;1600;мм;Примеры_решений_типы_объектов.docx;организатор;Высота подъема вил (для EUR-паллет): до 1600 мм;2026-09-15;расходится: tnvst.ru - 1500 мм;
f7634ef8-0034-4c5b-b2f0-e44a14f05a76;ДиКом DMR Carrier P;lift_height_mm;1600;мм;https://www.kiit.ru/product/avtonomnyy-robot-shtabeler-dikom-dmr-carrier-p-fmr-robot-dlya-pallet-1-5-t/;интегратор;Высота подъема 1600 мм;2026-09-15;;
f7634ef8-0034-4c5b-b2f0-e44a14f05a76;ДиКом DMR Carrier P;lift_height_mm;1500;мм;https://tnvst.ru/catalog/fmr-roboty/avtonomnyy-mobilnyy-robot-dikom-dmr-carrier-p/;интегратор;Поднимает 1500 кг на высоту 1500 мм при помощи сервопривода;2026-09-15;расходится с файлом организатора и kiit.ru (1600 мм);
f7634ef8-0034-4c5b-b2f0-e44a14f05a76;ДиКом DMR Carrier P;manufacturer;"ООО ""Диком-Сервис""";;catalog_export_v4.csv;организатор;"компания: ООО ""Диком-Сервис""";2026-09-15;;
f7634ef8-0034-4c5b-b2f0-e44a14f05a76;ДиКом DMR Carrier P;max_speed_m_s;1.5;м/с;Примеры_решений_типы_объектов.docx;организатор;Максимальная скорость движения: 1,5 м/с;2026-09-15;;
f7634ef8-0034-4c5b-b2f0-e44a14f05a76;ДиКом DMR Carrier P;max_speed_m_s;1.5;м/с;https://tnvst.ru/catalog/fmr-roboty/avtonomnyy-mobilnyy-robot-dikom-dmr-carrier-p/;интегратор;Скорость операций|1,5 м/с;2026-09-15;;
f7634ef8-0034-4c5b-b2f0-e44a14f05a76;ДиКом DMR Carrier P;min_aisle_width_mm;не найдено;;;нет источника;;2026-09-15;не найдено;
f7634ef8-0034-4c5b-b2f0-e44a14f05a76;ДиКом DMR Carrier P;navigation_type;SLAM на лидарах (без лент/QR);;Примеры_решений_типы_объектов.docx;организатор;Тип навигации: SLAM на базе лидаров (без магнитных лент и QR-меток);2026-09-15;;
f7634ef8-0034-4c5b-b2f0-e44a14f05a76;ДиКом DMR Carrier P;navigation_type;SLAM;;https://tnvst.ru/catalog/fmr-roboty/avtonomnyy-mobilnyy-robot-dikom-dmr-carrier-p/;интегратор;Тип навигации|SLAM;2026-09-15;;
f7634ef8-0034-4c5b-b2f0-e44a14f05a76;ДиКом DMR Carrier P;operating_conditions;"ровный бетонный пол; проходимость 5 мм / 15 мм";;Примеры_решений_типы_объектов.docx;организатор;стандартный склад и производственный цех с ровным бетонным покрытием.;2026-09-15;;
f7634ef8-0034-4c5b-b2f0-e44a14f05a76;ДиКом DMR Carrier P;operating_conditions;проходимость 5 мм / 15 мм;;https://tnvst.ru/catalog/fmr-roboty/avtonomnyy-mobilnyy-robot-dikom-dmr-carrier-p/;интегратор;Проходимость|5 мм / 15 мм;2026-09-15;;
f7634ef8-0034-4c5b-b2f0-e44a14f05a76;ДиКом DMR Carrier P;payload_kg;1500;кг;Примеры_решений_типы_объектов.docx;организатор;Грузоподъемность: 1500 кг;2026-09-15;;
f7634ef8-0034-4c5b-b2f0-e44a14f05a76;ДиКом DMR Carrier P;payload_kg;1500;кг;https://tnvst.ru/catalog/fmr-roboty/avtonomnyy-mobilnyy-robot-dikom-dmr-carrier-p/;интегратор;Грузоподъёмность|1500 кг;2026-09-15;;
f7634ef8-0034-4c5b-b2f0-e44a14f05a76;ДиКом DMR Carrier P;payload_kg;1500;кг;https://www.kiit.ru/product/avtonomnyy-robot-shtabeler-dikom-dmr-carrier-p-fmr-robot-dlya-pallet-1-5-t/;интегратор;Грузоподъемность 1500 кг;2026-09-15;;
f7634ef8-0034-4c5b-b2f0-e44a14f05a76;ДиКом DMR Carrier P;positioning_accuracy_mm;10;мм;https://tnvst.ru/catalog/fmr-roboty/avtonomnyy-mobilnyy-robot-dikom-dmr-carrier-p/;интегратор;Точность позиционирования|10 мм;2026-09-15;;
f7634ef8-0034-4c5b-b2f0-e44a14f05a76;ДиКом DMR Carrier P;price_rub;4 300 000;₽;catalog_export_v4.csv;организатор;Цена изделия: 4 300 000,00;2026-09-15;цена из каталога организатора;
f7634ef8-0034-4c5b-b2f0-e44a14f05a76;ДиКом DMR Carrier P;price_rub;4 300 000;₽;https://www.kiit.ru/product/avtonomnyy-robot-shtabeler-dikom-dmr-carrier-p-fmr-robot-dlya-pallet-1-5-t/;интегратор;от 4 300 000 ₽;2026-09-15;"совпадает с каталогом организатора; tnvst - «по запросу»";
f7634ef8-0034-4c5b-b2f0-e44a14f05a76;ДиКом DMR Carrier P;processes;Внутрискладская логистика;;catalog_export_v4.csv;организатор;Сценарий: Внутрискладская логистика;2026-09-15;;
f7634ef8-0034-4c5b-b2f0-e44a14f05a76;ДиКом DMR Carrier P;robot_mass_kg;2000–2500;кг;Примеры_решений_типы_объектов.docx;организатор;Масса робота: около 2000–2500 кг.;2026-09-15;у дилеров не найдено;
f7634ef8-0034-4c5b-b2f0-e44a14f05a76;ДиКом DMR Carrier P;runtime_h;10;ч;Примеры_решений_типы_объектов.docx;организатор;Время автономной работы: до 10 часов;2026-09-15;;
f7634ef8-0034-4c5b-b2f0-e44a14f05a76;ДиКом DMR Carrier P;runtime_h;10;ч;https://tnvst.ru/catalog/fmr-roboty/avtonomnyy-mobilnyy-robot-dikom-dmr-carrier-p/;интегратор;Автономность|10 часов;2026-09-15;;
f7634ef8-0034-4c5b-b2f0-e44a14f05a76;ДиКом DMR Carrier P;service;гарантия 1 год;;https://tnvst.ru/catalog/fmr-roboty/avtonomnyy-mobilnyy-robot-dikom-dmr-carrier-p/;интегратор;1 год гарантии;2026-09-15;;
f7634ef8-0034-4c5b-b2f0-e44a14f05a76;ДиКом DMR Carrier P;throughput;40–60;паллет/ч;Примеры_решений_типы_объектов.docx;организатор;Производительность: до 40–60 паллет/час (типичный проект).;2026-09-15;;
f7634ef8-0034-4c5b-b2f0-e44a14f05a76;ДиКом DMR Carrier P;trl;8;УГТ (1–9);catalog_export_v4.csv;организатор;УГТ: 8;2026-09-15;;
f7634ef8-0034-4c5b-b2f0-e44a14f05a76;ДиКом DMR Carrier P;wms_integration;"подключение к WMS и 1С; интеграция с Яндекс Роботикс";;https://www.kiit.ru/product/avtonomnyy-robot-shtabeler-dikom-dmr-carrier-p-fmr-robot-dlya-pallet-1-5-t/;интегратор;легко подключается к вашей WMS (складской системе управления) и 1С;2026-09-15;;
993d980e-8b91-45e0-9c98-50ffab6e11e4;Сёмабот;availability_status;piloting;;catalog_export_v4.csv;организатор;статус: piloting;2026-09-15;"operation = эксплуатация; piloting = пилот";
993d980e-8b91-45e0-9c98-50ffab6e11e4;Сёмабот;case_reference;Проведены успешные испытания робота «Сёмабот» грузоподъемностью 1,5 тонны на тестовой площадке в Сколково под задачи крупных складских комплексов ритейла. Платформа подтвердила заявленную грузоподъемность и время автономной работы.;;catalog_export_v4.csv;организатор;Проведены успешные испытания робота «Сёмабот» грузоподъемностью 1,5 тонны на тестовой площадке в Сколково под задачи крупных складских комплексов ритейла. Платформа подтвердила заявленную грузоподъемн;2026-09-15;кейс из каталога организатора;
993d980e-8b91-45e0-9c98-50ffab6e11e4;Сёмабот;charge_time_h;не найдено;;;нет источника;;2026-09-15;не найдено;
993d980e-8b91-45e0-9c98-50ffab6e11e4;Сёмабот;charging_infrastructure;беспроводные зарядные станции;;https://mosregdata.ru/article/obzor-robota-semabot;СМИ;Зарядка батареи выполняется с использованием беспроводных зарядных станций;2026-09-15;;
993d980e-8b91-45e0-9c98-50ffab6e11e4;Сёмабот;country;Россия;;catalog_export_v4.csv;организатор;Регион: Санкт-Петербург;2026-09-15;страна выведена из российского региона в каталоге;
993d980e-8b91-45e0-9c98-50ffab6e11e4;Сёмабот;dimensions_mm;не найдено;;;нет источника;;2026-09-15;не найдено;
993d980e-8b91-45e0-9c98-50ffab6e11e4;Сёмабот;manufacturer;"ООО ""Семаргл""";;catalog_export_v4.csv;организатор;"компания: ООО ""Семаргл""";2026-09-15;;
993d980e-8b91-45e0-9c98-50ffab6e11e4;Сёмабот;max_speed_m_s;не найдено;;;нет источника;;2026-09-15;не найдено;
993d980e-8b91-45e0-9c98-50ffab6e11e4;Сёмабот;min_aisle_width_mm;не найдено;;;нет источника;;2026-09-15;не найдено;
993d980e-8b91-45e0-9c98-50ffab6e11e4;Сёмабот;navigation_type;SLAM (техническое зрение) или метки Data-matrix/QR;;https://semargl.pro/equipment/agv-roboty-syemabot/;производитель;SLAM (техническое зрение) или по маякам/меткам (Data-matrix код);2026-09-15;;да
993d980e-8b91-45e0-9c98-50ffab6e11e4;Сёмабот;navigation_type;QR-навигация (опц. SLAM);;https://www.cemat-russia.ru/news/syemabot-derzhit-put-na-cemat-russia-/;СМИ;перемещается с помощью QR-навигации (возможно автономное движение посредством SLAM);2026-09-15;;
993d980e-8b91-45e0-9c98-50ffab6e11e4;Сёмабот;payload_kg;50 / 400 / 1000 / 1500 / 2000 (линейка);кг;https://semargl.pro/equipment/agv-roboty-syemabot/;производитель;50 кг / 400 кг / 1000 кг / 1500 кг / 2000 кг;2026-09-15;в каталоге организатора - версия 1500 кг;да
993d980e-8b91-45e0-9c98-50ffab6e11e4;Сёмабот;payload_kg;до 6000 (линейка);кг;https://www.cemat-russia.ru/news/syemabot-derzhit-put-na-cemat-russia-/;СМИ;Линейка грузоподъемности робота включает модели от 50 до 6000 кг.;2026-09-15;верхняя граница линейки, не версия 1500 кг;
993d980e-8b91-45e0-9c98-50ffab6e11e4;Сёмабот;positioning_accuracy_mm;не найдено;;;нет источника;;2026-09-15;не найдено;
993d980e-8b91-45e0-9c98-50ffab6e11e4;Сёмабот;price_rub;2 500 000;₽;catalog_export_v4.csv;организатор;Цена изделия: 2 500 000,00;2026-09-15;цена из каталога организатора;
993d980e-8b91-45e0-9c98-50ffab6e11e4;Сёмабот;processes;Внутрискладская логистика / AMR;;catalog_export_v4.csv;организатор;Сценарий: Внутрискладская логистика;2026-09-15;;
993d980e-8b91-45e0-9c98-50ffab6e11e4;Сёмабот;robot_mass_kg;не найдено;;;нет источника;;2026-09-15;не найдено;
993d980e-8b91-45e0-9c98-50ffab6e11e4;Сёмабот;runtime_h;12;ч;https://concord.ac/novosti/innoprom-2025-robototehnika-novogo-pokoleniya-obzor-klyuchevyh-innovaczij;СМИ;автономно работает до 12 часов;2026-09-15;две публикации СМИ, вероятно из одного пресс-релиза;
993d980e-8b91-45e0-9c98-50ffab6e11e4;Сёмабот;runtime_h;12;ч;https://mosregdata.ru/article/obzor-robota-semabot;СМИ;работать автономно до 12 часов;2026-09-15;;
993d980e-8b91-45e0-9c98-50ffab6e11e4;Сёмабот;throughput;не найдено;;;нет источника;;2026-09-15;не найдено;
993d980e-8b91-45e0-9c98-50ffab6e11e4;Сёмабот;trl;8;УГТ (1–9);catalog_export_v4.csv;организатор;УГТ: 8;2026-09-15;;
993d980e-8b91-45e0-9c98-50ffab6e11e4;Сёмабот;wms_integration;"DIACON RMS; интеграция с ERP/MES";;https://www.cemat-russia.ru/news/syemabot-derzhit-put-na-cemat-russia-/;СМИ;Программное обеспечение DIACON RMS ... Возможна интеграция с ПО верхнего уровня (ERP /MES);2026-09-15;;
5a36611d-033e-4893-bd49-5d4f776f57dd;Автомакон AK-2000-2;availability_status;operation;;catalog_export_v4.csv;организатор;статус: operation;2026-09-15;"operation = эксплуатация; piloting = пилот";
5a36611d-033e-4893-bd49-5d4f776f57dd;Автомакон AK-2000-2;case_reference;Внедрены 67 роботов FMR в распределительном центре «Пятерочки» X5 Group «Новая Рига» для перемещения, сортировки и транспортировки грузов. Использование одного робота позволяет экономить 180 человеко-часов за одну процедуру инвентаризации.;;catalog_export_v4.csv;организатор;Внедрены 67 роботов FMR в распределительном центре «Пятерочки» X5 Group «Новая Рига» для перемещения, сортировки и транспортировки грузов. Использование одного робота позволяет экономить 180 человеко-;2026-09-15;кейс из каталога организатора;
5a36611d-033e-4893-bd49-5d4f776f57dd;Автомакон AK-2000-2;charge_time_h;2;ч;https://automacon.ru/agv/;производитель;Время зарядки: 2 часа;2026-09-15;;да
5a36611d-033e-4893-bd49-5d4f776f57dd;Автомакон AK-2000-2;charging_infrastructure;"LiFePO4 24 В 225 Ач; ручная зарядка/замена АКБ или автоматический режим";;https://automacon.ru/agv/;производитель;Аккумулятор: LiFePO4 / 24 В / 225 Ач ... Режим зарядки: ручной режим/замена батареи, автоматический режим;2026-09-15;;да
5a36611d-033e-4893-bd49-5d4f776f57dd;Автомакон AK-2000-2;country;Россия;;catalog_export_v4.csv;организатор;Регион: Москва;2026-09-15;страна выведена из российского региона в каталоге;
5a36611d-033e-4893-bd49-5d4f776f57dd;Автомакон AK-2000-2;dimensions_mm;1980×1065×2285;мм (Д×Ш×В);https://automacon.ru/agv/;производитель;Габариты: 1980 мм*1065 мм*2285 мм (Д*Ш*В);2026-09-15;;да
5a36611d-033e-4893-bd49-5d4f776f57dd;Автомакон AK-2000-2;dimensions_mm;1980×1065×2285;мм (Д×Ш×В);https://robot.automacon.ru/agv-fmr;производитель;Габариты: 1980 мм*1065 мм*2285 мм (Д*Ш*В);2026-09-15;;да
5a36611d-033e-4893-bd49-5d4f776f57dd;Автомакон AK-2000-2;lift_height_mm;175;мм;https://automacon.ru/agv/;производитель;Максимальная высота подъема 175 мм;2026-09-15;напольное перемещение (штабелирование не предусмотрено);да
5a36611d-033e-4893-bd49-5d4f776f57dd;Автомакон AK-2000-2;lift_height_mm;175;мм;https://robot.automacon.ru/agv-fmr;производитель;Максимальная высота подъема 175 мм;2026-09-15;напольное перемещение (штабелирование не предусмотрено);да
5a36611d-033e-4893-bd49-5d4f776f57dd;Автомакон AK-2000-2;manufacturer;"ООО ""ГК Автомакон""";;catalog_export_v4.csv;организатор;"компания: ООО ""ГК Автомакон""";2026-09-15;;
5a36611d-033e-4893-bd49-5d4f776f57dd;Автомакон AK-2000-2;max_speed_m_s;2.6;м/с;https://automacon.ru/agv/;производитель;Максимальная скорость хода (с грузом/без груза) 2.6 м/c;2026-09-15;;да
5a36611d-033e-4893-bd49-5d4f776f57dd;Автомакон AK-2000-2;max_speed_m_s;2.6;м/с;https://robot.automacon.ru/agv-fmr;производитель;Максимальная скорость хода (с грузом/без груза) 2.6 м/c;2026-09-15;;да
5a36611d-033e-4893-bd49-5d4f776f57dd;Автомакон AK-2000-2;min_aisle_width_mm;не найдено;;;нет источника;;2026-09-15;не найдено;
5a36611d-033e-4893-bd49-5d4f776f57dd;Автомакон AK-2000-2;navigation_type;3D Laser SLAM;;https://automacon.ru/agv/;производитель;Тип навигации: 3D Laser SLAM;2026-09-15;;да
5a36611d-033e-4893-bd49-5d4f776f57dd;Автомакон AK-2000-2;operating_conditions;допустимый уклон 8%;;https://automacon.ru/agv/;производитель;Допустимый уклон (с грузом/без груза) 8%;2026-09-15;;да
5a36611d-033e-4893-bd49-5d4f776f57dd;Автомакон AK-2000-2;payload_kg;2000;кг;https://automacon.ru/agv/;производитель;Грузоподъёмность: 2000 кг;2026-09-15;;да
5a36611d-033e-4893-bd49-5d4f776f57dd;Автомакон AK-2000-2;payload_kg;2000;кг;https://robot.automacon.ru/agv-fmr;производитель;Грузоподъёмность: 2000 кг;2026-09-15;;да
5a36611d-033e-4893-bd49-5d4f776f57dd;Автомакон AK-2000-2;payload_kg;2000;кг;https://www.cnews.ru/news/line/2025-06-26_avtomakon_prezentoval;СМИ;робота напольного паллетного перемещения грузоподъемностью до 2 тонн;2026-09-15;;
5a36611d-033e-4893-bd49-5d4f776f57dd;Автомакон AK-2000-2;positioning_accuracy_mm;±30;мм;https://automacon.ru/agv/;производитель;Точность позиционирования: ±30 мм;2026-09-15;;да
5a36611d-033e-4893-bd49-5d4f776f57dd;Автомакон AK-2000-2;positioning_accuracy_mm;±30;мм;https://robot.automacon.ru/agv-fmr;производитель;Точность позиционирования: ±30 мм;2026-09-15;;да
5a36611d-033e-4893-bd49-5d4f776f57dd;Автомакон AK-2000-2;price_rub;2 940 000;₽;catalog_export_v4.csv;организатор;Цена изделия: 2 940 000,00;2026-09-15;цена из каталога организатора;
5a36611d-033e-4893-bd49-5d4f776f57dd;Автомакон AK-2000-2;processes;Внутрискладская логистика / FMR;;catalog_export_v4.csv;организатор;Сценарий: Внутрискладская логистика;2026-09-15;;
5a36611d-033e-4893-bd49-5d4f776f57dd;Автомакон AK-2000-2;processes;ворота→хранение, буфер→отгрузка, производство↔склад;;https://automacon.ru/agv/;производитель;"перемещения собранных заказов, размещённых в буферной зоне, в зону отгрузки; перемещения грузов из зоны приёмки ... в зону хранения";2026-09-15;;да
5a36611d-033e-4893-bd49-5d4f776f57dd;Автомакон AK-2000-2;robot_mass_kg;700;кг;https://automacon.ru/agv/;производитель;Собственный вес: 700 кг;2026-09-15;;да
5a36611d-033e-4893-bd49-5d4f776f57dd;Автомакон AK-2000-2;robot_mass_kg;700;кг;https://robot.automacon.ru/agv-fmr;производитель;Собственный вес: 700 кг;2026-09-15;;да
5a36611d-033e-4893-bd49-5d4f776f57dd;Автомакон AK-2000-2;runtime_h;6–8;ч;https://automacon.ru/agv/;производитель;Время работы 6-8 часов;2026-09-15;;да
5a36611d-033e-4893-bd49-5d4f776f57dd;Автомакон AK-2000-2;runtime_h;6–8;ч;https://robot.automacon.ru/agv-fmr;производитель;Время работы 6-8 часов;2026-09-15;;да
5a36611d-033e-4893-bd49-5d4f776f57dd;Автомакон AK-2000-2;throughput;не найдено;;;нет источника;;2026-09-15;не найдено;
5a36611d-033e-4893-bd49-5d4f776f57dd;Автомакон AK-2000-2;trl;9;УГТ (1–9);catalog_export_v4.csv;организатор;УГТ: 9;2026-09-15;;
5a36611d-033e-4893-bd49-5d4f776f57dd;Автомакон AK-2000-2;turning_radius_mm;1555;мм;https://automacon.ru/agv/;производитель;Минимальный радиус разворота: 1555 мм;2026-09-15;минимальная ширина проезда не опубликована;да
5a36611d-033e-4893-bd49-5d4f776f57dd;Автомакон AK-2000-2;wms_integration;выполнение команд WMS;;https://robot.automacon.ru/agv-fmr;производитель;Они перемещают грузы до 3000 кг, точно следуя командам WMS;2026-09-15;фраза относится к категории FMR-роботов в целом;да
2ffc706d-fe43-4c2b-baad-a624a95ad3ce;Робот-штабелёр RoboCV;availability_status;operation;;catalog_export_v4.csv;организатор;статус: operation;2026-09-15;"operation = эксплуатация; piloting = пилот";
2ffc706d-fe43-4c2b-baad-a624a95ad3ce;Робот-штабелёр RoboCV;case_reference;Реализован проект по роботизации процессов перемещения паллетных грузов с производства на склад на предприятии ООО ФИРМА «ЦИКЛ» (Ковров) и заводе Knauf (Красногорск).;;catalog_export_v4.csv;организатор;Реализован проект по роботизации процессов перемещения паллетных грузов с производства на склад на предприятии ООО ФИРМА «ЦИКЛ» (Ковров) и заводе Knauf (Красногорск).;2026-09-15;кейс из каталога организатора;
2ffc706d-fe43-4c2b-baad-a624a95ad3ce;Робот-штабелёр RoboCV;charge_time_h;не найдено;;;нет источника;;2026-09-15;не найдено;
2ffc706d-fe43-4c2b-baad-a624a95ad3ce;Робот-штабелёр RoboCV;country;Россия;;catalog_export_v4.csv;организатор;Регион: Москва;2026-09-15;страна выведена из российского региона в каталоге;
2ffc706d-fe43-4c2b-baad-a624a95ad3ce;Робот-штабелёр RoboCV;dimensions_mm;2100×1100×3000;мм (Д×Ш×В);https://robocv.ru/robot-shtabelyor;производитель;Габариты, м (Д*Ш*В): 2,1 * 1,1 * 3;2026-09-15;;да
2ffc706d-fe43-4c2b-baad-a624a95ad3ce;Робот-штабелёр RoboCV;integration_other;совместная работа с Pallet Shuttle;;https://robocv.ru/;производитель;Совместная работа с системой хранения высокой плотности Pallet Shuttle;2026-09-15;;
2ffc706d-fe43-4c2b-baad-a624a95ad3ce;Робот-штабелёр RoboCV;lift_height_mm;7000;мм;https://robocv.ru/robot-shtabelyor;производитель;Максимальная высота подъема, м: 7*;2026-09-15;*установка и захват паллет выше 1 м - только в безлюдных зонах;да
2ffc706d-fe43-4c2b-baad-a624a95ad3ce;Робот-штабелёр RoboCV;manufacturer;"ООО ""Робосиви""";;catalog_export_v4.csv;организатор;"компания: ООО ""Робосиви""";2026-09-15;;
2ffc706d-fe43-4c2b-baad-a624a95ad3ce;Робот-штабелёр RoboCV;max_speed_m_s;2;м/с;https://robocv.ru/robot-shtabelyor;производитель;Максимальная скорость, м/с: 2;2026-09-15;;да
2ffc706d-fe43-4c2b-baad-a624a95ad3ce;Робот-штабелёр RoboCV;min_aisle_width_mm;2900;мм (для разворота);https://robocv.ru/robot-shtabelyor;производитель;Минимальная ширина проезда для разворота, м: 2,9;2026-09-15;"для движения на макс. скорости - 1,9 м; для объезда препятствий - 1,6 м";да
2ffc706d-fe43-4c2b-baad-a624a95ad3ce;Робот-штабелёр RoboCV;navigation_type;не найдено;;;нет источника;;2026-09-15;не найдено;
2ffc706d-fe43-4c2b-baad-a624a95ad3ce;Робот-штабелёр RoboCV;operating_conditions;"работа в смешанном трафике; небольшие рампы; паллета ±20 см/±15°";;https://robocv.ru/robot-shtabelyor;производитель;Требование к положению паллеты для захвата: ±20 см, ±15°;2026-09-15;;да
2ffc706d-fe43-4c2b-baad-a624a95ad3ce;Робот-штабелёр RoboCV;payload_kg;1400;кг;https://robocv.ru/robot-shtabelyor;производитель;Грузоподъемность, кг: 1400;2026-09-15;;да
2ffc706d-fe43-4c2b-baad-a624a95ad3ce;Робот-штабелёр RoboCV;positioning_accuracy_mm;±30;мм;https://robocv.ru/robot-shtabelyor;производитель;Точность навигации, см: 3;2026-09-15;;да
2ffc706d-fe43-4c2b-baad-a624a95ad3ce;Робот-штабелёр RoboCV;price_rub;2 500 000;₽;catalog_export_v4.csv;организатор;Цена изделия: 2 500 000,00;2026-09-15;цена из каталога организатора;
2ffc706d-fe43-4c2b-baad-a624a95ad3ce;Робот-штабелёр RoboCV;processes;Внутрискладская логистика / Робот-штабелер;;catalog_export_v4.csv;организатор;Сценарий: Внутрискладская логистика;2026-09-15;;
2ffc706d-fe43-4c2b-baad-a624a95ad3ce;Робот-штабелёр RoboCV;raas_rental;лизинг (ООО «УЛЬТРА-ЛИЗИНГ»);;https://robocv.ru/skladskie-roboty-po-dogovoru-lizinga;производитель;смогли предоставить робота RoboCV клиенту по договору лизинга;2026-09-15;;
2ffc706d-fe43-4c2b-baad-a624a95ad3ce;Робот-штабелёр RoboCV;robot_mass_kg;1200;кг;https://robocv.ru/robot-shtabelyor;производитель;Масса, кг: 1200;2026-09-15;;да
2ffc706d-fe43-4c2b-baad-a624a95ad3ce;Робот-штабелёр RoboCV;runtime_h;24/7 (замена/подзарядка АКБ);;https://robocv.ru/robot-shtabelyor;производитель;"Режим работы: 24/7; Способ заряда АКБ: замена / подзарядка";2026-09-15;длительность работы на заряде не указана;да
2ffc706d-fe43-4c2b-baad-a624a95ad3ce;Робот-штабелёр RoboCV;throughput;не найдено;;;нет источника;;2026-09-23;"у производителя производительности штабелера нет; 30-40 паллет/ч на robotrends относятся к паллетной тележке X-Motion NG, на штабелер их не переносим";
2ffc706d-fe43-4c2b-baad-a624a95ad3ce;Робот-штабелёр RoboCV;trl;8;УГТ (1–9);catalog_export_v4.csv;организатор;УГТ: 8;2026-09-15;;
2ffc706d-fe43-4c2b-baad-a624a95ad3ce;Робот-штабелёр RoboCV;wms_integration;сервер RoboCV с API к WMS/ERP;;https://robocv.ru/robot-shtabelyor;производитель;Сервер RoboCV ... благодаря API легко интегрируется с WMS/ERP системой;2026-09-15;;да
b4a9ef38-b68a-4c0f-8512-9bc9a718c4e1;Робот-тягач RoboCV;availability_status;operation;;catalog_export_v4.csv;организатор;статус: operation;2026-09-15;"operation = эксплуатация; piloting = пилот";
b4a9ef38-b68a-4c0f-8512-9bc9a718c4e1;Робот-тягач RoboCV;case_reference;На автомобильном заводе ГАЗ (Нижний Новгород) запущен складской робот-тягач для транспортировки комплектующих со склада к производственной линии предприятия.;;catalog_export_v4.csv;организатор;На автомобильном заводе ГАЗ (Нижний Новгород) запущен складской робот-тягач для транспортировки комплектующих со склада к производственной линии предприятия.;2026-09-15;кейс из каталога организатора;
b4a9ef38-b68a-4c0f-8512-9bc9a718c4e1;Робот-тягач RoboCV;charge_time_h;не найдено;;;нет источника;;2026-09-15;не найдено;
b4a9ef38-b68a-4c0f-8512-9bc9a718c4e1;Робот-тягач RoboCV;connectivity;Wi-Fi (сигнал от IT-системы);;https://robocv.ru/robot-tyagach/;производитель;ожидает сигнала по Wi-Fi от IT-системы управления производством;2026-09-15;;да
b4a9ef38-b68a-4c0f-8512-9bc9a718c4e1;Робот-тягач RoboCV;country;Россия;;catalog_export_v4.csv;организатор;Регион: Москва;2026-09-15;страна выведена из российского региона в каталоге;
b4a9ef38-b68a-4c0f-8512-9bc9a718c4e1;Робот-тягач RoboCV;dimensions_mm;1600×800×2200;мм (Д×Ш×В);https://robocv.ru/robot-tyagach/;производитель;Габариты, м (Д*Ш*В): 1,6 * 0,8 * 2,2;2026-09-15;;да
b4a9ef38-b68a-4c0f-8512-9bc9a718c4e1;Робот-тягач RoboCV;manufacturer;"ООО ""Робосиви""";;catalog_export_v4.csv;организатор;"компания: ООО ""Робосиви""";2026-09-15;;
b4a9ef38-b68a-4c0f-8512-9bc9a718c4e1;Робот-тягач RoboCV;max_speed_m_s;2.2;м/с;https://robocv.ru/robot-tyagach/;производитель;Максимальная скорость, м/с: 2,2;2026-09-15;;да
b4a9ef38-b68a-4c0f-8512-9bc9a718c4e1;Робот-тягач RoboCV;min_aisle_width_mm;2900;мм (для разворота);https://robocv.ru/robot-tyagach/;производитель;Минимальная ширина проезда для разворота, м: 2,9;2026-09-15;ширина дороги для макс. скорости также 2,9 м;да
b4a9ef38-b68a-4c0f-8512-9bc9a718c4e1;Робот-тягач RoboCV;navigation_type;движение по заранее проложенным маршрутам;;https://robocv.ru/robot-tyagach/;производитель;двигаясь по заранее проложенным маршрутам от одной точки остановки к другой;2026-09-15;технология навигации не указана;да
b4a9ef38-b68a-4c0f-8512-9bc9a718c4e1;Робот-тягач RoboCV;payload_kg;до 5000 (буксируемый груз);кг;https://robocv.ru/robot-tyagach/;производитель;Грузоподъемность, кг: до 5000;2026-09-15;груз на тележках/прицепах;да
b4a9ef38-b68a-4c0f-8512-9bc9a718c4e1;Робот-тягач RoboCV;positioning_accuracy_mm;±50;мм;https://robocv.ru/robot-tyagach/;производитель;Точность навигации, см: 5;2026-09-15;;да
b4a9ef38-b68a-4c0f-8512-9bc9a718c4e1;Робот-тягач RoboCV;price_rub;2 500 000;₽;catalog_export_v4.csv;организатор;Цена изделия: 2 500 000,00;2026-09-15;цена из каталога организатора;
b4a9ef38-b68a-4c0f-8512-9bc9a718c4e1;Робот-тягач RoboCV;processes;Внутрискладская логистика / Беспилотный тягач;;catalog_export_v4.csv;организатор;Сценарий: Внутрискладская логистика;2026-09-15;;
b4a9ef38-b68a-4c0f-8512-9bc9a718c4e1;Робот-тягач RoboCV;robot_mass_kg;1220;кг;https://robocv.ru/robot-tyagach/;производитель;Масса, кг: 1220;2026-09-15;;да
b4a9ef38-b68a-4c0f-8512-9bc9a718c4e1;Робот-тягач RoboCV;runtime_h;24/7 (замена/подзарядка АКБ);;https://robocv.ru/robot-tyagach/;производитель;"Режим работы: 24/7; Способ заряда АКБ: замена / подзарядка";2026-09-15;;да
b4a9ef38-b68a-4c0f-8512-9bc9a718c4e1;Робот-тягач RoboCV;throughput;не найдено;;;нет источника;;2026-09-15;не найдено;
b4a9ef38-b68a-4c0f-8512-9bc9a718c4e1;Робот-тягач RoboCV;trl;8;УГТ (1–9);catalog_export_v4.csv;организатор;УГТ: 8;2026-09-15;;
0ece582a-084c-4a8b-99f4-576f0e01b7c8;ARS SmartCube;availability_status;operation;;catalog_export_v4.csv;организатор;статус: operation;2026-09-15;"operation = эксплуатация; piloting = пилот";
0ece582a-084c-4a8b-99f4-576f0e01b7c8;ARS SmartCube;case_reference;Автоматизирован даркстор X5 Group: были роботизированы хранение сухих товаров и сборка клиентских заказов для онлайн-доставки.;;catalog_export_v4.csv;организатор;Автоматизирован даркстор X5 Group: были роботизированы хранение сухих товаров и сборка клиентских заказов для онлайн-доставки.;2026-09-15;кейс из каталога организатора;
0ece582a-084c-4a8b-99f4-576f0e01b7c8;ARS SmartCube;charge_time_h;4;ч;https://arobosys.ru/robot;производитель;Время зарядки 4 часа;2026-09-15;;да
0ece582a-084c-4a8b-99f4-576f0e01b7c8;ARS SmartCube;charging_infrastructure;"зарядные станции, робот подъезжает при снижении заряда; 100 Вт";;https://arobosys.ru/robot;производитель;Для зарядки робота используются зарядные станции ... Энергопотребление 100 Ватт;2026-09-15;;да
0ece582a-084c-4a8b-99f4-576f0e01b7c8;ARS SmartCube;country;Россия;;catalog_export_v4.csv;организатор;Регион: Москва;2026-09-15;страна выведена из российского региона в каталоге;
0ece582a-084c-4a8b-99f4-576f0e01b7c8;ARS SmartCube;dimensions_mm;"ящик EC-64 600×400, высота 220–420; до 14 уровней";мм;https://arobosys.ru/box;производитель;"ящики стандарта EC-64** (Ш: 600 мм; Д: 400 мм) ... высоту ящика (от 220 мм до 420 мм)";2026-09-15;габариты робота не опубликованы;да
0ece582a-084c-4a8b-99f4-576f0e01b7c8;ARS SmartCube;lift_height_mm;6000;мм (макс. высота шахт);https://arobosys.ru/mines;производитель;Высота шахт Максимальное высота: 6 м;2026-09-15;"расходится: на главной - до 14 м; проверка 2026-09-23: стандартный ряд шахт 1-6 м, до 14 м под заказ по высоте потолка";да
0ece582a-084c-4a8b-99f4-576f0e01b7c8;ARS SmartCube;lift_height_mm;14000;мм (высота шахт);https://arobosys.ru/;производитель;Высота шахт зависит от вашей высоты потолка и может достигать 14 метров;2026-09-15;расходится с о страницей «Шахты» (6 м);
0ece582a-084c-4a8b-99f4-576f0e01b7c8;ARS SmartCube;lift_height_mm;6000;мм;https://monocle.ru/monocle/2025/10/kubicheskiye-roboty-uplotnyat-vashi-sklady/;СМИ;достают с глубины до шести метров ящики;2026-09-23;;
0ece582a-084c-4a8b-99f4-576f0e01b7c8;ARS SmartCube;lift_speed_m_s;1.2;м/с;https://arobosys.ru/robot;производитель;Скорость подъема ящика 1,2 м/c;2026-09-15;;да
0ece582a-084c-4a8b-99f4-576f0e01b7c8;ARS SmartCube;limitations;"доступ к нижним ящикам через «раскопку» 30 с – 3 мин; груз ≤30 кг";;https://arobosys.ru/box;производитель;время забора может варьироваться от 30 секунд до 3-х минут;2026-09-15;;да
0ece582a-084c-4a8b-99f4-576f0e01b7c8;ARS SmartCube;maintenance;"робот: ТО раз в полгода и год; шахты: затяжка болтов раз в 3 мес, инспекция раз в год";;https://arobosys.ru/mines;производитель;Раз в 3 месяца проводится контроль затяжки болтового соединения. Раз в год инспекция несущей конструкции.;2026-09-15;;да
0ece582a-084c-4a8b-99f4-576f0e01b7c8;ARS SmartCube;manufacturer;"ООО ""АРС""";;catalog_export_v4.csv;организатор;"компания: ООО ""АРС""";2026-09-15;;
0ece582a-084c-4a8b-99f4-576f0e01b7c8;ARS SmartCube;max_speed_m_s;2.7;м/с;https://arobosys.ru/robot;производитель;Линейная скорость 2,7 м/с (ускорение 1,2 м/с2);2026-09-15;расходится: на той же странице в тексте - 2,1 м/с;да
0ece582a-084c-4a8b-99f4-576f0e01b7c8;ARS SmartCube;max_speed_m_s;2.1;м/с;https://arobosys.ru/robot;производитель;Максимальная скорость движения составляет 2,1 м/с;2026-09-15;"расходится с таблицей ТТХ (2,7 м/с); проверка 2026-09-23: обе цифры на одной странице, 2,1 в тексте и 2,7 в таблице, производитель противоречит сам себе";да
0ece582a-084c-4a8b-99f4-576f0e01b7c8;ARS SmartCube;max_speed_m_s;4;м/с;https://monocle.ru/monocle/2025/10/kubicheskiye-roboty-uplotnyat-vashi-sklady/;СМИ;двигаются мобильные роботы со скоростью до четырех метров в секунду;2026-09-23;СМИ, при данных производителя не учитывается;
0ece582a-084c-4a8b-99f4-576f0e01b7c8;ARS SmartCube;navigation_type;рельсовая 2D-сетка над шахтами, датчики на роботе;;https://arobosys.ru/robot;производитель;Робот перемещается по рельсам над шахтами, которые образуют 2d координатную сетку.;2026-09-15;;да
0ece582a-084c-4a8b-99f4-576f0e01b7c8;ARS SmartCube;operating_conditions;"робот и ящик 0…40 °C; шахты −20…40 °C; нагрузка на пол до 2000 кг/м²";;https://arobosys.ru/mines;производитель;Нагрузка на пол Максимальная нагрузка: 2 000 кг / м2 ... Рабочая температура -20°C до 40°C;2026-09-15;;да
0ece582a-084c-4a8b-99f4-576f0e01b7c8;ARS SmartCube;payload_kg;30 (ящик);кг;https://arobosys.ru/robot;производитель;Максимальный вес ящика 30 кг;2026-09-15;;да
0ece582a-084c-4a8b-99f4-576f0e01b7c8;ARS SmartCube;positioning_accuracy_mm;не найдено;;;нет источника;;2026-09-15;не найдено;
0ece582a-084c-4a8b-99f4-576f0e01b7c8;ARS SmartCube;price_rub;2 700 000;₽;catalog_export_v4.csv;организатор;Цена изделия: 2 700 000,00;2026-09-15;цена из каталога организатора;
0ece582a-084c-4a8b-99f4-576f0e01b7c8;ARS SmartCube;processes;Внутрискладская логистика / Умная система хранения;;catalog_export_v4.csv;организатор;Сценарий: Внутрискладская логистика;2026-09-15;;
0ece582a-084c-4a8b-99f4-576f0e01b7c8;ARS SmartCube;robot_mass_kg;130;кг (без ящика);https://arobosys.ru/robot;производитель;Вес робота 130 кг (без ящика);2026-09-15;;да
0ece582a-084c-4a8b-99f4-576f0e01b7c8;ARS SmartCube;runtime_h;8;ч;https://arobosys.ru/robot;производитель;Время автономной работы 8 часов;2026-09-15;;да
0ece582a-084c-4a8b-99f4-576f0e01b7c8;ARS SmartCube;service_life;25 (шахты);лет;https://arobosys.ru/mines;производитель;Срок службы 25 лет;2026-09-15;;да
0ece582a-084c-4a8b-99f4-576f0e01b7c8;ARS SmartCube;software_licence_cost;рассчитывается индивидуально;;https://arobosys.ru/software;производитель;Стоимость программного обеспечения рассчитывается индивидуально.;2026-09-15;ПО в реестре российского ПО №20145;да
0ece582a-084c-4a8b-99f4-576f0e01b7c8;ARS SmartCube;station_area_m2;2;м²;https://arobosys.ru/station;производитель;Площадь 2 квадратных метра;2026-09-15;;да
0ece582a-084c-4a8b-99f4-576f0e01b7c8;ARS SmartCube;throughput;200;ящиков/ч на станцию;https://arobosys.ru/station;производитель;Производительность 200 ящиков в час (18 секунд на ящик с учетом пикинга);2026-09-15;на станции нужно 3–5 роботов;да
0ece582a-084c-4a8b-99f4-576f0e01b7c8;ARS SmartCube;throughput;50→400;SKU/ч на сотрудника;https://gazprombank.investments/blog/reviews/ars-smart-robotics/;СМИ;увеличивает производительность одного сотрудника с 50 до 400 SKU в час;2026-09-15;расчет компании в обзоре;
0ece582a-084c-4a8b-99f4-576f0e01b7c8;ARS SmartCube;trl;8;УГТ (1–9);catalog_export_v4.csv;организатор;УГТ: 8;2026-09-15;;
0ece582a-084c-4a8b-99f4-576f0e01b7c8;ARS SmartCube;wms_integration;"ARS Order Management System ↔ WMS заказчика; сервер или SaaS";;https://arobosys.ru/software;производитель;ARS Order Management System взаимодействует с WMS системой заказчика ... облачному решению (SaaS);2026-09-15;;да
19a68304-56f7-432f-afd8-b97b2b8466ba;Беспилотный погрузчик (МФТИ);availability_status;piloting;;catalog_export_v4.csv;организатор;статус: piloting;2026-09-15;"operation = эксплуатация; piloting = пилот";
19a68304-56f7-432f-afd8-b97b2b8466ba;Беспилотный погрузчик (МФТИ);case_reference;Разработан программно-аппаратный комплекс «Беспилотный погрузчик» для автономной работы на складах в одном пространстве с людьми. Пилотные проекты реализованы в логистических центрах «ВкусВилл», X5 Group и СберЛогистика, первое коммерческое использование начато для компании «НижБел».;;catalog_export_v4.csv;организатор;Разработан программно-аппаратный комплекс «Беспилотный погрузчик» для автономной работы на складах в одном пространстве с людьми. Пилотные проекты реализованы в логистических центрах «ВкусВилл», X5 Gr;2026-09-15;кейс из каталога организатора;
19a68304-56f7-432f-afd8-b97b2b8466ba;Беспилотный погрузчик (МФТИ);charge_time_h;не найдено;;;нет источника;;2026-09-15;не найдено;
19a68304-56f7-432f-afd8-b97b2b8466ba;Беспилотный погрузчик (МФТИ);charging_infrastructure;потолочные метки (установка на объекте);;https://www.cnews.ru/news/line/2026-01-12_deshevo_i_bezopasno_uchenye;СМИ;Потолочные метки не стираются, не пачкаются, долговечны и не вызывают сложностей при установке.;2026-09-15;;
19a68304-56f7-432f-afd8-b97b2b8466ba;Беспилотный погрузчик (МФТИ);country;Россия;;catalog_export_v4.csv;организатор;Регион: Москва;2026-09-15;страна выведена из российского региона в каталоге;
19a68304-56f7-432f-afd8-b97b2b8466ba;Беспилотный погрузчик (МФТИ);dimensions_mm;не найдено;;;нет источника;;2026-09-15;не найдено;
19a68304-56f7-432f-afd8-b97b2b8466ba;Беспилотный погрузчик (МФТИ);lift_height_mm;не найдено;;;нет источника;;2026-09-15;не найдено;
19a68304-56f7-432f-afd8-b97b2b8466ba;Беспилотный погрузчик (МФТИ);manufacturer;МФТИ;;catalog_export_v4.csv;организатор;компания: МФТИ;2026-09-15;;
19a68304-56f7-432f-afd8-b97b2b8466ba;Беспилотный погрузчик (МФТИ);max_speed_m_s;не найдено;;;нет источника;;2026-09-15;не найдено;
19a68304-56f7-432f-afd8-b97b2b8466ba;Беспилотный погрузчик (МФТИ);min_aisle_width_mm;не найдено;;;нет источника;;2026-09-15;не найдено;
19a68304-56f7-432f-afd8-b97b2b8466ba;Беспилотный погрузчик (МФТИ);navigation_type;"камера + потолочные оптические метки (код Хэмминга); 2 лидара безопасности";;https://www.cnews.ru/news/line/2026-01-12_deshevo_i_bezopasno_uchenye;СМИ;навигационная камера, которая считывает круглые оптические метки на потолке, закодированные по коду Хэмминга;2026-09-15;;
19a68304-56f7-432f-afd8-b97b2b8466ba;Беспилотный погрузчик (МФТИ);payload_kg;2000;кг;https://lognews.ru/mfti-razrabotal-programmno-apparatnyy-kompleks-dlya-bespilotnoy-raboty-skladskikh-pogruzchikov;СМИ;автономно перемещает грузы массой до двух тонн;2026-09-15;две публикации одного пресс-релиза МФТИ;
19a68304-56f7-432f-afd8-b97b2b8466ba;Беспилотный погрузчик (МФТИ);payload_kg;2000;кг;https://www.cnews.ru/news/line/2026-01-12_deshevo_i_bezopasno_uchenye;СМИ;перемещает грузы весом до двух тонн;2026-09-15;;
19a68304-56f7-432f-afd8-b97b2b8466ba;Беспилотный погрузчик (МФТИ);positioning_accuracy_mm;не найдено;;;нет источника;;2026-09-15;не найдено;
19a68304-56f7-432f-afd8-b97b2b8466ba;Беспилотный погрузчик (МФТИ);price_rub;3 000 000;₽;catalog_export_v4.csv;организатор;Цена изделия: 3 000 000,00;2026-09-15;цена из каталога организатора;
19a68304-56f7-432f-afd8-b97b2b8466ba;Беспилотный погрузчик (МФТИ);processes;Внутрискладская логистика / Беспилотный погрузчик;;catalog_export_v4.csv;организатор;Сценарий: Внутрискладская логистика;2026-09-15;;
19a68304-56f7-432f-afd8-b97b2b8466ba;Беспилотный погрузчик (МФТИ);robot_mass_kg;не найдено;;;нет источника;;2026-09-15;не найдено;
19a68304-56f7-432f-afd8-b97b2b8466ba;Беспилотный погрузчик (МФТИ);runtime_h;не найдено;;;нет источника;;2026-09-15;не найдено;
19a68304-56f7-432f-afd8-b97b2b8466ba;Беспилотный погрузчик (МФТИ);throughput;не найдено;;;нет источника;;2026-09-15;не найдено;
19a68304-56f7-432f-afd8-b97b2b8466ba;Беспилотный погрузчик (МФТИ);trl;7;УГТ (1–9);catalog_export_v4.csv;организатор;УГТ: 7;2026-09-15;;
19a68304-56f7-432f-afd8-b97b2b8466ba;Беспилотный погрузчик (МФТИ);wms_integration;задания из WMS через собственную систему управления роботами;;https://lognews.ru/mfti-razrabotal-programmno-apparatnyy-kompleks-dlya-bespilotnoy-raboty-skladskikh-pogruzchikov;СМИ;Задания техника получает из WMS через собственную систему управления роботами;2026-09-15;;
ecd7d582-b342-449a-b43b-66288d159a32;SM Robotics MULE;availability_status;piloting;;catalog_export_v4.csv;организатор;статус: piloting;2026-09-15;"operation = эксплуатация; piloting = пилот";
ecd7d582-b342-449a-b43b-66288d159a32;SM Robotics MULE;case_reference;Робот прошел пилотное тестирование на складе 3PL-оператора RFL. Пилот проходит на широкопроходном складе площадью 20 000 м² на 27 000 палетомест с интенсивным палетным потоком;;catalog_export_v4.csv;организатор;Робот прошел пилотное тестирование на складе 3PL-оператора RFL. Пилот проходит на широкопроходном складе площадью 20 000 м² на 27 000 палетомест с интенсивным палетным потоком;2026-09-15;кейс из каталога организатора;
ecd7d582-b342-449a-b43b-66288d159a32;SM Robotics MULE;charge_time_h;не найдено;;;нет источника;;2026-09-15;не найдено;
ecd7d582-b342-449a-b43b-66288d159a32;SM Robotics MULE;charging_infrastructure;автоматическая зарядка;;https://sm-robotics.ru/;производитель;Тип зарядки ... автоматическая;2026-09-15;;да
ecd7d582-b342-449a-b43b-66288d159a32;SM Robotics MULE;country;Россия;;catalog_export_v4.csv;организатор;Регион: Москва;2026-09-15;страна выведена из российского региона в каталоге;
ecd7d582-b342-449a-b43b-66288d159a32;SM Robotics MULE;dimensions_mm;не найдено;;;нет источника;;2026-09-15;не найдено;
ecd7d582-b342-449a-b43b-66288d159a32;SM Robotics MULE;lift_height_mm;не найдено;;;нет источника;;2026-09-15;не найдено;
ecd7d582-b342-449a-b43b-66288d159a32;SM Robotics MULE;manufacturer;ООО «СМ РОБОТИКС»;;catalog_export_v4.csv;организатор;компания: ООО «СМ РОБОТИКС»;2026-09-15;;
ecd7d582-b342-449a-b43b-66288d159a32;SM Robotics MULE;max_speed_m_s;1.3;м/с;https://sm-robotics.ru/;производитель;Скорость ... 1,3 м/с;2026-09-15;;да
ecd7d582-b342-449a-b43b-66288d159a32;SM Robotics MULE;min_aisle_width_mm;не найдено;;;нет источника;;2026-09-15;не найдено;
ecd7d582-b342-449a-b43b-66288d159a32;SM Robotics MULE;navigation_type;SLAM;;https://sm-robotics.ru/;производитель;SLAM-навигация ... Автоматическое построение карты роботом;2026-09-15;;да
ecd7d582-b342-449a-b43b-66288d159a32;SM Robotics MULE;payload_kg;1500;кг;https://sm-robotics.ru/;производитель;Грузоподъемность ... 1500 кг;2026-09-15;;да
ecd7d582-b342-449a-b43b-66288d159a32;SM Robotics MULE;positioning_accuracy_mm;не найдено;;;нет источника;;2026-09-15;не найдено;
ecd7d582-b342-449a-b43b-66288d159a32;SM Robotics MULE;price_rub;3 000 000;₽;catalog_export_v4.csv;организатор;Цена изделия: 3 000 000,00;2026-09-15;цена из каталога организатора;
ecd7d582-b342-449a-b43b-66288d159a32;SM Robotics MULE;processes;Внутрискладская логистика / FMR;;catalog_export_v4.csv;организатор;Сценарий: Внутрискладская логистика;2026-09-15;;
ecd7d582-b342-449a-b43b-66288d159a32;SM Robotics MULE;raas_rental;Robot-as-a-Service «всё включено»: аренда, внедрение, сервис, замена робота, техподдержка 24/7;;https://sm-robotics.ru/;производитель;мы оказываем услугу по аренде, внедрению и полному техническому сопровождению роботов ... техподдержка 24/7;2026-09-15;;да
ecd7d582-b342-449a-b43b-66288d159a32;SM Robotics MULE;robot_mass_kg;не найдено;;;нет источника;;2026-09-15;не найдено;
ecd7d582-b342-449a-b43b-66288d159a32;SM Robotics MULE;runtime_h;не найдено;;;нет источника;;2026-09-15;не найдено;
ecd7d582-b342-449a-b43b-66288d159a32;SM Robotics MULE;throughput;не найдено;;;нет источника;;2026-09-15;не найдено;
ecd7d582-b342-449a-b43b-66288d159a32;SM Robotics MULE;trl;7;УГТ (1–9);catalog_export_v4.csv;организатор;УГТ: 7;2026-09-15;;
ecd7d582-b342-449a-b43b-66288d159a32;SM Robotics MULE;wms_integration;флот-менеджер M-CONTROL с интеграцией WMS;;https://sm-robotics.ru/;производитель;Система управления флотом M-CONTROL ... Интеграция с WMS склада;2026-09-15;;да
cebbdfa8-500a-425f-bcbc-ad2dcc106539;ДиКом AS-RS P;availability_status;operation;;catalog_export_v4.csv;организатор;статус: operation;2026-09-15;"operation = эксплуатация; piloting = пилот";
cebbdfa8-500a-425f-bcbc-ad2dcc106539;ДиКом AS-RS P;case_reference;ООО «ЭНКОР» — автоматизированный паллетный склад с краном-штабелером;;catalog_export_v4.csv;организатор;ООО «ЭНКОР» — автоматизированный паллетный склад с краном-штабелером;2026-09-15;кейс из каталога организатора;
cebbdfa8-500a-425f-bcbc-ad2dcc106539;ДиКом AS-RS P;country;Россия;;catalog_export_v4.csv;организатор;Регион: Санкт-Петербург;2026-09-15;страна выведена из российского региона в каталоге;
cebbdfa8-500a-425f-bcbc-ad2dcc106539;ДиКом AS-RS P;dimensions_mm;тара EUR-поддон 1200×800;мм;https://www.kiit.ru/product/avtomatizirovannyy-sklad-dikom-as-rs-p/;интегратор;Тип тары: EUR-поддон размером 1200х800 мм;2026-09-15;;
cebbdfa8-500a-425f-bcbc-ad2dcc106539;ДиКом AS-RS P;lift_height_mm;24000;мм;https://www.kiit.ru/product/avtomatizirovannyy-sklad-dikom-as-rs-p/;интегратор;Максимальная высота: до 24 метров;2026-09-15;;
cebbdfa8-500a-425f-bcbc-ad2dcc106539;ДиКом AS-RS P;manufacturer;"ООО ""Диком-Сервис""";;catalog_export_v4.csv;организатор;"компания: ООО ""Диком-Сервис""";2026-09-15;;
cebbdfa8-500a-425f-bcbc-ad2dcc106539;ДиКом AS-RS P;max_speed_m_s;3 (гор.) / 1 (верт.);м/с;https://www.kiit.ru/product/avtomatizirovannyy-sklad-dikom-as-rs-p/;интегратор;Горизонтальная скорость движения: до 3 м/с ... Вертикальная скорость: до 1 м/с;2026-09-15;расходится: на той же странице «Горизонтальная скорость - 2 м/с»;
cebbdfa8-500a-425f-bcbc-ad2dcc106539;ДиКом AS-RS P;max_speed_m_s;2 (гор.);м/с;https://www.kiit.ru/product/avtomatizirovannyy-sklad-dikom-as-rs-p/;интегратор;Максимальная грузоподъемность — 3,000 кг. Горизонтальная скорость — 2 м/с.;2026-09-15;расходится с «до 3 м/с»;
cebbdfa8-500a-425f-bcbc-ad2dcc106539;ДиКом AS-RS P;payload_kg;3000;кг;https://www.kiit.ru/product/avtomatizirovannyy-sklad-dikom-as-rs-p/;интегратор;Максимальная нагрузка: 3000 кг;2026-09-15;;
cebbdfa8-500a-425f-bcbc-ad2dcc106539;ДиКом AS-RS P;positioning_accuracy_mm;не найдено;;;нет источника;;2026-09-15;не найдено;
cebbdfa8-500a-425f-bcbc-ad2dcc106539;ДиКом AS-RS P;price_rub;10 000 000;₽;catalog_export_v4.csv;организатор;Цена изделия: 10 000 000,00;2026-09-15;цена из каталога организатора;
cebbdfa8-500a-425f-bcbc-ad2dcc106539;ДиКом AS-RS P;processes;Сортировка грузов / Кран-штабелёр;;catalog_export_v4.csv;организатор;Сценарий: Сортировка грузов;2026-09-15;;
cebbdfa8-500a-425f-bcbc-ad2dcc106539;ДиКом AS-RS P;robot_mass_kg;не найдено;;;нет источника;;2026-09-15;не найдено;
cebbdfa8-500a-425f-bcbc-ad2dcc106539;ДиКом AS-RS P;throughput;не найдено;;;нет источника;;2026-09-15;не найдено;
cebbdfa8-500a-425f-bcbc-ad2dcc106539;ДиКом AS-RS P;trl;9;УГТ (1–9);catalog_export_v4.csv;организатор;УГТ: 9;2026-09-15;;
cebbdfa8-500a-425f-bcbc-ad2dcc106539;ДиКом AS-RS P;wms_integration;ДиКом СУАС: интеграция с WMS/MES/ERP;;https://www.kiit.ru/product/avtomatizirovannyy-sklad-dikom-as-rs-p/;интегратор;Система управления «ДиКом СУАС» ... интеграции с WMS, MES, ERP системами заказчика;2026-09-15;;
c125ce9a-8f04-4183-a136-5ddbb3c5ae89;ДиКом AS-RS B;availability_status;piloting;;catalog_export_v4.csv;организатор;статус: piloting;2026-09-15;"operation = эксплуатация; piloting = пилот";
c125ce9a-8f04-4183-a136-5ddbb3c5ae89;ДиКом AS-RS B;case_reference;"Применим для хранения и сортировки грузов на складе по принципу ""Товар к человеку""";;catalog_export_v4.csv;организатор;"Применим для хранения и сортировки грузов на складе по принципу ""Товар к человеку""";2026-09-15;кейс из каталога организатора;
c125ce9a-8f04-4183-a136-5ddbb3c5ae89;ДиКом AS-RS B;country;Россия;;catalog_export_v4.csv;организатор;Регион: Санкт-Петербург;2026-09-15;страна выведена из российского региона в каталоге;
c125ce9a-8f04-4183-a136-5ddbb3c5ae89;ДиКом AS-RS B;dimensions_mm;тара KLT 600×400×220/340/420;мм;https://www.kiit.ru/product/avtomatizirovannyy-sklad-dikom-as-rs-b/;интегратор;Тип тары — KLT ящик 600x400x220/340/420 мм;2026-09-15;;
c125ce9a-8f04-4183-a136-5ddbb3c5ae89;ДиКом AS-RS B;infrastructure;"фронтальный паллетный стеллаж; троллей на высоте 2800 мм; захват DD Double Deep";;https://www.kiit.ru/product/avtomatizirovannyy-sklad-dikom-as-rs-b/;интегратор;Троллей фиксируется через кронштейны на высоте 2800 мм от пола;2026-09-15;;
c125ce9a-8f04-4183-a136-5ddbb3c5ae89;ДиКом AS-RS B;lift_height_mm;12000;мм;https://www.kiit.ru/product/avtomatizirovannyy-sklad-dikom-as-rs-b/;интегратор;Макс. высота хранения — 12 м;2026-09-15;;
c125ce9a-8f04-4183-a136-5ddbb3c5ae89;ДиКом AS-RS B;manufacturer;"ООО ""Диком-Сервис""";;catalog_export_v4.csv;организатор;"компания: ООО ""Диком-Сервис""";2026-09-15;;
c125ce9a-8f04-4183-a136-5ddbb3c5ae89;ДиКом AS-RS B;max_speed_m_s;4 (гор.) / 2 (верт.);м/с;https://www.kiit.ru/product/avtomatizirovannyy-sklad-dikom-as-rs-b/;интегратор;Горизонтальная скорость — до 4 м/с • Вертикальная скорость — до 2 м/с;2026-09-15;;
c125ce9a-8f04-4183-a136-5ddbb3c5ae89;ДиКом AS-RS B;payload_kg;30;кг (на робота-штабелёр);https://www.kiit.ru/product/avtomatizirovannyy-sklad-dikom-as-rs-b/;интегратор;Нагрузка на робота-штабелера — 30 кг;2026-09-15;;
c125ce9a-8f04-4183-a136-5ddbb3c5ae89;ДиКом AS-RS B;positioning_accuracy_mm;не найдено;;;нет источника;;2026-09-15;не найдено;
c125ce9a-8f04-4183-a136-5ddbb3c5ae89;ДиКом AS-RS B;price_rub;10 000 000;₽;catalog_export_v4.csv;организатор;Цена изделия: 10 000 000,00;2026-09-15;цена из каталога организатора;
c125ce9a-8f04-4183-a136-5ddbb3c5ae89;ДиКом AS-RS B;price_rub;10 000 000;₽;https://www.kiit.ru/product/avtomatizirovannyy-sklad-dikom-as-rs-b/;интегратор;10 000 000 ₽;2026-09-15;совпадает с каталогом организатора;
c125ce9a-8f04-4183-a136-5ddbb3c5ae89;ДиКом AS-RS B;processes;Сортировка грузов / Робот-штабелёр;;catalog_export_v4.csv;организатор;Сценарий: Сортировка грузов;2026-09-15;;
c125ce9a-8f04-4183-a136-5ddbb3c5ae89;ДиКом AS-RS B;robot_mass_kg;не найдено;;;нет источника;;2026-09-15;не найдено;
c125ce9a-8f04-4183-a136-5ddbb3c5ae89;ДиКом AS-RS B;throughput;не найдено;;;нет источника;;2026-09-15;не найдено;
c125ce9a-8f04-4183-a136-5ddbb3c5ae89;ДиКом AS-RS B;trl;6;УГТ (1–9);catalog_export_v4.csv;организатор;УГТ: 6;2026-09-15;;
c125ce9a-8f04-4183-a136-5ddbb3c5ae89;ДиКом AS-RS B;wms_integration;интеграция с WMS;;https://www.kiit.ru/product/avtomatizirovannyy-sklad-dikom-as-rs-b/;интегратор;за счет автоматизации и интеграции с WMS-системами;2026-09-15;;
eff2586c-892d-4e44-a407-1ec7f06c8f76;Стелкон Pallet Shuttle;availability_status;operation;;catalog_export_v4.csv;организатор;статус: operation;2026-09-15;"operation = эксплуатация; piloting = пилот";
eff2586c-892d-4e44-a407-1ec7f06c8f76;Стелкон Pallet Shuttle;case_reference;Завод «Святой Источник» — автоматизация высокоплотного паллетного хранения;;catalog_export_v4.csv;организатор;Завод «Святой Источник» — автоматизация высокоплотного паллетного хранения;2026-09-15;кейс из каталога организатора;
eff2586c-892d-4e44-a407-1ec7f06c8f76;Стелкон Pallet Shuttle;charge_time_h;не найдено;;;нет источника;;2026-09-15;не найдено;
eff2586c-892d-4e44-a407-1ec7f06c8f76;Стелкон Pallet Shuttle;country;Россия;;catalog_export_v4.csv;организатор;Регион: Московская область;2026-09-15;страна выведена из российского региона в каталоге;
eff2586c-892d-4e44-a407-1ec7f06c8f76;Стелкон Pallet Shuttle;dimensions_mm;≈1200×800×200;мм;Примеры_решений_типы_объектов.docx;организатор;ориентировочно 1200 × 800 × 200 мм.;2026-09-15;;
eff2586c-892d-4e44-a407-1ec7f06c8f76;Стелкон Pallet Shuttle;infrastructure;"доп. пара рельсов на 20–25 см ниже основных; загрузка погрузчиком/штабелёром";;https://www.stelkon.ru/catalog/palletnye-stellazhi/pallet/;производитель;стеллаж для системы Pallet Shuttle имеет еще одну пару рельсов на 20–25 см ниже основных;2026-09-15;;да
eff2586c-892d-4e44-a407-1ec7f06c8f76;Стелкон Pallet Shuttle;lift_height_mm;12000–15000;мм (высота склада);Примеры_решений_типы_объектов.docx;организатор;Высота складов: До 12–15 метров;2026-09-15;;
eff2586c-892d-4e44-a407-1ec7f06c8f76;Стелкон Pallet Shuttle;manufacturer;"ООО ""Завод Стелкон""";;catalog_export_v4.csv;организатор;"компания: ООО ""Завод Стелкон""";2026-09-15;;
eff2586c-892d-4e44-a407-1ec7f06c8f76;Стелкон Pallet Shuttle;max_speed_m_s;0.75–1.0;м/с;Примеры_решений_типы_объектов.docx;организатор;Скорость перемещения (с грузом / без груза): До 0,75–1,0 м/с.;2026-09-15;;
eff2586c-892d-4e44-a407-1ec7f06c8f76;Стелкон Pallet Shuttle;operating_conditions;"канальные стеллажи; холодильные/морозильные исполнения";;Примеры_решений_типы_объектов.docx;организатор;работа в канальных стеллажах, возможны исполнения для холодильных и морозильных складов.;2026-09-15;;
eff2586c-892d-4e44-a407-1ec7f06c8f76;Стелкон Pallet Shuttle;operating_conditions;"морозильные камеры до −35 °C; длина канала не ограничена; FIFO/LIFO";;https://www.stelkon.ru/catalog/palletnye-stellazhi/pallet/;производитель;Работа в морозильных камерах до – 35°С ... Длина канала неограниченна;2026-09-15;;да
eff2586c-892d-4e44-a407-1ec7f06c8f76;Стелкон Pallet Shuttle;payback;2–4 (роботизированная шаттловая система);лет;https://www.stelkon.ru/catalog/robotizirovannye-shattlovye-sistemy/;производитель;-Внедрение: 1-2 месяца -Период окупаемости: 2-4 года;2026-09-15;для роботизированной шаттловой системы в целом;да
eff2586c-892d-4e44-a407-1ec7f06c8f76;Стелкон Pallet Shuttle;payload_kg;1500;кг;Примеры_решений_типы_объектов.docx;организатор;Грузоподъемность: До 1500 кг;2026-09-15;;
eff2586c-892d-4e44-a407-1ec7f06c8f76;Стелкон Pallet Shuttle;price_rub;7 000 000;₽;catalog_export_v4.csv;организатор;Цена изделия: 7 000 000,00;2026-09-15;цена из каталога организатора;
eff2586c-892d-4e44-a407-1ec7f06c8f76;Стелкон Pallet Shuttle;processes;Сортировка грузов / Шаттл;;catalog_export_v4.csv;организатор;Сценарий: Сортировка грузов;2026-09-15;;
eff2586c-892d-4e44-a407-1ec7f06c8f76;Стелкон Pallet Shuttle;robot_mass_kg;не найдено;;;нет источника;;2026-09-15;не найдено;
eff2586c-892d-4e44-a407-1ec7f06c8f76;Стелкон Pallet Shuttle;runtime_h;8–10+;ч;Примеры_решений_типы_объектов.docx;организатор;в течение рабочей смены (в среднем 8–10+ часов).;2026-09-15;;
eff2586c-892d-4e44-a407-1ec7f06c8f76;Стелкон Pallet Shuttle;service;сервисный центр: ввод, программирование, ТО, ремонт, склад запчастей;;https://www.stelkon.ru/catalog/palletnye-stellazhi/pallet/shuttle/;производитель;Сервисный центр нашей компании имеет собственный регулярно пополняемый склад запчастей;2026-09-15;;да
eff2586c-892d-4e44-a407-1ec7f06c8f76;Стелкон Pallet Shuttle;throughput;80–120;паллет/ч на канал;Примеры_решений_типы_объектов.docx;организатор;Производительность: до 80–120 паллет/час на канал.;2026-09-15;;
eff2586c-892d-4e44-a407-1ec7f06c8f76;Стелкон Pallet Shuttle;trl;9;УГТ (1–9);catalog_export_v4.csv;организатор;УГТ: 9;2026-09-15;;
eff2586c-892d-4e44-a407-1ec7f06c8f76;Стелкон Pallet Shuttle;wms_integration;"команды от WMS/ERP или вручную через GUI; ПО в комплекте";;https://www.stelkon.ru/catalog/palletnye-stellazhi/pallet/;производитель;Команды на загрузку и выгрузку паллет могут поступать как в автоматическом режиме от WMS или EPR заказчика;2026-09-15;;да
ce44017e-6ada-421d-bbce-6869b33c2cda;Эйдос А25-1720;availability_status;operation;;catalog_export_v4.csv;организатор;статус: operation;2026-09-15;"operation = эксплуатация; piloting = пилот";
ce44017e-6ada-421d-bbce-6869b33c2cda;Эйдос А25-1720;case_reference;Робот-манипулятор А25-1720 предназначен для погрузки-разгрузки и осуществления сборочных работ, максимальная грузоподъемность до 25 кг;;catalog_export_v4.csv;организатор;Робот-манипулятор А25-1720 предназначен для погрузки-разгрузки и осуществления сборочных работ, максимальная грузоподъемность до 25 кг;2026-09-15;кейс из каталога организатора;
ce44017e-6ada-421d-bbce-6869b33c2cda;Эйдос А25-1720;country;Россия;;catalog_export_v4.csv;организатор;Регион: Республика Татарстан;2026-09-15;страна выведена из российского региона в каталоге;
ce44017e-6ada-421d-bbce-6869b33c2cda;Эйдос А25-1720;manufacturer;"АО ""Эйдос Робототехника""";;catalog_export_v4.csv;организатор;"компания: АО ""Эйдос Робототехника""";2026-09-15;;
ce44017e-6ada-421d-bbce-6869b33c2cda;Эйдос А25-1720;operating_conditions;"0…+45 °C; влажность ≤75%; IP40 (IP65 запястье); 380 В 25 А";;https://derit.ivanovoobl.ru/upload/medialibrary/083/fi80q40iwddzbk8eu9a2jbi32czlgsvh/Каталог промышленной робототехники.pdf;интегратор;Температура рабочей среды, °C: От 0 до +45 ... Класс защиты: IP40 (IP65 для запястья);2026-09-15;;
ce44017e-6ada-421d-bbce-6869b33c2cda;Эйдос А25-1720;payload_kg;25;кг;catalog_export_v4.csv;организатор;максимальная грузоподъемность до 25 кг;2026-09-15;;
ce44017e-6ada-421d-bbce-6869b33c2cda;Эйдос А25-1720;payload_kg;25;кг;https://derit.ivanovoobl.ru/upload/medialibrary/083/fi80q40iwddzbk8eu9a2jbi32czlgsvh/Каталог промышленной робототехники.pdf;интегратор;Максимальная нагрузка, кг: 25;2026-09-15;;
ce44017e-6ada-421d-bbce-6869b33c2cda;Эйдос А25-1720;positioning_accuracy_mm;±0.05 (повторяемость);мм;https://derit.ivanovoobl.ru/upload/medialibrary/083/fi80q40iwddzbk8eu9a2jbi32czlgsvh/Каталог промышленной робототехники.pdf;интегратор;Повторяемость позиционирования, мм: ±0.05;2026-09-15;;
ce44017e-6ada-421d-bbce-6869b33c2cda;Эйдос А25-1720;price_rub;2 000 000;₽;catalog_export_v4.csv;организатор;Цена изделия 2 000 000,00 (строка «Торговля и услуги»);2026-09-15;расходится: в строке «Промышленность» того же id - 2 500 000 ₽;
ce44017e-6ada-421d-bbce-6869b33c2cda;Эйдос А25-1720;price_rub;2 500 000;₽;catalog_export_v4.csv;организатор;Цена изделия 2 500 000,00 (строка «Промышленность»);2026-09-15;расходится внутри каталога организатора;
ce44017e-6ada-421d-bbce-6869b33c2cda;Эйдос А25-1720;processes;Сортировка грузов / Робот-манипулятор;;catalog_export_v4.csv;организатор;Сценарий: Сортировка грузов;2026-09-15;;
ce44017e-6ada-421d-bbce-6869b33c2cda;Эйдос А25-1720;reach_mm;1718;мм;https://derit.ivanovoobl.ru/upload/medialibrary/083/fi80q40iwddzbk8eu9a2jbi32czlgsvh/Каталог промышленной робототехники.pdf;интегратор;Максимальный рабочий радиус, мм: 1718;2026-09-15;;
ce44017e-6ada-421d-bbce-6869b33c2cda;Эйдос А25-1720;robot_mass_kg;235;кг;https://derit.ivanovoobl.ru/upload/medialibrary/083/fi80q40iwddzbk8eu9a2jbi32czlgsvh/Каталог промышленной робототехники.pdf;интегратор;Масса робота, кг: 235;2026-09-15;;
ce44017e-6ada-421d-bbce-6869b33c2cda;Эйдос А25-1720;trl;9;УГТ (1–9);catalog_export_v4.csv;организатор;УГТ: 9;2026-09-15;;
fceeacf0-579f-46cc-92ff-2057fea5da7f;Эйдос А12-1450;availability_status;operation;;catalog_export_v4.csv;организатор;статус: operation;2026-09-15;"operation = эксплуатация; piloting = пилот";
fceeacf0-579f-46cc-92ff-2057fea5da7f;Эйдос А12-1450;case_reference;Как робот‑манипулятор А12 заменил бригаду сварщиков: кейс КАМАЗа Создание учебных РТК на базе А12-1450 в Калужском филиале Института развития профессионального образования;;catalog_export_v4.csv;организатор;Как робот‑манипулятор А12 заменил бригаду сварщиков: кейс КАМАЗа Создание учебных РТК на базе А12-1450 в Калужском филиале Института развития профессионального образования;2026-09-15;кейс из каталога организатора;
fceeacf0-579f-46cc-92ff-2057fea5da7f;Эйдос А12-1450;country;Россия;;catalog_export_v4.csv;организатор;Регион: Республика Татарстан;2026-09-15;страна выведена из российского региона в каталоге;
fceeacf0-579f-46cc-92ff-2057fea5da7f;Эйдос А12-1450;manufacturer;"АО ""Эйдос Робототехника""";;catalog_export_v4.csv;организатор;"компания: АО ""Эйдос Робототехника""";2026-09-15;;
fceeacf0-579f-46cc-92ff-2057fea5da7f;Эйдос А12-1450;payload_kg;12;кг;https://derit.ivanovoobl.ru/upload/medialibrary/083/fi80q40iwddzbk8eu9a2jbi32czlgsvh/Каталог промышленной робототехники.pdf;интегратор;Масса полезной нагрузки 12 кг;2026-09-15;;
fceeacf0-579f-46cc-92ff-2057fea5da7f;Эйдос А12-1450;positioning_accuracy_mm;±0.05 (повторяемость);мм;https://derit.ivanovoobl.ru/upload/medialibrary/083/fi80q40iwddzbk8eu9a2jbi32czlgsvh/Каталог промышленной робототехники.pdf;интегратор;Повторяемость ±0,05 мм;2026-09-15;;
fceeacf0-579f-46cc-92ff-2057fea5da7f;Эйдос А12-1450;price_rub;2 000 000;₽;catalog_export_v4.csv;организатор;Цена изделия 2 000 000,00 (строка «Торговля и услуги»);2026-09-15;"расходится: строка «Промышленность» - 2 500 000 ₽; субсидируемая скидка до 50%";
fceeacf0-579f-46cc-92ff-2057fea5da7f;Эйдос А12-1450;price_rub;2 500 000;₽;catalog_export_v4.csv;организатор;Цена изделия 2 500 000,00 (строка «Промышленность»);2026-09-15;расходится внутри каталога организатора;
fceeacf0-579f-46cc-92ff-2057fea5da7f;Эйдос А12-1450;processes;Сортировка грузов / Робот-манипулятор;;catalog_export_v4.csv;организатор;Сценарий: Сортировка грузов;2026-09-15;;
fceeacf0-579f-46cc-92ff-2057fea5da7f;Эйдос А12-1450;reach_mm;1450;мм;https://derit.ivanovoobl.ru/upload/medialibrary/083/fi80q40iwddzbk8eu9a2jbi32czlgsvh/Каталог промышленной робототехники.pdf;интегратор;Радиус досягаемости 1450 мм;2026-09-15;;
fceeacf0-579f-46cc-92ff-2057fea5da7f;Эйдос А12-1450;robot_mass_kg;не найдено;;;нет источника;;2026-09-15;не найдено;
fceeacf0-579f-46cc-92ff-2057fea5da7f;Эйдос А12-1450;service;"гарантия 1 год; полный сервис; локализация 70%";;https://derit.ivanovoobl.ru/upload/medialibrary/083/fi80q40iwddzbk8eu9a2jbi32czlgsvh/Каталог промышленной робототехники.pdf;интегратор;Гарантия 1 год Сервисное обслуживание полный сервис;2026-09-15;;
fceeacf0-579f-46cc-92ff-2057fea5da7f;Эйдос А12-1450;software;"Python; УГТ 9";;https://eidos-robotics.ru/robot;производитель;Язык программирования Python ... Уровень готовности технологии — 9;2026-09-15;;да
fceeacf0-579f-46cc-92ff-2057fea5da7f;Эйдос А12-1450;trl;9;УГТ (1–9);catalog_export_v4.csv;организатор;УГТ: 9;2026-09-15;;
9dfb0b55-4d9e-47fc-8a28-ad4390147a26;Робот-инвентаризатор (Яндекс Роботикс);availability_status;operation;;catalog_export_v4.csv;организатор;статус: operation;2026-09-15;"operation = эксплуатация; piloting = пилот";
9dfb0b55-4d9e-47fc-8a28-ad4390147a26;Робот-инвентаризатор (Яндекс Роботикс);case_reference;На складе сети «Азбука Вкуса» внедрен робот-инвентаризатор от «Яндекс Роботикс», что позволило ускорить проверку остатков, повысить точность учета и обеспечить годовую экономию более 1 млн рублей.;;catalog_export_v4.csv;организатор;На складе сети «Азбука Вкуса» внедрен робот-инвентаризатор от «Яндекс Роботикс», что позволило ускорить проверку остатков, повысить точность учета и обеспечить годовую экономию более 1 млн рублей.;2026-09-15;кейс из каталога организатора;
9dfb0b55-4d9e-47fc-8a28-ad4390147a26;Робот-инвентаризатор (Яндекс Роботикс);charge_time_h;не найдено;;;нет источника;;2026-09-15;не найдено;
9dfb0b55-4d9e-47fc-8a28-ad4390147a26;Робот-инвентаризатор (Яндекс Роботикс);country;Россия;;catalog_export_v4.csv;организатор;Регион: Москва;2026-09-15;страна выведена из российского региона в каталоге;
9dfb0b55-4d9e-47fc-8a28-ad4390147a26;Робот-инвентаризатор (Яндекс Роботикс);dimensions_mm;не найдено;;;нет источника;;2026-09-15;не найдено;
9dfb0b55-4d9e-47fc-8a28-ad4390147a26;Робот-инвентаризатор (Яндекс Роботикс);economics;экономия >1 млн руб/год (Азбука вкуса);руб/год;https://robotics.yandex.ru/cases/azbuka-vkusa;производитель;Экономия более 1 млн руб в год в зависимости от типа инвентаризации;2026-09-15;;
9dfb0b55-4d9e-47fc-8a28-ad4390147a26;Робот-инвентаризатор (Яндекс Роботикс);inventory_time;"8→2 ч на складской блок; аллея ≤10 мин";;https://robotics.yandex.ru/cases/perekrestok;производитель;Сокращение времени плановой инвентаризации палетной зоны: с 8 до 2 часов на один складской блок;2026-09-15;;
9dfb0b55-4d9e-47fc-8a28-ad4390147a26;Робот-инвентаризатор (Яндекс Роботикс);inventory_time;≤10 мин на аллею;;https://robotics.yandex.ru/cases/novabev;производитель;Инвентаризация одной аллеи занимает не более 10 минут.;2026-09-15;;
9dfb0b55-4d9e-47fc-8a28-ad4390147a26;Робот-инвентаризатор (Яндекс Роботикс);manufacturer;"ООО ""Яндекс Роботикс""";;catalog_export_v4.csv;организатор;"компания: ООО ""Яндекс Роботикс""";2026-09-15;;
9dfb0b55-4d9e-47fc-8a28-ad4390147a26;Робот-инвентаризатор (Яндекс Роботикс);max_speed_m_s;не найдено;;;нет источника;;2026-09-15;не найдено;
9dfb0b55-4d9e-47fc-8a28-ad4390147a26;Робот-инвентаризатор (Яндекс Роботикс);min_aisle_width_mm;не найдено;;;нет источника;;2026-09-15;не найдено;
9dfb0b55-4d9e-47fc-8a28-ad4390147a26;Робот-инвентаризатор (Яндекс Роботикс);navigation_type;лидар + цифровая модель топологии склада;;https://robotics.yandex.ru/cases/perekrestok;производитель;Робот использовал данные с лидара и сопоставлял их с цифровой моделью;2026-09-15;;
9dfb0b55-4d9e-47fc-8a28-ad4390147a26;Робот-инвентаризатор (Яндекс Роботикс);navigation_type;лидар + камеры + ультразвуковые датчики;;https://robotrends.ru/pub/2531/yandeks-robotiks-zapustil-robota-inventarizatora-na-moskovskom-sklade-azbuki-vkusa;СМИ;робот оснащен лидаром, камерами и двумя типами сенсоров, включая ультразвуковые;2026-09-15;;
9dfb0b55-4d9e-47fc-8a28-ad4390147a26;Робот-инвентаризатор (Яндекс Роботикс);payload_kg;н/п;;;нет источника;;2026-09-23;не применимо: инвентаризатор сканирует, груз не возит;
9dfb0b55-4d9e-47fc-8a28-ad4390147a26;Робот-инвентаризатор (Яндекс Роботикс);positioning_accuracy_mm;не найдено;мм;;нет источника;;2026-09-15;"точность позиционирования не найдена; точность инвентаризации ~99% (кейсы «Перекресток», «Азбука вкуса»)";
9dfb0b55-4d9e-47fc-8a28-ad4390147a26;Робот-инвентаризатор (Яндекс Роботикс);price_rub;2 000 000;₽;catalog_export_v4.csv;организатор;Цена изделия: 2 000 000,00;2026-09-15;цена из каталога организатора;
9dfb0b55-4d9e-47fc-8a28-ad4390147a26;Робот-инвентаризатор (Яндекс Роботикс);processes;Инвентаризация склада / Робот инвентаризатор;;catalog_export_v4.csv;организатор;Сценарий: Инвентаризация склада;2026-09-15;;
9dfb0b55-4d9e-47fc-8a28-ad4390147a26;Робот-инвентаризатор (Яндекс Роботикс);raas_rental;модель подписки;;https://www.comnews.ru/digital-economy/content/240469/2025-07-31/2025-w31/1012/azbuka-vkusa-vnedrila-robota-inventarizatora-yandeks-robotiks;СМИ;"работает на складе ""Азбуки вкуса"" по модели подписки – проводит проверку товаров дважды в неделю";2026-09-15;;
9dfb0b55-4d9e-47fc-8a28-ad4390147a26;Робот-инвентаризатор (Яндекс Роботикс);recognition_accuracy;≈99;%;https://robotics.yandex.ru/cases/azbuka-vkusa;производитель;Результат работы робота: точность инвентаризации около 99%;2026-09-15;;
9dfb0b55-4d9e-47fc-8a28-ad4390147a26;Робот-инвентаризатор (Яндекс Роботикс);robot_mass_kg;не найдено;;;нет источника;;2026-09-15;не найдено;
9dfb0b55-4d9e-47fc-8a28-ad4390147a26;Робот-инвентаризатор (Яндекс Роботикс);runtime_h;не найдено;;;нет источника;;2026-09-15;не найдено;
9dfb0b55-4d9e-47fc-8a28-ad4390147a26;Робот-инвентаризатор (Яндекс Роботикс);throughput;до 30 000;паллет/ч;https://www.cemat-russia.ru/news/yandeks-robotiks-uskoril-inventarizatsiyu-na-skladakh-perekryestka/;СМИ;За один час машина обрабатывает до 30 000 паллет — в 500 раз быстрее, чем человек.;2026-09-15;"две публикации одного пресс-релиза X5 (не независимы); цифра требует проверки";
9dfb0b55-4d9e-47fc-8a28-ad4390147a26;Робот-инвентаризатор (Яндекс Роботикс);throughput;до 30 000;паллет/ч;https://e-pepper.ru/news/yandeks-robotiks-uskoryaet-inventarizatsiyu-skladov-x5.html;СМИ;увеличила скорость проверки товаров в 500 раз — до 30 тыс. палет в час;2026-09-15;см. выше;
9dfb0b55-4d9e-47fc-8a28-ad4390147a26;Робот-инвентаризатор (Яндекс Роботикс);trl;8;УГТ (1–9);catalog_export_v4.csv;организатор;УГТ: 8;2026-09-15;;
9dfb0b55-4d9e-47fc-8a28-ad4390147a26;Робот-инвентаризатор (Яндекс Роботикс);wms_integration;API для прямой интеграции с WMS;;https://robotics.yandex.ru/cases/azbuka-vkusa;производитель;был разработан API, который эксперты Яндекс Роботикс доработали с учётом пожеланий клиента;2026-09-15;;
242d637c-6512-4bdf-9964-2c0010259f36;AI Stock Counter 12M (Автомакон/Neurus);availability_status;operation;;catalog_export_v4.csv;организатор;статус: operation;2026-09-15;"operation = эксплуатация; piloting = пилот";
242d637c-6512-4bdf-9964-2c0010259f36;AI Stock Counter 12M (Автомакон/Neurus);case_reference;Сеть «ВкусВилл» начала роботизацию складов, включая внедрение AI Stock Counter 12M, что позволило снизить количество ошибок почти вдвое (с 2200 до 1300), а ежемесячная экономия превышает 350 тысяч рублей.;;catalog_export_v4.csv;организатор;Сеть «ВкусВилл» начала роботизацию складов, включая внедрение AI Stock Counter 12M, что позволило снизить количество ошибок почти вдвое (с 2200 до 1300), а ежемесячная экономия превышает 350 тысяч руб;2026-09-15;кейс из каталога организатора;
242d637c-6512-4bdf-9964-2c0010259f36;AI Stock Counter 12M (Автомакон/Neurus);charge_time_h;не найдено;;;нет источника;;2026-09-15;не найдено;
242d637c-6512-4bdf-9964-2c0010259f36;AI Stock Counter 12M (Автомакон/Neurus);charging_infrastructure;автоматическая зарядка;;https://automacon.ru/inventarizator/;производитель;Автоматическая зарядка робота;2026-09-15;;да
242d637c-6512-4bdf-9964-2c0010259f36;AI Stock Counter 12M (Автомакон/Neurus);country;Россия;;catalog_export_v4.csv;организатор;Регион: Москва;2026-09-15;страна выведена из российского региона в каталоге;
242d637c-6512-4bdf-9964-2c0010259f36;AI Stock Counter 12M (Автомакон/Neurus);dimensions_mm;не найдено;;;нет источника;;2026-09-15;не найдено;
242d637c-6512-4bdf-9964-2c0010259f36;AI Stock Counter 12M (Автомакон/Neurus);economics;заменяет до 20 сотрудников за смену;;https://www.tadviser.ru/index.php/Продукт:AI_Stock_Counter_12M_(робот-инвентаризатор);СМИ;способный заменить до 20 сотрудников за одну смену;2026-09-15;;
242d637c-6512-4bdf-9964-2c0010259f36;AI Stock Counter 12M (Автомакон/Neurus);lift_height_mm;12000 (мачта);мм;https://automacon.ru/inventarizator/;производитель;Мачта высотой 12 м позволяет сканировать даже самые верхние полки;2026-09-15;;да
242d637c-6512-4bdf-9964-2c0010259f36;AI Stock Counter 12M (Автомакон/Neurus);lift_height_mm;12000 (мачта);мм;https://www.neurus.ru/projects/inventory;производитель;Мачта высотой 12 м позволяет сканировать даже самые верхние полки.;2026-09-15;;
242d637c-6512-4bdf-9964-2c0010259f36;AI Stock Counter 12M (Автомакон/Neurus);lift_height_mm;до 14000;мм;https://www.tadviser.ru/index.php/Продукт:AI_Stock_Counter_12M_(робот-инвентаризатор);СМИ;Роботизированный инвентаризатор высотой до 14 метров;2026-09-15;"расходится с производителем (12 м); CNews - «12–14 м»";
242d637c-6512-4bdf-9964-2c0010259f36;AI Stock Counter 12M (Автомакон/Neurus);manufacturer;"ООО ""ГК Автомакон""";;catalog_export_v4.csv;организатор;"компания: ООО ""ГК Автомакон""";2026-09-15;;
242d637c-6512-4bdf-9964-2c0010259f36;AI Stock Counter 12M (Автомакон/Neurus);max_speed_m_s;0.6;м/с;https://automacon.ru/inventarizator/;производитель;Максимальная скорость робота — 0.6 м/с;2026-09-15;Neurus: средняя скорость 0,4 м/с;да
242d637c-6512-4bdf-9964-2c0010259f36;AI Stock Counter 12M (Автомакон/Neurus);avg_speed_m_s;0.4;м/с;https://www.neurus.ru/projects/inventory;производитель;Средняя скорость движения робота — 0.4 м/с;2026-09-15;"средняя скорость, а не максимальная; перенесено в отдельное поле 2026-09-23";
242d637c-6512-4bdf-9964-2c0010259f36;AI Stock Counter 12M (Автомакон/Neurus);max_speed_m_s;0.6;м/с;https://robot.automacon.ru/inventory-robot;производитель;Максимальная скорость робота — 0.6 м/с;2026-09-23;;да
242d637c-6512-4bdf-9964-2c0010259f36;AI Stock Counter 12M (Автомакон/Neurus);min_aisle_width_mm;не найдено;;;нет источника;;2026-09-15;не найдено;
242d637c-6512-4bdf-9964-2c0010259f36;AI Stock Counter 12M (Автомакон/Neurus);navigation_type;"камеры + подсветка; перемещение совместно с паллетоперевозчиком/погрузчиком";;https://lognews.ru/na-raspredelitelnom-centre-vkusvilla-domodedovo-zapuschen-v-rabotu-innovacionnyy-robot;СМИ;может работать совместно со складским роботом-паллетоперевозчиком или другим тяговым устройством, например, вилочным погрузчиком;2026-09-15;"расходится: каталог организатора - нет собственного шасси; сайт Автомакона указывает скорость робота и автоматическую зарядку";
242d637c-6512-4bdf-9964-2c0010259f36;AI Stock Counter 12M (Автомакон/Neurus);payload_kg;н/п;;;нет источника;;2026-09-23;не применимо: инвентаризатор сканирует, груз не возит;
242d637c-6512-4bdf-9964-2c0010259f36;AI Stock Counter 12M (Автомакон/Neurus);positioning_accuracy_mm;не найдено;;;нет источника;;2026-09-15;не найдено;
242d637c-6512-4bdf-9964-2c0010259f36;AI Stock Counter 12M (Автомакон/Neurus);price_rub;2 600 000;₽;catalog_export_v4.csv;организатор;Цена изделия: 2 600 000,00;2026-09-15;цена из каталога организатора;
242d637c-6512-4bdf-9964-2c0010259f36;AI Stock Counter 12M (Автомакон/Neurus);processes;Инвентаризация склада / Робот-инвентаризатор;;catalog_export_v4.csv;организатор;Сценарий: Инвентаризация склада;2026-09-15;;
242d637c-6512-4bdf-9964-2c0010259f36;AI Stock Counter 12M (Автомакон/Neurus);robot_mass_kg;не найдено;;;нет источника;;2026-09-15;не найдено;
242d637c-6512-4bdf-9964-2c0010259f36;AI Stock Counter 12M (Автомакон/Neurus);runtime_h;2;ч;https://automacon.ru/inventarizator/;производитель;2 часа работы от одного заряда;2026-09-15;;да
242d637c-6512-4bdf-9964-2c0010259f36;AI Stock Counter 12M (Автомакон/Neurus);runtime_h;2;ч;https://www.neurus.ru/projects/inventory;производитель;2 часа автономной работы без подключения внешних источников питания;2026-09-15;;
242d637c-6512-4bdf-9964-2c0010259f36;AI Stock Counter 12M (Автомакон/Neurus);scan_range_m;2;м;https://automacon.ru/inventarizator/;производитель;Дальность сканирования до 2 метров;2026-09-15;;да
242d637c-6512-4bdf-9964-2c0010259f36;AI Stock Counter 12M (Автомакон/Neurus);throughput;от 12 600;ячеек/ч;https://www.neurus.ru/projects/inventory;производитель;Скорость сканирования: от 12 600 ячеек в час;2026-09-15;;
242d637c-6512-4bdf-9964-2c0010259f36;AI Stock Counter 12M (Автомакон/Neurus);trl;9;УГТ (1–9);catalog_export_v4.csv;организатор;УГТ: 9;2026-09-15;;
242d637c-6512-4bdf-9964-2c0010259f36;AI Stock Counter 12M (Автомакон/Neurus);wms_integration;интеграция с WMS, ERP, 1С через API;;https://robot.automacon.ru/inventory-robot;производитель;Интеграция с ERP, WMS, 1С через API;2026-09-15;;да
446c5207-a099-45e0-b615-afd60de08589;R2B MARK 2 SE;availability_status;operation;;catalog_export_v4.csv;организатор;статус: operation;2026-09-15;"operation = эксплуатация; piloting = пилот";
446c5207-a099-45e0-b615-afd60de08589;R2B MARK 2 SE;case_reference;Робот уборщик успешно внедряется на различных типах объектов: в Красноярском аэропорту, Красноярском техникуме, ТЦ KazanMall, в продуктовой сети Магнит и на других объектах;;catalog_export_v4.csv;организатор;Робот уборщик успешно внедряется на различных типах объектов: в Красноярском аэропорту, Красноярском техникуме, ТЦ KazanMall, в продуктовой сети Магнит и на других объектах;2026-09-15;кейс из каталога организатора;
446c5207-a099-45e0-b615-afd60de08589;R2B MARK 2 SE;charge_time_h;2;ч;Примеры_решений_типы_объектов.docx;организатор;Время зарядки: около 2 часов.;2026-09-15;;
446c5207-a099-45e0-b615-afd60de08589;R2B MARK 2 SE;charge_time_h;2;ч;https://r2b.company/mark2se;производитель;2 часа Время полной зарядки;2026-09-15;;да
446c5207-a099-45e0-b615-afd60de08589;R2B MARK 2 SE;charging_infrastructure;"базовая станция: зарядка 220 В + автослив/залив воды; LiFePO4 100 Ач";;https://r2b.company/mark2se;производитель;Зарядная станция: подключается к обычной розетке 220 В ... Тип АКБ LiFePO4 ... 100 АЧ;2026-09-15;kiit.ru указывает Li-ion - расхождение по типу АКБ;да
446c5207-a099-45e0-b615-afd60de08589;R2B MARK 2 SE;cleaning_width_mm;430–600;мм;Примеры_решений_типы_объектов.docx;организатор;Ширина захвата (уборки): от 43 до 60 см.;2026-09-15;;
446c5207-a099-45e0-b615-afd60de08589;R2B MARK 2 SE;cleaning_width_mm;450 (щётка) / 670 (водосборная балка);мм;https://r2b.company/mark2se;производитель;670 мм Ширина водосборной балки ... 450 мм Ширина моющей щетки;2026-09-15;;да
446c5207-a099-45e0-b615-afd60de08589;R2B MARK 2 SE;country;Россия;;catalog_export_v4.csv;организатор;Регион: Ярославская область;2026-09-15;страна выведена из российского региона в каталоге;
446c5207-a099-45e0-b615-afd60de08589;R2B MARK 2 SE;dimensions_mm;860×610×980;мм (Д×Ш×В);Примеры_решений_типы_объектов.docx;организатор;Габариты (Д×Ш×В): около 860 × 610 × 980 мм.;2026-09-15;;
446c5207-a099-45e0-b615-afd60de08589;R2B MARK 2 SE;dimensions_mm;860×610×980;мм (Д×Ш×В);https://r2b.company/mark2se;производитель;860 x 610 x 980 мм ДxШxВ;2026-09-15;;да
446c5207-a099-45e0-b615-afd60de08589;R2B MARK 2 SE;manufacturer;"ООО ""Р2Б""";;catalog_export_v4.csv;организатор;"компания: ООО ""Р2Б""";2026-09-15;;
446c5207-a099-45e0-b615-afd60de08589;R2B MARK 2 SE;max_speed_m_s;0.83–1.11;м/с;Примеры_решений_типы_объектов.docx;организатор;Скорость движения: до 3–4 км/ч.;2026-09-15;пересчет из 3–4 км/ч;
446c5207-a099-45e0-b615-afd60de08589;R2B MARK 2 SE;min_aisle_width_mm;не найдено;;;нет источника;;2026-09-15;не найдено;
446c5207-a099-45e0-b615-afd60de08589;R2B MARK 2 SE;navigation_type;лидар + камеры (авто-карта);;Примеры_решений_типы_объектов.docx;организатор;Тип навигации: лидар + камеры (автоматическое построение маршрутов и карты помещения).;2026-09-15;;
446c5207-a099-45e0-b615-afd60de08589;R2B MARK 2 SE;navigation_type;3D LiDAR + 3D камера глубины;;https://www.kiit.ru/product/promyshlennyy-robot-uborshchik-mark-2-se/;интегратор;3D LiDAR, 3D камера глубины;2026-09-15;;
446c5207-a099-45e0-b615-afd60de08589;R2B MARK 2 SE;payload_kg;н/п;;;нет источника;;2026-09-23;не применимо: робот-уборщик груз не возит;
446c5207-a099-45e0-b615-afd60de08589;R2B MARK 2 SE;price_rub;1 900 000;₽;catalog_export_v4.csv;организатор;Цена изделия: 1 900 000,00;2026-09-15;"расходится цен между источниками: 1900000 vs 2100000 ₽; цена из каталога организатора";
446c5207-a099-45e0-b615-afd60de08589;R2B MARK 2 SE;price_rub;2 100 000;₽;https://www.kiit.ru/product/promyshlennyy-robot-uborshchik-mark-2-se/;интегратор;2 100 000 ₽;2026-09-15;расходится: каталог организатора 1 900 000 ₽ (~10%);
446c5207-a099-45e0-b615-afd60de08589;R2B MARK 2 SE;processes;Уборка помещений / Робот-уборщик;;catalog_export_v4.csv;организатор;Сценарий: Уборка помещений;2026-09-15;;
446c5207-a099-45e0-b615-afd60de08589;R2B MARK 2 SE;raas_rental;аренда от 100 000 ₽/мес;₽/мес;https://r2b.company/mark2se;производитель;от 100 000 ₽/мес Робот-уборщик Mark 2 SE в аренду;2026-09-15;;да
446c5207-a099-45e0-b615-afd60de08589;R2B MARK 2 SE;robot_mass_kg;130–200;кг;Примеры_решений_типы_объектов.docx;организатор;Масса робота: порядка 130–200 кг.;2026-09-15;;
446c5207-a099-45e0-b615-afd60de08589;R2B MARK 2 SE;runtime_h;3;ч;Примеры_решений_типы_объектов.docx;организатор;Время работы: до 3 часов на одном заряде (в некоторых режимах до 4 часов со станцией).;2026-09-15;;
446c5207-a099-45e0-b615-afd60de08589;R2B MARK 2 SE;runtime_h;3;ч;https://r2b.company/mark2se;производитель;3 часа Время работы на одном заряде;2026-09-15;;да
446c5207-a099-45e0-b615-afd60de08589;R2B MARK 2 SE;service;удалённая диагностика, выезд инженера, склад запчастей;;https://r2b.company/mark2se;производитель;"Есть удалённая диагностика, основная часть проблем решается онлайн; при необходимости выезжает инженер";2026-09-15;;да
446c5207-a099-45e0-b615-afd60de08589;R2B MARK 2 SE;service;гарантия 2 года;;https://www.kiit.ru/product/promyshlennyy-robot-uborshchik-mark-2-se/;интегратор;На поломоечный робот Mark 2 действует гарантия – 2 года;2026-09-15;;
446c5207-a099-45e0-b615-afd60de08589;R2B MARK 2 SE;tank_l;40;л;Примеры_решений_типы_объектов.docx;организатор;Бак для моющего раствора: 40 литров.;2026-09-15;;
446c5207-a099-45e0-b615-afd60de08589;R2B MARK 2 SE;tank_l;40;л;https://r2b.company/mark2se;производитель;40 л Бак для моющего раствора;2026-09-15;расходится: kiit.ru - 55 л;да
446c5207-a099-45e0-b615-afd60de08589;R2B MARK 2 SE;tank_l;55;л;https://www.kiit.ru/product/promyshlennyy-robot-uborshchik-mark-2-se/;интегратор;Водяной бак объемом 55 литров;2026-09-15;расходится с производителем (40 л);
446c5207-a099-45e0-b615-afd60de08589;R2B MARK 2 SE;throughput;до 1000;м²/ч;Примеры_решений_типы_объектов.docx;организатор;Эффективность уборки: до 1000 м2/ч.;2026-09-15;;
446c5207-a099-45e0-b615-afd60de08589;R2B MARK 2 SE;throughput;600–700 (реальные условия);м²/ч;https://r2b.company/mark2se;производитель;В среднем, мы считаем 600-700 м² в реальных условиях.;2026-09-15;"расходится с паспортными 1000–1800 м²/ч; для расчетов рекомендуется реальное значение; проверка 2026-09-23: 1000 и 1800 это паспортные максимумы для зала и склада, 600-700 средняя в работе";да
446c5207-a099-45e0-b615-afd60de08589;R2B MARK 2 SE;throughput;до 1000 (торговые залы) / до 1800 (склады);м²/ч;https://www.kiit.ru/product/promyshlennyy-robot-uborshchik-mark-2-se/;интегратор;до 1800 м²/час в складских и производственных помещениях и до 1000 м²/час в торговых залах;2026-09-15;расходится: производитель - «600-700 м² в реальных условиях»;
446c5207-a099-45e0-b615-afd60de08589;R2B MARK 2 SE;throughput;600;м²/ч;https://r2b.company/cases/shop;производитель;600 м²/час убирает робот при средней нагрузке;2026-09-23;"кейс в сети «Магнит» на сайте производителя; сходится с «600-700 в реальных условиях»";
446c5207-a099-45e0-b615-afd60de08589;R2B MARK 2 SE;trl;9;УГТ (1–9);catalog_export_v4.csv;организатор;УГТ: 9;2026-09-15;;
e2095cfe-3ce4-404e-a4bb-2f378480d7ca;Автомакон АК-SC80;availability_status;operation;;catalog_export_v4.csv;организатор;статус: operation;2026-09-15;"operation = эксплуатация; piloting = пилот";
e2095cfe-3ce4-404e-a4bb-2f378480d7ca;Автомакон АК-SC80;case_reference;«Автомакон» внедряет роботов в распределительных центрах «Пятёрочки» X5 Group. Первая партия из 12 роботов уже работает в РЦ «Пятёрочки» в Подмосковье.;;catalog_export_v4.csv;организатор;«Автомакон» внедряет роботов в распределительных центрах «Пятёрочки» X5 Group. Первая партия из 12 роботов уже работает в РЦ «Пятёрочки» в Подмосковье.;2026-09-15;кейс из каталога организатора;
e2095cfe-3ce4-404e-a4bb-2f378480d7ca;Автомакон АК-SC80;charge_time_h;не найдено;;;нет источника;;2026-09-15;не найдено;
e2095cfe-3ce4-404e-a4bb-2f378480d7ca;Автомакон АК-SC80;country;Россия;;catalog_export_v4.csv;организатор;Регион: Москва;2026-09-15;страна выведена из российского региона в каталоге;
e2095cfe-3ce4-404e-a4bb-2f378480d7ca;Автомакон АК-SC80;dimensions_mm;не найдено;;;нет источника;;2026-09-15;не найдено;
e2095cfe-3ce4-404e-a4bb-2f378480d7ca;Автомакон АК-SC80;manufacturer;"ООО ""ГК Автомакон""";;catalog_export_v4.csv;организатор;"компания: ООО ""ГК Автомакон""";2026-09-15;;
e2095cfe-3ce4-404e-a4bb-2f378480d7ca;Автомакон АК-SC80;max_speed_m_s;не найдено;;;нет источника;;2026-09-15;не найдено;
e2095cfe-3ce4-404e-a4bb-2f378480d7ca;Автомакон АК-SC80;min_aisle_width_mm;не найдено;;;нет источника;;2026-09-15;не найдено;
e2095cfe-3ce4-404e-a4bb-2f378480d7ca;Автомакон АК-SC80;navigation_type;не найдено;;;нет источника;;2026-09-15;не найдено;
e2095cfe-3ce4-404e-a4bb-2f378480d7ca;Автомакон АК-SC80;payload_kg;н/п;;;нет источника;;2026-09-23;не применимо: робот-уборщик груз не возит;
e2095cfe-3ce4-404e-a4bb-2f378480d7ca;Автомакон АК-SC80;price_rub;4 056 000;₽;catalog_export_v4.csv;организатор;Цена изделия: 4 056 000,00;2026-09-15;цена из каталога организатора;
e2095cfe-3ce4-404e-a4bb-2f378480d7ca;Автомакон АК-SC80;processes;Уборка помещений / Робот-уборщик;;catalog_export_v4.csv;организатор;Сценарий: Уборка помещений;2026-09-15;;
e2095cfe-3ce4-404e-a4bb-2f378480d7ca;Автомакон АК-SC80;processes;сухая и влажная уборка сверхбольших площадей: склады, логистические хабы, ТЦ, цеха;;catalog_export_v4.csv;организатор;сухого и влажного клининга сверхбольших площадей: логистических хабов, закрытых складов, торговых центров и заводских цехов;2026-09-15;;
e2095cfe-3ce4-404e-a4bb-2f378480d7ca;Автомакон АК-SC80;robot_mass_kg;не найдено;;;нет источника;;2026-09-15;не найдено;
e2095cfe-3ce4-404e-a4bb-2f378480d7ca;Автомакон АК-SC80;runtime_h;не найдено;;;нет источника;;2026-09-15;не найдено;
e2095cfe-3ce4-404e-a4bb-2f378480d7ca;Автомакон АК-SC80;throughput;не найдено;;;нет источника;;2026-09-15;не найдено;
e2095cfe-3ce4-404e-a4bb-2f378480d7ca;Автомакон АК-SC80;trl;9;УГТ (1–9);catalog_export_v4.csv;организатор;УГТ: 9;2026-09-15;;
f31223c1-44c8-4410-8381-6356e2158b61;Клинботикс (Cleanbotics) 400 PRO;availability_status;operation;;catalog_export_v4.csv;организатор;статус: operation;2026-09-15;"operation = эксплуатация; piloting = пилот";
f31223c1-44c8-4410-8381-6356e2158b61;Клинботикс (Cleanbotics) 400 PRO;case_reference;Внедрены роботы «Клинботикс 400 ПРО» в ТРЦ «Гранд Каньон. Территория развития» в Санкт-Петербурге. Площадь уборки составляет более 2 тыс. м²;;catalog_export_v4.csv;организатор;Внедрены роботы «Клинботикс 400 ПРО» в ТРЦ «Гранд Каньон. Территория развития» в Санкт-Петербурге. Площадь уборки составляет более 2 тыс. м²;2026-09-15;кейс из каталога организатора;
f31223c1-44c8-4410-8381-6356e2158b61;Клинботикс (Cleanbotics) 400 PRO;charge_time_h;1;ч;https://waybotrobotics.com/models/400pro;производитель;Время полной зарядки 1 час;2026-09-15;;да
f31223c1-44c8-4410-8381-6356e2158b61;Клинботикс (Cleanbotics) 400 PRO;charge_time_h;1;ч;https://robob2b.ru/catalog/roboty-uborshchiki/robot-uborshchik-promyshlennyy-waybot-cleanbotics-400-pro/;интегратор;Время заряда батареи, час. 1;2026-09-15;;
f31223c1-44c8-4410-8381-6356e2158b61;Клинботикс (Cleanbotics) 400 PRO;cleaning_width_mm;400 (мойка) / 500 (пылесос);мм;https://waybotrobotics.com/models/400pro;производитель;400 мм в режиме мойки и 500 в режиме пылесоса;2026-09-15;;да
f31223c1-44c8-4410-8381-6356e2158b61;Клинботикс (Cleanbotics) 400 PRO;country;Россия;;catalog_export_v4.csv;организатор;Регион: Ростовская область;2026-09-15;страна выведена из российского региона в каталоге;
f31223c1-44c8-4410-8381-6356e2158b61;Клинботикс (Cleanbotics) 400 PRO;dimensions_mm;676×560×744;мм (Д×Ш×В);https://waybotrobotics.com/models/400pro;производитель;Габариты (ДхШхВ) 676x560x744 мм;2026-09-15;;да
f31223c1-44c8-4410-8381-6356e2158b61;Клинботикс (Cleanbotics) 400 PRO;dimensions_mm;676×560×744;мм (Д×Ш×В);https://robob2b.ru/catalog/roboty-uborshchiki/robot-uborshchik-promyshlennyy-waybot-cleanbotics-400-pro/;интегратор;Габариты (ДxШxВ), мм 676x560x744;2026-09-15;;
f31223c1-44c8-4410-8381-6356e2158b61;Клинботикс (Cleanbotics) 400 PRO;manufacturer;"ООО ""Вейбот Автомакон Роботикс""";;catalog_export_v4.csv;организатор;"компания: ООО ""Вейбот Автомакон Роботикс""";2026-09-15;;
f31223c1-44c8-4410-8381-6356e2158b61;Клинботикс (Cleanbotics) 400 PRO;max_speed_m_s;не найдено;;;нет источника;;2026-09-15;не найдено;
f31223c1-44c8-4410-8381-6356e2158b61;Клинботикс (Cleanbotics) 400 PRO;min_aisle_width_mm;700;мм;https://waybotrobotics.com/models/400pro;производитель;Минимальная ширина прохода ... Cleanbotics 400 PRO: 700 мм;2026-09-15;robob2b в тексте: «Ширина прохода всего 60 см» - расхождение;да
f31223c1-44c8-4410-8381-6356e2158b61;Клинботикс (Cleanbotics) 400 PRO;min_aisle_width_mm;700;мм;https://robob2b.ru/catalog/roboty-uborshchiki/robot-uborshchik-promyshlennyy-waybot-cleanbotics-400-pro/;интегратор;Минимальная ширина проезда, мм 700;2026-09-15;;
f31223c1-44c8-4410-8381-6356e2158b61;Клинботикс (Cleanbotics) 400 PRO;navigation_type;3D-лидар 360° + 5 доп. лидаров, SLAM;;https://waybotrobotics.com/models/400pro;производитель;Основной 3D-лидар с обзором 360° + 5 дополнительных лидаров ... на базе SLAM;2026-09-15;;да
f31223c1-44c8-4410-8381-6356e2158b61;Клинботикс (Cleanbotics) 400 PRO;operating_conditions;"помещения до 2000 м²; до 18 ч работы в сутки";;https://waybotrobotics.com/models/400pro;производитель;площадью до 2000 м² ... До 18 часов работы в сутки;2026-09-15;;да
f31223c1-44c8-4410-8381-6356e2158b61;Клинботикс (Cleanbotics) 400 PRO;payload_kg;н/п;;;нет источника;;2026-09-23;не применимо: робот-уборщик груз не возит;
f31223c1-44c8-4410-8381-6356e2158b61;Клинботикс (Cleanbotics) 400 PRO;price_rub;1 500 000;₽;catalog_export_v4.csv;организатор;Цена изделия: 1 500 000,00;2026-09-15;цена из каталога организатора;
f31223c1-44c8-4410-8381-6356e2158b61;Клинботикс (Cleanbotics) 400 PRO;processes;Уборка помещений / Робот уборщик;;catalog_export_v4.csv;организатор;Сценарий: Уборка помещений;2026-09-15;;
f31223c1-44c8-4410-8381-6356e2158b61;Клинботикс (Cleanbotics) 400 PRO;robot_mass_kg;50;кг;https://waybotrobotics.com/models/400pro;производитель;Снаряженная масса 50 кг;2026-09-15;;да
f31223c1-44c8-4410-8381-6356e2158b61;Клинботикс (Cleanbotics) 400 PRO;runtime_h;3;ч (влажная уборка);https://waybotrobotics.com/models/400pro;производитель;3 часа работы в режиме мойки, полный заряд за 1 час;2026-09-15;;да
f31223c1-44c8-4410-8381-6356e2158b61;Клинботикс (Cleanbotics) 400 PRO;runtime_h;3;ч;https://robob2b.ru/catalog/roboty-uborshchiki/robot-uborshchik-promyshlennyy-waybot-cleanbotics-400-pro/;интегратор;Время работы на одном заряде (влажная уборка), час. 3;2026-09-15;;
f31223c1-44c8-4410-8381-6356e2158b61;Клинботикс (Cleanbotics) 400 PRO;tank_l;28 / 30;л (чистая / грязная);https://waybotrobotics.com/models/400pro;производитель;Внутренний бак для чистой воды 28 л ... для грязной воды 30 л;2026-09-15;;да
f31223c1-44c8-4410-8381-6356e2158b61;Клинботикс (Cleanbotics) 400 PRO;throughput;700–1200;м²/ч;https://waybotrobotics.com/models/400pro;производитель;Скорость уборки 700 - 1200 м²;2026-09-15;расходится по верхней границе: robob2b - практическая 700, теоретическая 1500;да
f31223c1-44c8-4410-8381-6356e2158b61;Клинботикс (Cleanbotics) 400 PRO;throughput;700 (практ.) / 1500 (теор.);м²/ч;https://robob2b.ru/catalog/roboty-uborshchiki/robot-uborshchik-promyshlennyy-waybot-cleanbotics-400-pro/;интегратор;"Производительность (практическая), м²/час 700; (теоретическая) 1500";2026-09-15;;
f31223c1-44c8-4410-8381-6356e2158b61;Клинботикс (Cleanbotics) 400 PRO;trl;8;УГТ (1–9);catalog_export_v4.csv;организатор;УГТ: 8;2026-09-15;;
5a5b3599-bd64-4330-9bbb-4f8ce7d780b9;Клинботикс (Cleanbotics) 600;availability_status;operation;;catalog_export_v4.csv;организатор;статус: operation;2026-09-15;"operation = эксплуатация; piloting = пилот";
5a5b3599-bd64-4330-9bbb-4f8ce7d780b9;Клинботикс (Cleanbotics) 600;case_reference;Внедрены два робота уборщика в НИИ Скорой помощи им. Н.В. Склифосовского в Москве для автоматической уборки помещений с высокой проходимостью. В результате сокращено время уборки с 1,5 часов до 35 минут, снижен расход воды и электроэнергии.;;catalog_export_v4.csv;организатор;Внедрены два робота уборщика в НИИ Скорой помощи им. Н.В. Склифосовского в Москве для автоматической уборки помещений с высокой проходимостью. В результате сокращено время уборки с 1,5 часов до 35 мин;2026-09-15;кейс из каталога организатора;
5a5b3599-bd64-4330-9bbb-4f8ce7d780b9;Клинботикс (Cleanbotics) 600;charge_time_h;1 (быстрый) / 2 (обычный);ч;https://waybotrobotics.com/models/600;производитель;полный заряд за 1 час в быстром режиме и за 2 часа в обычном;2026-09-15;;да
5a5b3599-bd64-4330-9bbb-4f8ce7d780b9;Клинботикс (Cleanbotics) 600;charge_time_h;1;ч;https://robob2b.ru/catalog/roboty-uborshchiki/robot-uborshchik-promyshlennyy-waybot-cleanbotics-600/;интегратор;Время заряда батареи, час. 1;2026-09-15;;
5a5b3599-bd64-4330-9bbb-4f8ce7d780b9;Клинботикс (Cleanbotics) 600;cleaning_width_mm;600;мм;https://waybotrobotics.com/models/600;производитель;Ширина полосы уборки 60 см;2026-09-15;;да
5a5b3599-bd64-4330-9bbb-4f8ce7d780b9;Клинботикс (Cleanbotics) 600;country;Россия;;catalog_export_v4.csv;организатор;Регион: Ростовская область;2026-09-15;страна выведена из российского региона в каталоге;
5a5b3599-bd64-4330-9bbb-4f8ce7d780b9;Клинботикс (Cleanbotics) 600;dimensions_mm;750×700×1000;мм (Д×Ш×В);https://waybotrobotics.com/models/600;производитель;Габариты (ДхШхВ) 750x700x1000 мм;2026-09-15;;да
5a5b3599-bd64-4330-9bbb-4f8ce7d780b9;Клинботикс (Cleanbotics) 600;dimensions_mm;750×700×1000;мм (Д×Ш×В);https://robob2b.ru/catalog/roboty-uborshchiki/robot-uborshchik-promyshlennyy-waybot-cleanbotics-600/;интегратор;Габариты (ДxШxВ), мм 750x700x1000;2026-09-15;;
5a5b3599-bd64-4330-9bbb-4f8ce7d780b9;Клинботикс (Cleanbotics) 600;manufacturer;"ООО ""Вейбот Автомакон Роботикс""";;catalog_export_v4.csv;организатор;"компания: ООО ""Вейбот Автомакон Роботикс""";2026-09-15;;
5a5b3599-bd64-4330-9bbb-4f8ce7d780b9;Клинботикс (Cleanbotics) 600;max_speed_m_s;не найдено;;;нет источника;;2026-09-15;не найдено;
5a5b3599-bd64-4330-9bbb-4f8ce7d780b9;Клинботикс (Cleanbotics) 600;min_aisle_width_mm;750;мм;https://waybotrobotics.com/models/600;производитель;Минимальная ширина прохода 750 мм;2026-09-15;разворот - 900 мм;да
5a5b3599-bd64-4330-9bbb-4f8ce7d780b9;Клинботикс (Cleanbotics) 600;min_aisle_width_mm;750;мм;https://robob2b.ru/catalog/roboty-uborshchiki/robot-uborshchik-promyshlennyy-waybot-cleanbotics-600/;интегратор;Минимальная ширина проезда, мм 750;2026-09-15;;
5a5b3599-bd64-4330-9bbb-4f8ce7d780b9;Клинботикс (Cleanbotics) 600;navigation_type;3D-лидар 360° + 3 доп. лидара, SLAM;;https://waybotrobotics.com/models/600;производитель;Основной 3D-лидар с обзором 360° + 3 дополнительных лидара ... на базе SLAM;2026-09-15;;да
5a5b3599-bd64-4330-9bbb-4f8ce7d780b9;Клинботикс (Cleanbotics) 600;operating_conditions;"помещения до 10 000 м²; до 20 ч работы в сутки";;https://waybotrobotics.com/models/600;производитель;площадью до 10000 м² ... До 20 часов работы в сутки;2026-09-15;;да
5a5b3599-bd64-4330-9bbb-4f8ce7d780b9;Клинботикс (Cleanbotics) 600;payload_kg;н/п;;;нет источника;;2026-09-23;не применимо: робот-уборщик груз не возит;
5a5b3599-bd64-4330-9bbb-4f8ce7d780b9;Клинботикс (Cleanbotics) 600;price_rub;2 310 000;₽;catalog_export_v4.csv;организатор;Цена изделия: 2 310 000,00;2026-09-15;цена из каталога организатора;
5a5b3599-bd64-4330-9bbb-4f8ce7d780b9;Клинботикс (Cleanbotics) 600;processes;Уборка помещений / Робот уборщик;;catalog_export_v4.csv;организатор;Сценарий: Уборка помещений;2026-09-15;;
5a5b3599-bd64-4330-9bbb-4f8ce7d780b9;Клинботикс (Cleanbotics) 600;robot_mass_kg;140;кг;https://waybotrobotics.com/models/600;производитель;Снаряженная масса 140 кг;2026-09-15;;да
5a5b3599-bd64-4330-9bbb-4f8ce7d780b9;Клинботикс (Cleanbotics) 600;robot_mass_kg;140;кг;https://robob2b.ru/catalog/roboty-uborshchiki/robot-uborshchik-promyshlennyy-waybot-cleanbotics-600/;интегратор;Вес, кг 140;2026-09-15;;
5a5b3599-bd64-4330-9bbb-4f8ce7d780b9;Клинботикс (Cleanbotics) 600;robot_mass_kg;90;кг;https://xn--80ab3cjk.xn--p1ai/assets/prez/pdf/%D0%A4%D0%A6_%D0%91%D0%A0%D0%A1_%D1%80%D0%BE%D0%B1%D0%BE%D1%82%D1%8B_%D1%83%D0%B1%D0%BE%D1%80%D1%89%D0%B8%D0%BA%D0%B8.pdf;организатор;Вес, брутто, кг: 90;2026-09-23;презентация ФЦ БАС «Сценарии применения БРС. Уборка помещений», март 2026, с. 6, таблица сравнения;
5a5b3599-bd64-4330-9bbb-4f8ce7d780b9;Клинботикс (Cleanbotics) 600;runtime_h;3;ч;https://waybotrobotics.com/models/600;производитель;Время работы без подзарядки 3 часа;2026-09-15;"расходится на сайте: «5 часов работы в режиме мойки» и в сравнении «4 часа»; robob2b - 4 ч; проверка 2026-09-23: на странице производителя все три цифры без привязки к режимам";да
5a5b3599-bd64-4330-9bbb-4f8ce7d780b9;Клинботикс (Cleanbotics) 600;runtime_h;5;ч (режим мойки);https://waybotrobotics.com/models/600;производитель;"5 часов работы в режиме мойки; полный заряд за 1 час в быстром режиме и за 2 часа в обычном";2026-09-15;расходится (см. 3 ч / 4 ч);да
5a5b3599-bd64-4330-9bbb-4f8ce7d780b9;Клинботикс (Cleanbotics) 600;runtime_h;4;ч (влажная уборка);https://robob2b.ru/catalog/roboty-uborshchiki/robot-uborshchik-promyshlennyy-waybot-cleanbotics-600/;интегратор;Время работы на одном заряде (влажная уборка), час. 4;2026-09-15;расходится (3 / 4 / 5 ч);
5a5b3599-bd64-4330-9bbb-4f8ce7d780b9;Клинботикс (Cleanbotics) 600;runtime_h;4–5;ч;https://robowin.ru/servisnye-roboty/waybot-cleanbotics-600-robot-polomoechnik/;интегратор;до 4–5 часов;2026-09-23;с док-станцией до 18 ч в сутки;
5a5b3599-bd64-4330-9bbb-4f8ce7d780b9;Клинботикс (Cleanbotics) 600;tank_l;60 / 65;л (чистая / грязная);https://waybotrobotics.com/models/600;производитель;Внутренний бак для чистой воды 60 л ... для грязной воды 65 л;2026-09-15;;да
5a5b3599-bd64-4330-9bbb-4f8ce7d780b9;Клинботикс (Cleanbotics) 600;tank_l;40;л;https://xn--80ab3cjk.xn--p1ai/assets/prez/pdf/%D0%A4%D0%A6_%D0%91%D0%A0%D0%A1_%D1%80%D0%BE%D0%B1%D0%BE%D1%82%D1%8B_%D1%83%D0%B1%D0%BE%D1%80%D1%89%D0%B8%D0%BA%D0%B8.pdf;организатор;Емкость бака, л: 40;2026-09-23;презентация ФЦ БАС «Сценарии применения БРС. Уборка помещений», март 2026, с. 6, таблица сравнения;
5a5b3599-bd64-4330-9bbb-4f8ce7d780b9;Клинботикс (Cleanbotics) 600;throughput;1000–2300;м²/ч;https://waybotrobotics.com/models/600;производитель;Скорость уборки составляет 1000-2300 м²/ час!;2026-09-15;;да
5a5b3599-bd64-4330-9bbb-4f8ce7d780b9;Клинботикс (Cleanbotics) 600;throughput;1000 (практ.) / 2300 (теор.);м²/ч;https://robob2b.ru/catalog/roboty-uborshchiki/robot-uborshchik-promyshlennyy-waybot-cleanbotics-600/;интегратор;"Производительность (практическая), м²/час 1000; (теоретическая) 2300";2026-09-15;;
5a5b3599-bd64-4330-9bbb-4f8ce7d780b9;Клинботикс (Cleanbotics) 600;throughput;до 1500;м²/ч;https://xn--80ab3cjk.xn--p1ai/assets/prez/pdf/%D0%A4%D0%A6_%D0%91%D0%A0%D0%A1_%D1%80%D0%BE%D0%B1%D0%BE%D1%82%D1%8B_%D1%83%D0%B1%D0%BE%D1%80%D1%89%D0%B8%D0%BA%D0%B8.pdf;организатор;Производительность, м2/ч: До 1500;2026-09-23;презентация ФЦ БАС «Сценарии применения БРС. Уборка помещений», март 2026, с. 6, таблица сравнения;
5a5b3599-bd64-4330-9bbb-4f8ce7d780b9;Клинботикс (Cleanbotics) 600;trl;8;УГТ (1–9);catalog_export_v4.csv;организатор;УГТ: 8;2026-09-15;;
5a5b3599-bd64-4330-9bbb-4f8ce7d780b9;Клинботикс (Cleanbotics) 600;turning_width_mm;900;мм;https://waybotrobotics.com/models/600;производитель;Ширина прохода для разворота 900 мм;2026-09-15;;да
e8960183-1828-4fdb-8c39-91f5a3523a96;РУБИ-С-03;availability_status;operation;;catalog_export_v4.csv;организатор;статус: operation;2026-09-15;"operation = эксплуатация; piloting = пилот";
e8960183-1828-4fdb-8c39-91f5a3523a96;РУБИ-С-03;case_reference;В фондохранилище Государственного Эрмитажа успешно внедрен клининговый комплекс, осуществляющий уборку по заданному расписанию на двух типах покрытия с преодолением перепадов пола и выбором режима уборки (интенсивное, обычное).;;catalog_export_v4.csv;организатор;В фондохранилище Государственного Эрмитажа успешно внедрен клининговый комплекс, осуществляющий уборку по заданному расписанию на двух типах покрытия с преодолением перепадов пола и выбором режима убо;2026-09-15;кейс из каталога организатора;
e8960183-1828-4fdb-8c39-91f5a3523a96;РУБИ-С-03;charge_time_h;3;ч;https://robo.ooo/rubi_s;производитель;Длительность заряда, час 3;2026-09-15;"расходится: в шапке страницы «Время зарядки 3,5 часа»; проверка 2026-09-23: в тексте страницы нашли только 3,5 ч, таблицу с 3 ч не увидели";да
e8960183-1828-4fdb-8c39-91f5a3523a96;РУБИ-С-03;charge_time_h;3.5;ч;https://robo.ooo/rubi_s;производитель;Время зарядки 3,5 часа;2026-09-15;расходится с таблицей (3 ч);да
e8960183-1828-4fdb-8c39-91f5a3523a96;РУБИ-С-03;charge_time_h;3.5;ч;https://robo.ooo/;производитель;Время зарядки 3,5 часа;2026-09-23;"на главной; в открытых источниках модель называется «РУБИ-С», без «03»";да
e8960183-1828-4fdb-8c39-91f5a3523a96;РУБИ-С-03;charging_infrastructure;"док-станция 3-в-1 (заряд+слив/залив) 600×490×660 мм, или зарядная станция, или розетка 220 В; LiFePO4 100 Ач";;https://robo.ooo/rubi_s;производитель;Режимы заряда батареи Ручная от розетки 220B Ручная и автоматическая от док-станции ... LiFePO4 ... 100;2026-09-15;;да
e8960183-1828-4fdb-8c39-91f5a3523a96;РУБИ-С-03;cleaning_width_mm;510 (щётка) / 810 (моющая балка);мм;https://robo.ooo/rubi_s;производитель;Ширина очищаемой поверхности дисковой щетка, мм 510 Ширина поверхности моющей балки, мм 810;2026-09-15;в другом блоке страницы балка 790 мм;да
e8960183-1828-4fdb-8c39-91f5a3523a96;РУБИ-С-03;country;Россия;;catalog_export_v4.csv;организатор;Регион: Москва;2026-09-15;страна выведена из российского региона в каталоге;
e8960183-1828-4fdb-8c39-91f5a3523a96;РУБИ-С-03;dimensions_mm;1160×580×1210;мм (Д×Ш×В);https://robo.ooo/rubi_s;производитель;Габаритные размеры робота, Д х Ш х В, мм 1160 х 580 х 1210;2026-09-15;;да
e8960183-1828-4fdb-8c39-91f5a3523a96;РУБИ-С-03;manufacturer;"ООО ""РОБО""";;catalog_export_v4.csv;организатор;"компания: ООО ""РОБО""";2026-09-15;;
e8960183-1828-4fdb-8c39-91f5a3523a96;РУБИ-С-03;max_speed_m_s;1.2;м/с;https://robo.ooo/rubi_s;производитель;Скорость движения робота мин - макс, м/с 0,1 - 1,2;2026-09-15;;да
e8960183-1828-4fdb-8c39-91f5a3523a96;РУБИ-С-03;min_aisle_width_mm;не найдено;;;нет источника;;2026-09-15;не найдено;
e8960183-1828-4fdb-8c39-91f5a3523a96;РУБИ-С-03;navigation_type;лидар + камеры глубины + камера CV «EAGLE EYE»;;https://robo.ooo/rubi_s;производитель;Широкоугольная камера компьютерного зрения “EAGLE EYE” ... широкоугольных камер глубины ... лидара;2026-09-15;;да
e8960183-1828-4fdb-8c39-91f5a3523a96;РУБИ-С-03;operating_conditions;"рабочий уклон до 6°; шум ≤70 дБ";;https://robo.ooo/rubi_s;производитель;Рабочий угол наклона при движении, град. 6 ... Уровень шума, не более, дБ 70;2026-09-15;;да
e8960183-1828-4fdb-8c39-91f5a3523a96;РУБИ-С-03;payload_kg;н/п;;;нет источника;;2026-09-23;не применимо: робот-уборщик груз не возит;
e8960183-1828-4fdb-8c39-91f5a3523a96;РУБИ-С-03;positioning_accuracy_mm;20 (распознавание расстояния);мм;https://robo.ooo/rubi_s;производитель;Точность распознавания расстояния — 20 мм;2026-09-15;не точность позиционирования робота;да
e8960183-1828-4fdb-8c39-91f5a3523a96;РУБИ-С-03;price_rub;2 200 000;₽;catalog_export_v4.csv;организатор;Цена изделия: 2 200 000,00;2026-09-15;цена из каталога организатора;
e8960183-1828-4fdb-8c39-91f5a3523a96;РУБИ-С-03;processes;Уборка помещений / Робот-уборщик;;catalog_export_v4.csv;организатор;Сценарий: Уборка помещений;2026-09-15;;
e8960183-1828-4fdb-8c39-91f5a3523a96;РУБИ-С-03;raas_rental;лизинговые решения и финансовые модели;;https://robo.ooo/;производитель;Лизинговые решения и финансовые модели, позволяющие оптимизировать расходы;2026-09-15;;да
e8960183-1828-4fdb-8c39-91f5a3523a96;РУБИ-С-03;robot_mass_kg;198 (267 с водой);кг;https://robo.ooo/rubi_s;производитель;Масса неснаряженного робота, кг 198 Масса с заправленным баком с водой, кг 267;2026-09-15;;да
e8960183-1828-4fdb-8c39-91f5a3523a96;РУБИ-С-03;runtime_h;3.5 (комплексная) / 10 (ECO);ч;https://robo.ooo/rubi_s;производитель;Длительность работы ... в режиме комплексной уборки 3,5 ... в режиме ECO 10;2026-09-15;для расчета уборки - 3,5 ч;да
e8960183-1828-4fdb-8c39-91f5a3523a96;РУБИ-С-03;tank_l;50 / 50;л;https://robo.ooo/rubi_s;производитель;Объем бака для чистой воды, л 50 Объем бака для грязной воды, л 50;2026-09-15;;да
e8960183-1828-4fdb-8c39-91f5a3523a96;РУБИ-С-03;throughput;1000–2500;м²/ч;https://robo.ooo/rubi_s;производитель;Производительность очистки, м2/час от 1000 до 2500;2026-09-15;"страница серии РУБИ-С; модификация «С-03» отдельно не названа";да
e8960183-1828-4fdb-8c39-91f5a3523a96;РУБИ-С-03;trl;9;УГТ (1–9);catalog_export_v4.csv;организатор;УГТ: 9;2026-09-15;;
db02c054-a08a-4ddf-a957-6137eeef93ba;Яндекс-ровер R 4.0;availability_russia;пилот в двух больницах Москвы, в продажу не поступает;;https://expert.ru/news/v-bolnitsakh-moskvy-poyavilis-roboty-kurery;СМИ;роботов-доставщиков «Яндекса»;2026-09-23;;
db02c054-a08a-4ddf-a957-6137eeef93ba;Яндекс-ровер R 4.0;availability_status;operation;;catalog_export_v4.csv;организатор;статус: operation;2026-09-15;"operation = эксплуатация; piloting = пилот";
db02c054-a08a-4ddf-a957-6137eeef93ba;Яндекс-ровер R 4.0;case_reference;Внедрение 300 роботов-доставщиков в Яндекс Еде и Лавке (Москва, СПБ, Ленобласть, Иннополис) позволило выполнить 1 млн заказов, снизить стоимость доставки на 66% и ускорить роботов на 10% за счёт новой нейросети.;;catalog_export_v4.csv;организатор;Внедрение 300 роботов-доставщиков в Яндекс Еде и Лавке (Москва, СПБ, Ленобласть, Иннополис) позволило выполнить 1 млн заказов, снизить стоимость доставки на 66% и ускорить роботов на 10% за счёт новой нейросети.;2026-09-15;кейс из каталога организатора;
db02c054-a08a-4ddf-a957-6137eeef93ba;Яндекс-ровер R 4.0;case_reference;пилот с апреля 2026 в ГКБ № 15 им. Филатова и ГКБ № 1 им. Пирогова: пробы, расходники, лекарства между корпусами;;https://www.mos.ru/mayor/themes/14570050/;эксплуатант;Роботы курсируют между больничными корпусами;2026-09-23;"официальный сайт мэра Москвы; нацпроект «Продолжительная и активная жизнь»";
db02c054-a08a-4ddf-a957-6137eeef93ba;Яндекс-ровер R 4.0;case_reference;доставка проб биоматериала и расходников в лабораторию;;https://www.mos.ru/mayor/themes/14570050/;эксплуатант;доставляют пробы биоматериалов и расходные материалы в лабораторию;2026-09-23;;
db02c054-a08a-4ddf-a957-6137eeef93ba;Яндекс-ровер R 4.0;charge_time_h;не найдено;ч;;нет источника;;2026-09-23;"не найдено; у 4-го поколения съемная батарея (Коммерсантъ)";
db02c054-a08a-4ddf-a957-6137eeef93ba;Яндекс-ровер R 4.0;country;Россия;;catalog_export_v4.csv;организатор;Регион: Москва;2026-09-15;страна выведена из российского региона в каталоге;
db02c054-a08a-4ddf-a957-6137eeef93ba;Яндекс-ровер R 4.0;country;Россия;;https://www.mos.ru/mayor/themes/14570050/;эксплуатант;Роботов-доставщиков «Яндекса»;2026-09-23;;
db02c054-a08a-4ddf-a957-6137eeef93ba;Яндекс-ровер R 4.0;dimensions_mm;880×678×1191;мм (Д×Ш×В);https://autonomy.yandex.ru/products/robot;производитель;880 × 678 × 1191 мм;2026-09-23;порядок измерений на странице не подписан, считаем Д×Ш×В;да
db02c054-a08a-4ddf-a957-6137eeef93ba;Яндекс-ровер R 4.0;elevator_door_integration;не найдено;;;нет источника;;2026-09-23;"не найдено; в больницах ездит между корпусами по улице, про лифты и двери в источниках нет";
db02c054-a08a-4ddf-a957-6137eeef93ba;Яндекс-ровер R 4.0;manufacturer;"ООО ""Яндекс Роботикс""";;catalog_export_v4.csv;организатор;"компания: ООО ""Яндекс Роботикс""";2026-09-15;;
db02c054-a08a-4ddf-a957-6137eeef93ba;Яндекс-ровер R 4.0;manufacturer;Яндекс;;https://www.mos.ru/mayor/themes/14570050/;эксплуатант;Роботов-доставщиков «Яндекса»;2026-09-23;;
db02c054-a08a-4ddf-a957-6137eeef93ba;Яндекс-ровер R 4.0;max_speed_m_s;2.8;м/с;https://autonomy.yandex.ru/products/robot;производитель;до 10 км/ч;2026-09-23;пересчет из 10 км/ч;да
db02c054-a08a-4ddf-a957-6137eeef93ba;Яндекс-ровер R 4.0;min_aisle_width_mm;не найдено;мм;;нет источника;;2026-09-23;"не найдено; ширина робота 678 мм";
db02c054-a08a-4ddf-a957-6137eeef93ba;Яндекс-ровер R 4.0;navigation_type;лидар, 5 камер, 4 парктроника, карты с точностью до 5 см;;https://autonomy.yandex.ru/products/robot;производитель;сверхточные карты с погрешностью до 5 сантиметров;2026-09-23;;да
db02c054-a08a-4ddf-a957-6137eeef93ba;Яндекс-ровер R 4.0;operating_conditions;"улица: темнота, дождь, снег; препятствия до 14 см";;https://autonomy.yandex.ru/products/robot;производитель;темноте, в дождь, в снег;2026-09-23;;да
db02c054-a08a-4ddf-a957-6137eeef93ba;Яндекс-ровер R 4.0;payload_kg;20;кг;https://autonomy.yandex.ru/products/robot;производитель;20 кг;2026-09-23;грузовой отсек 61 л (510×415×265 мм), делится на 2 части;да
db02c054-a08a-4ddf-a957-6137eeef93ba;Яндекс-ровер R 4.0;price_rub;700 000;₽;catalog_export_v4.csv;организатор;Цена изделия: 700 000,00;2026-09-15;;
db02c054-a08a-4ddf-a957-6137eeef93ba;Яндекс-ровер R 4.0;price_rub;не найдено;₽;;нет источника;;2026-09-23;"не найдено; робот не продается, работает в сервисах Яндекса";
db02c054-a08a-4ddf-a957-6137eeef93ba;Яндекс-ровер R 4.0;processes;Доставка последней мили / Робот-ровер;;catalog_export_v4.csv;организатор;Сценарий: Доставка последней мили;2026-09-15;;
db02c054-a08a-4ddf-a957-6137eeef93ba;Яндекс-ровер R 4.0;raas_rental;не найдено;;;нет источника;;2026-09-23;"не найдено; условия для больниц не опубликованы";
db02c054-a08a-4ddf-a957-6137eeef93ba;Яндекс-ровер R 4.0;range_km;70;км;https://www.kommersant.ru/doc/8141707;СМИ;На одном заряде они могут преодолеть до 70 км.;2026-09-23;4-е поколение;
db02c054-a08a-4ddf-a957-6137eeef93ba;Яндекс-ровер R 4.0;robot_mass_kg;не найдено;кг;;нет источника;;2026-09-23;не найдено;
db02c054-a08a-4ddf-a957-6137eeef93ba;Яндекс-ровер R 4.0;runtime_h;12–14;ч;https://autonomy.yandex.ru/products/robot;производитель;12‑14 часов;2026-09-23;;да
db02c054-a08a-4ddf-a957-6137eeef93ba;Яндекс-ровер R 4.0;service;"работает в любую погоду; управляется обученным персоналом со смартфона";;https://www.mos.ru/mayor/themes/14570050/;эксплуатант;любую погоду;2026-09-23;про управление со смартфона - пересказ той же страницы, без дословной цитаты;
db02c054-a08a-4ddf-a957-6137eeef93ba;Яндекс-ровер R 4.0;throughput;серийный выпуск: 20 тыс. роботов к концу 2027;;https://www.kommersant.ru/doc/8141707;СМИ;К концу 2027 года компания рассчитывает выпустить 20 тыс. роботов;2026-09-23;производительность в больнице не опубликована;
db02c054-a08a-4ddf-a957-6137eeef93ba;Яндекс-ровер R 4.0;trl;9;УГТ (1–9);catalog_export_v4.csv;организатор;УГТ: 9;2026-09-15;;
ac5b3159-9df0-4911-8cc3-31227a5b3b59;TFM-15-8E;availability_russia;продается через маркетплейс Налетай.рф, передается по льготному лизингу ГТЛК;;https://xn--80aaorhk2b.xn--p1ai/product/tfm_15_8e;производитель;от 19 338 818 ₽;2026-09-23;минимальный заказ на карточке - 5 шт. (по пересказу страницы);да
ac5b3159-9df0-4911-8cc3-31227a5b3b59;TFM-15-8E;availability_status;operation;;catalog_export_v4.csv;организатор;статус: operation;2026-09-15;"operation = эксплуатация; piloting = пилот";
ac5b3159-9df0-4911-8cc3-31227a5b3b59;TFM-15-8E;case_reference;Дрон применяется в Калужской области для доставки грузов.;;catalog_export_v4.csv;организатор;Дрон применяется в Калужской области для доставки грузов.;2026-09-15;кейс из каталога организатора;
ac5b3159-9df0-4911-8cc3-31227a5b3b59;TFM-15-8E;case_reference;не найдено;;;нет источника;;2026-09-23;"не найдено; открытых сведений о доставке биоматериала или патрулировании в Калужской области не нашли, есть только передача первой партии по лизингу ГТЛК";
ac5b3159-9df0-4911-8cc3-31227a5b3b59;TFM-15-8E;charge_time_h;не найдено;ч;;нет источника;;2026-09-23;не найдено;
ac5b3159-9df0-4911-8cc3-31227a5b3b59;TFM-15-8E;country;Россия;;catalog_export_v4.csv;организатор;Регион: Москва;2026-09-15;страна выведена из российского региона в каталоге;
ac5b3159-9df0-4911-8cc3-31227a5b3b59;TFM-15-8E;country;Россия (производство в Калуге);;https://www1.ru/news/2025/06/05/novyi-bespilotnik-samoletnogo-tipa-tfm-15-8e-prosel-sertifikaciiu.html;СМИ;Компания «Летающие Машины Тюринга» (входит в Ассоциацию «АЭРОНЕКСТ») сертифицировала своё новое беспилотное воздушное судно самолетного типа TFM-15-8E.;2026-09-23;завод в Калуге - по www1.ru от 24.11.2023;
ac5b3159-9df0-4911-8cc3-31227a5b3b59;TFM-15-8E;dimensions_mm;2500×3700×700;мм (Д×Ш×В);https://xn--80aaorhk2b.xn--p1ai/product/tfm_15_8e;производитель;250 см;2026-09-23;три ячейки таблицы: длина 250 см, ширина 370 см (размах), высота 70 см;да
ac5b3159-9df0-4911-8cc3-31227a5b3b59;TFM-15-8E;disinfection;не найдено;;;нет источника;;2026-09-23;"не найдено; не применимо";
ac5b3159-9df0-4911-8cc3-31227a5b3b59;TFM-15-8E;elevator_door_integration;не найдено;;;нет источника;;2026-09-23;"не найдено; не применимо для дрона";
ac5b3159-9df0-4911-8cc3-31227a5b3b59;TFM-15-8E;manufacturer;"ООО ""ЛМТ""";;catalog_export_v4.csv;организатор;"компания: ООО ""ЛМТ""";2026-09-15;;
ac5b3159-9df0-4911-8cc3-31227a5b3b59;TFM-15-8E;manufacturer;ООО «ЛМТ» (Летающие Машины Тюринга);;https://www1.ru/news/2025/06/05/novyi-bespilotnik-samoletnogo-tipa-tfm-15-8e-prosel-sertifikaciiu.html;СМИ;Компания «Летающие Машины Тюринга» (входит в Ассоциацию «АЭРОНЕКСТ») сертифицировала своё новое беспилотное воздушное судно самолетного типа TFM-15-8E.;2026-09-23;БВС сертифицирован в 2025 году, орган сертификации в статье не назван;
ac5b3159-9df0-4911-8cc3-31227a5b3b59;TFM-15-8E;max_speed_m_s;44.4;м/с;https://xn--80aaorhk2b.xn--p1ai/product/tfm_15_8e;производитель;160 км/ч;2026-09-23;"пересчет из 160 км/ч; крейсерская 130 км/ч (36.1 м/с)";да
ac5b3159-9df0-4911-8cc3-31227a5b3b59;TFM-15-8E;min_aisle_width_mm;н/п;;;нет источника;;2026-09-23;не применимо: дрон летает между зданиями;
ac5b3159-9df0-4911-8cc3-31227a5b3b59;TFM-15-8E;navigation_type;"автопилот TFM-15-AutoPilot; самолетный тип с вертикальным взлетом и посадкой (VTOL), 9 электромоторов";;https://xn--80aaorhk2b.xn--p1ai/product/tfm_15_8e;производитель;Пакет ПО TFM-15-AutoPilot для управления полетами;2026-09-23;;да
ac5b3159-9df0-4911-8cc3-31227a5b3b59;TFM-15-8E;operating_conditions;от -40 до +50 °C, ветер до 15 м/с;;https://xn--80aaorhk2b.xn--p1ai/product/tfm_15_8e;производитель;от -40 до 50 С°;2026-09-23;предельный ветер в карточке: 15 м/сек;да
ac5b3159-9df0-4911-8cc3-31227a5b3b59;TFM-15-8E;payload_kg;15;кг;https://xn--80aaorhk2b.xn--p1ai/product/tfm_15_8e;производитель;15 кг;2026-09-23;максимальная масса груза;да
ac5b3159-9df0-4911-8cc3-31227a5b3b59;TFM-15-8E;payload_kg;12.2;кг;https://www1.ru/news/2025/06/05/novyi-bespilotnik-samoletnogo-tipa-tfm-15-8e-prosel-sertifikaciiu.html;СМИ;полезная нагрузка может достигать 12,2 кг;2026-09-23;"данные при сертификации 2025; расходятся с карточкой";
ac5b3159-9df0-4911-8cc3-31227a5b3b59;TFM-15-8E;price_rub;19 338 818;₽;catalog_export_v4.csv;организатор;Цена изделия: 19 338 818,00;2026-09-15;;
ac5b3159-9df0-4911-8cc3-31227a5b3b59;TFM-15-8E;price_rub;19 338 818;₽;catalog_export_v4.csv;организатор;Цена изделия: 19 338 818,00;2026-09-15;"вторая строка каталога с тем же id, сценарий «Доставка последней мили»; дубли считаются разными комплектациями (Дополнения, п. 6)";
ac5b3159-9df0-4911-8cc3-31227a5b3b59;TFM-15-8E;price_rub;19338818;₽;https://xn--80aaorhk2b.xn--p1ai/product/tfm_15_8e;производитель;от 19 338 818 ₽;2026-09-23;"с НДС; в выдаче поиска та же карточка показывала 17 000 000 ₽ - цена менялась";да
ac5b3159-9df0-4911-8cc3-31227a5b3b59;TFM-15-8E;processes;Патрулирование площадных объектов, Доставка биоматериалов;;catalog_export_v4.csv;организатор;Сценарий: Патрулирование площадных объектов, Доставка биоматериалов;2026-09-15;;
ac5b3159-9df0-4911-8cc3-31227a5b3b59;TFM-15-8E;processes;Доставка последней мили;;catalog_export_v4.csv;организатор;Сценарий: Доставка последней мили;2026-09-15;вторая строка каталога с тем же id;
ac5b3159-9df0-4911-8cc3-31227a5b3b59;TFM-15-8E;raas_rental;льготный лизинг ГТЛК по нацпроекту БАС (не RaaS);;https://www1.ru/en/news/2026/02/17/pervye-tiazelye-vtol-bespilotniki-tfm-15-8e-peredany-po-gosprogramme-lizinga-bas.html;СМИ;The company is the operator of the non-commercial (preferential) leasing program within the national project 'Unmanned Aviation Systems';2026-09-23;первая партия передана по лизингу в феврале 2026;
ac5b3159-9df0-4911-8cc3-31227a5b3b59;TFM-15-8E;range_km;200;км;https://xn--80aaorhk2b.xn--p1ai/product/tfm_15_8e;производитель;200 км;2026-09-23;"с типовой нагрузкой; дальность связи 50 км";да
ac5b3159-9df0-4911-8cc3-31227a5b3b59;TFM-15-8E;range_km;200;км;https://www1.ru/en/news/2026/02/17/pervye-tiazelye-vtol-bespilotniki-tfm-15-8e-peredany-po-gosprogramme-lizinga-bas.html;СМИ;Maximum flight range with a typical payload — 200 km;2026-09-23;;
ac5b3159-9df0-4911-8cc3-31227a5b3b59;TFM-15-8E;robot_mass_kg;80;кг;https://xn--80aaorhk2b.xn--p1ai/product/tfm_15_8e;производитель;80 кг;2026-09-23;"максимальная взлетная масса; в статье о сертификации 78.4 кг";да
ac5b3159-9df0-4911-8cc3-31227a5b3b59;TFM-15-8E;runtime_h;1.5;ч;https://xn--80aaorhk2b.xn--p1ai/product/tfm_15_8e;производитель;1.5 ч;2026-09-23;время полета с полной нагрузкой;да
ac5b3159-9df0-4911-8cc3-31227a5b3b59;TFM-15-8E;service;не найдено;;;нет источника;;2026-09-23;"не найдено; на карточке Налетай.рф упомянута гарантия 1 год, дословную цитату снять не удалось";
ac5b3159-9df0-4911-8cc3-31227a5b3b59;TFM-15-8E;throughput;не найдено;;;нет источника;;2026-09-23;не найдено;
ac5b3159-9df0-4911-8cc3-31227a5b3b59;TFM-15-8E;trl;9;УГТ (1–9);catalog_export_v4.csv;организатор;УГТ: 9;2026-09-15;;
0861538d-75c8-473e-a2ab-499a6b8c1d49;Курьер-30;availability_russia;"продается через маркетплейс Налетай.рф; включен в реестр российской промышленной продукции";;https://ria.ru/20240513/bespilotnik-1945692018.html;СМИ;"Беспилотник ""Курьер-30"" войдет в реестр российской промышленой продукции";2026-09-23;заголовок статьи, май 2024;
0861538d-75c8-473e-a2ab-499a6b8c1d49;Курьер-30;availability_status;operation;;catalog_export_v4.csv;организатор;статус: operation;2026-09-15;"operation = эксплуатация; piloting = пилот";
0861538d-75c8-473e-a2ab-499a6b8c1d49;Курьер-30;case_reference;Запущен маршрут доставки биоматериалов с помощью БАС «Курьер-30» между медицинскими учреждениями в Нижегородской области. В результате время транспортировки сокращено с 1,5 часа до 10 минут, за год перевезено около 800 кг грузов.;;catalog_export_v4.csv;организатор;Запущен маршрут доставки биоматериалов с помощью БАС «Курьер-30» между медицинскими учреждениями в Нижегородской области. В результате время транспортировки сокращено с 1,5 часа до 10 минут, за год перевезено около 800 кг грузов.;2026-09-15;кейс из каталога организатора;
0861538d-75c8-473e-a2ab-499a6b8c1d49;Курьер-30;case_reference;Борская ЦРБ -> Нижегородский областной СПИД-центр, 18.02.2025, пилот 2 недели;;https://minzdrav.gov.ru/regional_news/23173-perevozku-biomaterialov-mezhdu-meduchrezhdeniyami-s-pomoschyu-bespilotnika-vpervye-uspeshno-vypolnili-v-nizhegorodskoy-oblasti;эксплуатант;Маршрут полета составил около 5,8 километра в одну сторону;2026-09-23;новость регионального минздрава на minzdrav.gov.ru;
0861538d-75c8-473e-a2ab-499a6b8c1d49;Курьер-30;case_reference;доставка около 100 пробирок с кровью из ЦРБ г. Бор;;https://www.niann.ru/?id=615493;СМИ;сто пробирок с пробами крови;2026-09-23;;
0861538d-75c8-473e-a2ab-499a6b8c1d49;Курьер-30;charge_time_h;не найдено;ч;;нет источника;;2026-09-23;"не найдено; в комплекте 2 АКБ и зарядная станция на 2 АКБ";
0861538d-75c8-473e-a2ab-499a6b8c1d49;Курьер-30;country;Россия;;catalog_export_v4.csv;организатор;Регион: Нижегородская область;2026-09-15;страна выведена из российского региона в каталоге;
0861538d-75c8-473e-a2ab-499a6b8c1d49;Курьер-30;country;Россия (Нижний Новгород);;https://ria.ru/20240513/bespilotnik-1945692018.html;СМИ;нижегородской компании «Клеверкоптер»;2026-09-23;;
0861538d-75c8-473e-a2ab-499a6b8c1d49;Курьер-30;dimensions_mm;1310×1340×760;мм (Д×Ш×В);https://xn--80aaorhk2b.xn--p1ai/product/bas_kurer_30;производитель;131 см;2026-09-23;три ячейки таблицы: длина 131 см, ширина 134 см, высота 76 см;да
0861538d-75c8-473e-a2ab-499a6b8c1d49;Курьер-30;disinfection;не найдено;;;нет источника;;2026-09-23;"не найдено; не применимо";
0861538d-75c8-473e-a2ab-499a6b8c1d49;Курьер-30;elevator_door_integration;не найдено;;;нет источника;;2026-09-23;"не найдено; не применимо для дрона";
0861538d-75c8-473e-a2ab-499a6b8c1d49;Курьер-30;manufacturer;"ООО ""Клеверкоптер""";;catalog_export_v4.csv;организатор;"компания: ООО ""Клеверкоптер""";2026-09-15;;
0861538d-75c8-473e-a2ab-499a6b8c1d49;Курьер-30;manufacturer;ООО «Клеверкоптер»;;https://xn--80aaorhk2b.xn--p1ai/product/bas_kurer_30;производитель;"БАС Курьер-30 - купить за 2 200 000 ₽ от производителя ООО ""КЛЕВЕРКОПТЕР""";2026-09-23;заголовок страницы;да
0861538d-75c8-473e-a2ab-499a6b8c1d49;Курьер-30;max_speed_m_s;20.0;м/с;https://xn--80aaorhk2b.xn--p1ai/product/bas_kurer_30;производитель;72 км/ч;2026-09-23;"пересчет из 72 км/ч; крейсерская 65 км/ч (18.1 м/с)";да
0861538d-75c8-473e-a2ab-499a6b8c1d49;Курьер-30;max_speed_m_s;13.9;м/с;https://ria.ru/20240513/bespilotnik-1945692018.html;СМИ;летать со скоростью до 50 км в час;2026-09-23;"пересчет из 50 км/ч; данные 2024 года, расходятся с карточкой";
0861538d-75c8-473e-a2ab-499a6b8c1d49;Курьер-30;max_speed_m_s;19.4;м/с;https://minzdrav.gov.ru/regional_news/23173-perevozku-biomaterialov-mezhdu-meduchrezhdeniyami-s-pomoschyu-bespilotnika-vpervye-uspeshno-vypolnili-v-nizhegorodskoy-oblasti;эксплуатант;Скорость полета такого коптера составляет примерно 70 километров в час;2026-09-23;"пересчет из 70 км/ч; новость регионального минздрава";
0861538d-75c8-473e-a2ab-499a6b8c1d49;Курьер-30;min_aisle_width_mm;н/п;;;нет источника;;2026-09-23;не применимо: дрон летает между зданиями;
0861538d-75c8-473e-a2ab-499a6b8c1d49;Курьер-30;navigation_type;автоматический полет по заданию или управление оператором (ПО PX4, QGroundControl);;https://ria.ru/20240513/bespilotnik-1945692018.html;СМИ;управление оператором или автоматический полет по заданию;2026-09-23;ПО PX4 и QGroundControl указаны в карточке Налетай.рф;
0861538d-75c8-473e-a2ab-499a6b8c1d49;Курьер-30;operating_conditions;от -20 до +40 °C, ветер до 10 м/с;;https://xn--80aaorhk2b.xn--p1ai/product/bas_kurer_30;производитель;от -20 до 40 С°;2026-09-23;предельный ветер в карточке: 10 м/сек;да
0861538d-75c8-473e-a2ab-499a6b8c1d49;Курьер-30;operating_conditions;дождь, снег, ветер до 12 м/с;;https://minzdrav.gov.ru/regional_news/23173-perevozku-biomaterialov-mezhdu-meduchrezhdeniyami-s-pomoschyu-bespilotnika-vpervye-uspeshno-vypolnili-v-nizhegorodskoy-oblasti;эксплуатант;аппарат способен выполнять перевозки в дождь и в снег, при ветре до 12 метров в секунду;2026-09-23;;
0861538d-75c8-473e-a2ab-499a6b8c1d49;Курьер-30;operating_conditions;от -25 до +40 °C;;https://ria.ru/20240513/bespilotnik-1945692018.html;СМИ;осуществлять полет при температурах от -25 до +40 градусов;2026-09-23;расходится с карточкой (-20);
0861538d-75c8-473e-a2ab-499a6b8c1d49;Курьер-30;payload_kg;6;кг;https://xn--80aaorhk2b.xn--p1ai/product/bas_kurer_30;производитель;6 кг;2026-09-23;"карточка производителя на Налетай.рф; объем груза до 0.055 м³";да
0861538d-75c8-473e-a2ab-499a6b8c1d49;Курьер-30;payload_kg;6;кг;https://ria.ru/20240513/bespilotnik-1945692018.html;СМИ;для доставки грузов весом до 6 кг;2026-09-23;;
0861538d-75c8-473e-a2ab-499a6b8c1d49;Курьер-30;payload_kg;30;кг;https://www.niann.ru/?id=615493;СМИ;грузоподъемностью 30 кг;2026-09-23;"противоречит карточке производителя (6 кг); вероятно, 30 - класс взлетной массы (до 30 кг), а не груз";
0861538d-75c8-473e-a2ab-499a6b8c1d49;Курьер-30;price_rub;2 200 000;₽;catalog_export_v4.csv;организатор;Цена изделия: 2 200 000,00;2026-09-15;;
0861538d-75c8-473e-a2ab-499a6b8c1d49;Курьер-30;price_rub;2 200 000;₽;catalog_export_v4.csv;организатор;Цена изделия: 2 200 000,00;2026-09-15;"вторая строка каталога с тем же id, сценарий «Городская доставка в постаматы»; дубли считаются разными комплектациями (Дополнения, п. 6)";
0861538d-75c8-473e-a2ab-499a6b8c1d49;Курьер-30;price_rub;2200000;₽;https://xn--80aaorhk2b.xn--p1ai/product/bas_kurer_30;производитель;от 2 200 000 ₽;2026-09-23;с НДС, цена «от»;да
0861538d-75c8-473e-a2ab-499a6b8c1d49;Курьер-30;processes;Доставка биоматериаловм / БАС мультироторного типа;;catalog_export_v4.csv;организатор;Сценарий: Доставка биоматериаловм;2026-09-15;;
0861538d-75c8-473e-a2ab-499a6b8c1d49;Курьер-30;processes;Городская доставка в постаматы / БАС мультироторного типа;;catalog_export_v4.csv;организатор;Сценарий: Городская доставка в постаматы;2026-09-15;вторая строка каталога с тем же id;
0861538d-75c8-473e-a2ab-499a6b8c1d49;Курьер-30;raas_rental;не найдено;;;нет источника;;2026-09-23;не найдено;
0861538d-75c8-473e-a2ab-499a6b8c1d49;Курьер-30;range_km;12;км;https://xn--80aaorhk2b.xn--p1ai/product/bas_kurer_30;производитель;12 км;2026-09-23;"максимальная дальность с типовой нагрузкой; дальность связи 25 км";да
0861538d-75c8-473e-a2ab-499a6b8c1d49;Курьер-30;range_km;18;км;https://ria.ru/20240513/bespilotnik-1945692018.html;СМИ;на расстояние до 18 км;2026-09-23;данные 2024 года;
0861538d-75c8-473e-a2ab-499a6b8c1d49;Курьер-30;robot_mass_kg;29.9;кг;https://xn--80aaorhk2b.xn--p1ai/product/bas_kurer_30;производитель;29.9 кг;2026-09-23;максимальная взлетная масса;да
0861538d-75c8-473e-a2ab-499a6b8c1d49;Курьер-30;runtime_h;0.3;ч;https://xn--80aaorhk2b.xn--p1ai/product/bas_kurer_30;производитель;0.3 ч;2026-09-23;время полета с типовой нагрузкой (около 18 мин);да
0861538d-75c8-473e-a2ab-499a6b8c1d49;Курьер-30;service;гарантия 150 летных часов или 1 год;;https://xn--80aaorhk2b.xn--p1ai/product/bas_kurer_30;производитель;150 летных часов / 1 год;2026-09-23;;да
0861538d-75c8-473e-a2ab-499a6b8c1d49;Курьер-30;throughput;рейс около 5.8 км в одну сторону за 10 минут, груз около 4 кг (около 100 пробирок);;https://www.niann.ru/?id=615493;СМИ;успешно выполнил полетное задание за 10 минут;2026-09-23;"пилот 18.02.2025; маршрут и вес - по minzdrav.gov.ru";
0861538d-75c8-473e-a2ab-499a6b8c1d49;Курьер-30;trl;9;УГТ (1–9);catalog_export_v4.csv;организатор;УГТ: 9;2026-09-15;;
38db0187-c455-4601-9ba1-7a1012485e4a;Роботизированная система патрулирования и охраны (МАИ);availability_status;operation;;catalog_export_v4.csv;организатор;статус: operation;2026-09-15;"operation = эксплуатация; piloting = пилот";
38db0187-c455-4601-9ba1-7a1012485e4a;Роботизированная система патрулирования и охраны (МАИ);case_reference;Внедрена технология для автономного патрулирования зоны стоянки самолета в аэропорту Жуковский в Москве.;;catalog_export_v4.csv;организатор;Внедрена технология для автономного патрулирования зоны стоянки самолета в аэропорту Жуковский в Москве.;2026-09-15;кейс из каталога организатора;
38db0187-c455-4601-9ba1-7a1012485e4a;Роботизированная система патрулирования и охраны (МАИ);case_reference;Жуковский: испытания на стоянке самолетов в 2019 году;;https://www.mk.ru/science/2019/11/29/predstavlen-chudorobot-kotoryy-zamenit-okhrannikov-v-aeroportu.html;СМИ;Уникальные роботы, которые будут выполнять функции охранников, появятся в аэропорту «Жуковский».;2026-09-23;"статья 29.11.2019; «Испытания робота на территории аэродрома завершатся до конца года»; итоги испытаний не найдены";
38db0187-c455-4601-9ba1-7a1012485e4a;Роботизированная система патрулирования и охраны (МАИ);charge_time_h;не найдено;ч;;нет источника;;2026-09-23;не найдено;
38db0187-c455-4601-9ba1-7a1012485e4a;Роботизированная система патрулирования и охраны (МАИ);country;Россия;;catalog_export_v4.csv;организатор;Регион: Москва;2026-09-15;страна выведена из российского региона в каталоге;
38db0187-c455-4601-9ba1-7a1012485e4a;Роботизированная система патрулирования и охраны (МАИ);country;Россия;;https://www.mk.ru/science/2019/11/29/predstavlen-chudorobot-kotoryy-zamenit-okhrannikov-v-aeroportu.html;СМИ;Уникальные роботы, которые будут выполнять функции охранников, появятся в аэропорту «Жуковский».;2026-09-23;страна по разработчику (МАИ);
38db0187-c455-4601-9ba1-7a1012485e4a;Роботизированная система патрулирования и охраны (МАИ);dimensions_mm;не найдено;мм (Д×Ш×В);;нет источника;;2026-09-23;не найдено;
38db0187-c455-4601-9ba1-7a1012485e4a;Роботизированная система патрулирования и охраны (МАИ);manufacturer;МАИ;;catalog_export_v4.csv;организатор;компания: МАИ;2026-09-15;;
38db0187-c455-4601-9ba1-7a1012485e4a;Роботизированная система патрулирования и охраны (МАИ);manufacturer;МАИ (рабочее название робота «Роко»);;https://www.mk.ru/science/2019/11/29/predstavlen-chudorobot-kotoryy-zamenit-okhrannikov-v-aeroportu.html;СМИ;робот, который на данный момент носит имя Роко (образовано от сочетания слов «робот» и «око»);2026-09-23;"в статье «созданная инженерами МАИ»; название SC-Robotics встречалось в выдаче поиска, первоисточник не найден";
38db0187-c455-4601-9ba1-7a1012485e4a;Роботизированная система патрулирования и охраны (МАИ);max_speed_m_s;не найдено;м/с;;нет источника;;2026-09-23;не найдено;
38db0187-c455-4601-9ba1-7a1012485e4a;Роботизированная система патрулирования и охраны (МАИ);min_aisle_width_mm;не найдено;мм;;нет источника;;2026-09-23;не найдено;
38db0187-c455-4601-9ba1-7a1012485e4a;Роботизированная система патрулирования и охраны (МАИ);navigation_type;патрулирование территории с объездом препятствий;;https://www.mk.ru/science/2019/11/29/predstavlen-chudorobot-kotoryy-zamenit-okhrannikov-v-aeroportu.html;СМИ;может патрулировать парковку самолетов, объезжать препятствия, делать поверхностный осмотр летательных машин, сообщать о появлении людей в запретной зоне и в перспективе даже распознавать лица;2026-09-23;"тип датчиков не раскрыт; работает только с участием людей у мониторов";
38db0187-c455-4601-9ba1-7a1012485e4a;Роботизированная система патрулирования и охраны (МАИ);operating_conditions;не найдено;;;нет источника;;2026-09-23;не найдено;
38db0187-c455-4601-9ba1-7a1012485e4a;Роботизированная система патрулирования и охраны (МАИ);payload_kg;не найдено;кг;;нет источника;;2026-09-23;не найдено;
38db0187-c455-4601-9ba1-7a1012485e4a;Роботизированная система патрулирования и охраны (МАИ);price_rub;3 600 000;₽;catalog_export_v4.csv;организатор;Цена изделия: 3 600 000,00;2026-09-15;;
38db0187-c455-4601-9ba1-7a1012485e4a;Роботизированная система патрулирования и охраны (МАИ);price_rub;3 000 000;₽;catalog_export_v4.csv;организатор;Цена изделия: 3 000 000,00;2026-09-15;"вторая строка каталога с тем же id, сценарий «Мониторинг транспортной инфраструктуры»; дубли считаются разными комплектациями (Дополнения, п. 6)";
38db0187-c455-4601-9ba1-7a1012485e4a;Роботизированная система патрулирования и охраны (МАИ);price_rub;не найдено;₽;;нет источника;;2026-09-23;не найдено;
38db0187-c455-4601-9ba1-7a1012485e4a;Роботизированная система патрулирования и охраны (МАИ);processes;Мониторинг и патрулирование / Охранный робот;;catalog_export_v4.csv;организатор;Сценарий: Мониторинг и патрулирование;2026-09-15;;
38db0187-c455-4601-9ba1-7a1012485e4a;Роботизированная система патрулирования и охраны (МАИ);processes;Мониторинг транспортной инфраструктуры / Охранный робот;;catalog_export_v4.csv;организатор;Сценарий: Мониторинг транспортной инфраструктуры;2026-09-15;вторая строка каталога с тем же id;
38db0187-c455-4601-9ba1-7a1012485e4a;Роботизированная система патрулирования и охраны (МАИ);raas_rental;не найдено;;;нет источника;;2026-09-23;не найдено;
38db0187-c455-4601-9ba1-7a1012485e4a;Роботизированная система патрулирования и охраны (МАИ);range_km;не найдено;км;;нет источника;;2026-09-23;не найдено;
38db0187-c455-4601-9ba1-7a1012485e4a;Роботизированная система патрулирования и охраны (МАИ);robot_mass_kg;не найдено;кг;;нет источника;;2026-09-23;не найдено;
38db0187-c455-4601-9ba1-7a1012485e4a;Роботизированная система патрулирования и охраны (МАИ);runtime_h;не найдено;ч;;нет источника;;2026-09-23;не найдено;
38db0187-c455-4601-9ba1-7a1012485e4a;Роботизированная система патрулирования и охраны (МАИ);service;не найдено;;;нет источника;;2026-09-23;не найдено;
38db0187-c455-4601-9ba1-7a1012485e4a;Роботизированная система патрулирования и охраны (МАИ);throughput;не найдено;;;нет источника;;2026-09-23;не найдено;
38db0187-c455-4601-9ba1-7a1012485e4a;Роботизированная система патрулирования и охраны (МАИ);trl;8;УГТ (1–9);catalog_export_v4.csv;организатор;УГТ: 8;2026-09-15;;
cf9643b1-7a04-429c-9ac2-33060c9f42dd;EVOCARGO N1;availability_status;operation;;catalog_export_v4.csv;организатор;статус: operation;2026-09-15;"operation = эксплуатация; piloting = пилот";
cf9643b1-7a04-429c-9ac2-33060c9f42dd;EVOCARGO N1;case_reference;Внедрены 6 автономных грузовиков EVOCARGO N1 в ОЭЗ Алабуга для перевозки паллет с минеральной ватой по 3 маршрутам без участия человека. Запущен пилотный проект по перевозке полимеров автономным электрогрузовиком EVOCARGO N1 на предприятии СИБУРа в Томской области для повышения эффективности логистики и снижения выбросов. Электрогрузовик EVOCARGO N1 введен в коммерческую эксплуатацию во Владимирской области на территории технопарка Русклимат ИКСЭл. Использование автономного транспорта на электрической тяге позволит ТПХ Русклимат сократить выброс углекислого газа более чем на 800 кг в год.;;catalog_export_v4.csv;организатор;Внедрены 6 автономных грузовиков EVOCARGO N1 в ОЭЗ Алабуга для перевозки паллет с минеральной ватой по 3 маршрутам без участия человека. Запущен пилотный проект по перевозке полимеров автономным электрогрузовиком EVOCARGO N1 на предприятии СИБУРа в Томской области для повышения эффективности логистики и снижения выбросов. Электрогрузовик EVOCARGO N1 введен в коммерческую эксплуатацию во Владимирской области на территории технопарка Русклимат ИКСЭл. Использование автономного транспорта на электрической тяге позволит ТПХ Русклимат сократить выброс углекислого газа более чем на 800 кг в год.;2026-09-15;кейс из каталога организатора;
cf9643b1-7a04-429c-9ac2-33060c9f42dd;EVOCARGO N1;case_reference;Жуковский: трехмесячные испытания на перроне, 368 ч, 150 маршрутов, 225 км;;https://evocargo.com/implementations/detail/bespilotnye-gruzoviki-vpervye-protestirovali-na-perrone-aeroporta-rf/;производитель;За время испытаний платформа отработала 368 часов, выполнила 150 тестовых маршрутов, прошла 225 км;2026-09-23;"перевозка грузов между воздушными судами и терминалами; публикация 10.06.2026; снижение расходов 20-35% - оценка компании";
cf9643b1-7a04-429c-9ac2-33060c9f42dd;EVOCARGO N1;case_reference;Жуковский: трехмесячные испытания;;https://evocargo.com/;производитель;В аэропорту Жуковский завершены трехмесячные испытания беспилотных грузовиков для автоматизации наземной логистики;2026-09-23;;
cf9643b1-7a04-429c-9ac2-33060c9f42dd;EVOCARGO N1;charge_time_h;0.5;ч;Примеры_решений_типы_объектов.docx;организатор;Время зарядки: от 30 минут от быстрой зарядки;2026-09-15;минимальное время, на быстрой зарядке;
cf9643b1-7a04-429c-9ac2-33060c9f42dd;EVOCARGO N1;country;Россия;;catalog_export_v4.csv;организатор;Регион: Москва;2026-09-15;страна выведена из российского региона в каталоге;
cf9643b1-7a04-429c-9ac2-33060c9f42dd;EVOCARGO N1;country;Россия;;https://www.ixbt.com/news/2024/03/29/v-rossii-predstavili-avtonomnyj-jelektricheskij-gruzovik-evocargo-n1-otechestvennoj-razrabotki.html;СМИ;В России представили автономный электрический грузовик Evocargo N1 отечественной разработки;2026-09-23;заголовок статьи;
cf9643b1-7a04-429c-9ac2-33060c9f42dd;EVOCARGO N1;dimensions_mm;5000×1800×2200;мм (Д×Ш×В);Примеры_решений_типы_объектов.docx;организатор;Габариты (Д×Ш×В): примерно 5000 × 1800 × 2200 мм.;2026-09-15;совпадает с карточкой прошлой модели EVO.1 (robotrends.ru/robopedia/evocargo), для N1 у производителя не найдено;
cf9643b1-7a04-429c-9ac2-33060c9f42dd;EVOCARGO N1;manufacturer;"ООО ""Эвокарго""";;catalog_export_v4.csv;организатор;"компания: ООО ""Эвокарго""";2026-09-15;;
cf9643b1-7a04-429c-9ac2-33060c9f42dd;EVOCARGO N1;manufacturer;ООО «ЭвоКарго» (Evocargo);;https://evocargo.com/;производитель;Стоимость услуг ООО «ЭвоКарго» согласовывается между компанией и клиентом в индивидуальном порядке;2026-09-23;;
cf9643b1-7a04-429c-9ac2-33060c9f42dd;EVOCARGO N1;max_speed_m_s;5.56–6.94;м/с;Примеры_решений_типы_объектов.docx;организатор;Скорость движения: до 20–25 км/ч на территории объекта.;2026-09-15;"пересчет из 20-25 км/ч; совпадает с карточкой прошлой модели EVO.1 (robotrends.ru/robopedia/evocargo), для N1 у производителя не найдено";
cf9643b1-7a04-429c-9ac2-33060c9f42dd;EVOCARGO N1;min_aisle_width_mm;не найдено;мм;;нет источника;;2026-09-23;не найдено;
cf9643b1-7a04-429c-9ac2-33060c9f42dd;EVOCARGO N1;navigation_type;камеры, лидары, сенсоры;;Примеры_решений_типы_объектов.docx;организатор;Тип навигации: автономный автопилот с камерами, лидарами и сенсорами (уровень автоматизации 4–5).;2026-09-15;совпадает с карточкой прошлой модели EVO.1 (robotrends.ru/robopedia/evocargo), для N1 у производителя не найдено;
cf9643b1-7a04-429c-9ac2-33060c9f42dd;EVOCARGO N1;operating_conditions;24/7, от -40 до +50 °C;;Примеры_решений_типы_объектов.docx;организатор;Допустимые условия эксплуатации: работа 24/7 при температуре примерно −40…+50 °C.;2026-09-15;;
cf9643b1-7a04-429c-9ac2-33060c9f42dd;EVOCARGO N1;operating_conditions;испытан от -26 до +31 °C;;https://evocargo.com/implementations/detail/bespilotnye-gruzoviki-vpervye-protestirovali-na-perrone-aeroporta-rf/;производитель;была протестирована при температуре от -26 до +31 градусов;2026-09-23;"кейс в аэропорту Жуковский; официального рабочего диапазона нет, на главной «Работа в широком диапазоне климатических зон и погодных условий»";
cf9643b1-7a04-429c-9ac2-33060c9f42dd;EVOCARGO N1;payload_kg;2000;кг;Примеры_решений_типы_объектов.docx;организатор;Грузоподъёмность: до 2 тонн.;2026-09-15;;
cf9643b1-7a04-429c-9ac2-33060c9f42dd;EVOCARGO N1;payload_kg;2000;кг;https://mintrans.gov.ru/press-center/branch-news/3446;СМИ;Грузоподъемность Evocargo N1 составляет 2 тонны;2026-09-23;"новость Минтранса; там же «вместимость до 6 европаллет»";
cf9643b1-7a04-429c-9ac2-33060c9f42dd;EVOCARGO N1;payload_kg;2000;кг;https://www.ixbt.com/news/2024/03/29/v-rossii-predstavili-avtonomnyj-jelektricheskij-gruzovik-evocargo-n1-otechestvennoj-razrabotki.html;СМИ;Его грузоподъёмность составляет 2 тонны;2026-09-23;;
cf9643b1-7a04-429c-9ac2-33060c9f42dd;EVOCARGO N1;price_rub;6 000 000;₽;catalog_export_v4.csv;организатор;Цена изделия: 6 000 000,00;2026-09-15;;
cf9643b1-7a04-429c-9ac2-33060c9f42dd;EVOCARGO N1;price_rub;не найдено;₽;;нет источника;;2026-09-23;не найдено;
cf9643b1-7a04-429c-9ac2-33060c9f42dd;EVOCARGO N1;processes;Перевозка грузов на закрытых площадках / Беспилотный грузовик;;catalog_export_v4.csv;организатор;Сценарий: Перевозка грузов на закрытых площадках;2026-09-15;;
cf9643b1-7a04-429c-9ac2-33060c9f42dd;EVOCARGO N1;raas_rental;сервис по подписке, договор от месяца;;https://evocargo.com/service/;производитель;Комплексная услуга автономной логистики по бизнес-модели «сервис по подписке»;2026-09-23;"срок договора «от месяца, на год и более»; стоимость зависит от числа грузовиков и режима работы, согласуется индивидуально";
cf9643b1-7a04-429c-9ac2-33060c9f42dd;EVOCARGO N1;range_km;150–200;км;Примеры_решений_типы_объектов.docx;организатор;Запас хода: 150–200 км на одном заряде.;2026-09-15;;
cf9643b1-7a04-429c-9ac2-33060c9f42dd;EVOCARGO N1;range_km;150–200;км;https://mintrans.gov.ru/press-center/branch-news/3446;СМИ;запаса хода на одном заряде батареи хватит 150–200 км;2026-09-23;;
cf9643b1-7a04-429c-9ac2-33060c9f42dd;EVOCARGO N1;range_km;до 200;км;https://www.ixbt.com/news/2024/03/29/v-rossii-predstavili-avtonomnyj-jelektricheskij-gruzovik-evocargo-n1-otechestvennoj-razrabotki.html;СМИ;дальность хода на одном заряде — до 200 км;2026-09-23;;
cf9643b1-7a04-429c-9ac2-33060c9f42dd;EVOCARGO N1;robot_mass_kg;не найдено;кг;;нет источника;;2026-09-23;не найдено;
cf9643b1-7a04-429c-9ac2-33060c9f42dd;EVOCARGO N1;runtime_h;до недели на одной зарядке (маркетинг);ч;https://evocargo.com/;производитель;Одна зарядка батареи обеспечивает до недели работы транспорта;2026-09-23;"в часах не указано, режим работы не раскрыт; там же «могут работать 24/7 с остановкой на подзарядку»";
cf9643b1-7a04-429c-9ac2-33060c9f42dd;EVOCARGO N1;service;комплексное обслуживание транспорта входит в услугу;;https://evocargo.com/service/;производитель;Комплексное обслуживание транспорта;2026-09-23;;
cf9643b1-7a04-429c-9ac2-33060c9f42dd;EVOCARGO N1;throughput;6;европаллет за рейс;Примеры_решений_типы_объектов.docx;организатор;Вместимость: до 6 европаллет.;2026-09-15;вместимость, а не производительность в час;
cf9643b1-7a04-429c-9ac2-33060c9f42dd;EVOCARGO N1;throughput;не найдено;;;нет источника;;2026-09-23;не найдено;
cf9643b1-7a04-429c-9ac2-33060c9f42dd;EVOCARGO N1;trl;9;УГТ (1–9);catalog_export_v4.csv;организатор;УГТ: 9;2026-09-15;;
28a5afa8-0473-4f80-99a9-b2922b76810f;Беспилотный тягач Cognitive Pilot;availability_status;operation;;catalog_export_v4.csv;организатор;статус: operation;2026-09-15;"operation = эксплуатация; piloting = пилот";
28a5afa8-0473-4f80-99a9-b2922b76810f;Беспилотный тягач Cognitive Pilot;case_reference;Заключен контракт на поставку 45 роботизированных тягачей в аэропорт Пулково для перевозки багажа. Уже введены в эксплуатацию более 20 тягачей.;;catalog_export_v4.csv;организатор;Заключен контракт на поставку 45 роботизированных тягачей в аэропорт Пулково для перевозки багажа. Уже введены в эксплуатацию более 20 тягачей.;2026-09-15;кейс из каталога организатора;
28a5afa8-0473-4f80-99a9-b2922b76810f;Беспилотный тягач Cognitive Pilot;case_reference;Пулково: форвардный контракт на 45 тягачей;;https://www.dp.ru/a/2026/04/01/kollektivnij-razum-robota;СМИ;Всего в Пулково выведут 45 беспилотных тягачей согласно форвардному контракту;2026-09-23;срок по dp.ru и ComNews: полностью беспилотный флот к концу 2026;
28a5afa8-0473-4f80-99a9-b2922b76810f;Беспилотный тягач Cognitive Pilot;case_reference;Пулково: до 45 машин к 2028 году, ускорение обработки багажа на 23%;;https://incrussia.ru/news/roboty-vyhodyat-na-vzletnuyu-polosu-v-pulkovo-vnedryayut-bespilotnye-tyagachi/;СМИ;до 3 тонн груза, что позволит ускорить обработку багажа на 23%;2026-09-23;"23% - оценка, не замер; также покос травы и уборка снега; срок 2028 расходится с 2026 в других источниках";
28a5afa8-0473-4f80-99a9-b2922b76810f;Беспилотный тягач Cognitive Pilot;case_reference;Пулково: внедрение флота до конца 2026;;https://cognitivepilot.com/cognitive-news/news/do-kontsa-goda-v-pulkovo-vnedryat-flot-bespilotnykh-tyagachey-pod-upravleniem-ii/;производитель;Беспилотные багажные тягачи с ИИ появятся в Пулково до конца 2026 года;2026-09-23;;
28a5afa8-0473-4f80-99a9-b2922b76810f;Беспилотный тягач Cognitive Pilot;charge_time_h;не найдено;ч;;нет источника;;2026-09-23;не найдено;
28a5afa8-0473-4f80-99a9-b2922b76810f;Беспилотный тягач Cognitive Pilot;country;Россия;;catalog_export_v4.csv;организатор;Регион: Москва;2026-09-15;страна выведена из российского региона в каталоге;
28a5afa8-0473-4f80-99a9-b2922b76810f;Беспилотный тягач Cognitive Pilot;country;Россия (Томск);;https://chudo.tech/2025/06/30/umnyj-robot-iz-tomska/;СМИ;«Умный» робот из Томска: автономный помощник для аэропортов;2026-09-23;заголовок статьи;
28a5afa8-0473-4f80-99a9-b2922b76810f;Беспилотный тягач Cognitive Pilot;dimensions_mm;2300×1400×1500;мм (Д×Ш×В);Примеры_решений_типы_объектов.docx;организатор;Габариты (Д×Ш×В): ориентировочно 2300 × 1400 × 1500 мм (компактный багажный тягач).;2026-09-15;в файле «ориентировочно»;
28a5afa8-0473-4f80-99a9-b2922b76810f;Беспилотный тягач Cognitive Pilot;dimensions_mm;2700×1400×1600;мм (Д×Ш×В);https://www.comnews.ru/digital-economy/content/244546/2026-04-01/2026-w14/1012/aeroport-pulkovo-vnedrit-roevoy-ii;СМИ;Его длина составляет 2,7 м, ширина — 1,4 м, высота — 1,6 м;2026-09-23;;
28a5afa8-0473-4f80-99a9-b2922b76810f;Беспилотный тягач Cognitive Pilot;manufacturer;"АО ""Когнитив Пилот""";;catalog_export_v4.csv;организатор;"компания: АО ""Когнитив Пилот""";2026-09-15;;
28a5afa8-0473-4f80-99a9-b2922b76810f;Беспилотный тягач Cognitive Pilot;manufacturer;Cognitive Pilot (ООО «Когнитив Роботикс»);;https://cognitivepilot.com/;производитель;Автоматизация сельского хозяйства от Cognitive Pilot (ООО «Когнитив Роботикс»);2026-09-23;"цитата из заголовка сайта; СП Сбера и Cognitive Technologies";
28a5afa8-0473-4f80-99a9-b2922b76810f;Беспилотный тягач Cognitive Pilot;max_speed_m_s;1.39–6.94;м/с;Примеры_решений_типы_объектов.docx;организатор;Скорость движения: Рабочая — от 5 до 20–25 км/ч;2026-09-15;пересчет из 5-25 км/ч;
28a5afa8-0473-4f80-99a9-b2922b76810f;Беспилотный тягач Cognitive Pilot;max_speed_m_s;4.17;м/с;https://www.comnews.ru/digital-economy/content/244546/2026-04-01/2026-w14/1012/aeroport-pulkovo-vnedrit-roevoy-ii;СМИ;Скорость его движения при этом не будет превышать 15 км/ч;2026-09-23;"пересчет из 15 км/ч; то же в dp.ru «не превышает 15 км/ч»";
28a5afa8-0473-4f80-99a9-b2922b76810f;Беспилотный тягач Cognitive Pilot;max_speed_m_s;5.56;м/с;https://cognitivepilot.com/cognitive-news/news/roboty-gotovyatsya-vyyti-na-rabochuyu-smenu/;производитель;Допустимая скорость – двадцать километров в час, грузоподъёмность – до трех тонн;2026-09-23;"пересчет из 20 км/ч; расходится со СМИ (15 км/ч), возможно 15 км/ч - ограничение на перроне";
28a5afa8-0473-4f80-99a9-b2922b76810f;Беспилотный тягач Cognitive Pilot;min_aisle_width_mm;не найдено;мм;;нет источника;;2026-09-23;не найдено;
28a5afa8-0473-4f80-99a9-b2922b76810f;Беспилотный тягач Cognitive Pilot;navigation_type;камеры, лидары, радары, нейросети;;Примеры_решений_типы_объектов.docx;организатор;Тип навигации: мультисенсорный автопилот (камеры, лидары, радары, нейросети).;2026-09-15;;
28a5afa8-0473-4f80-99a9-b2922b76810f;Беспилотный тягач Cognitive Pilot;navigation_type;"компьютерное зрение: 4 видеокамеры, лидары, радары; без магнитных лент и маяков";;https://cognitivepilot.com/cognitive-news/news/do-kontsa-goda-v-pulkovo-vnedryat-flot-bespilotnykh-tyagachey-pod-upravleniem-ii/;производитель;Набор сенсоров у тягачей состоит из четырех видеокамер, лидаров и радаров.;2026-09-23;;
28a5afa8-0473-4f80-99a9-b2922b76810f;Беспилотный тягач Cognitive Pilot;navigation_type;без наземной инфраструктуры, компьютерное зрение и глубокое обучение;;https://www.dp.ru/a/2026/04/01/kollektivnij-razum-robota;СМИ;тягачи смогут ориентироваться в пространстве без использования наземной инфраструктуры — магнитных лент и маяков, а будут полагаться только на компьютерное зрение и алгоритмы глубокого обучения;2026-09-23;по материалу производителя может работать без связи по электронной карте;
28a5afa8-0473-4f80-99a9-b2922b76810f;Беспилотный тягач Cognitive Pilot;operating_conditions;круглый год на перроне, дождь, снег, туман;;Примеры_решений_типы_объектов.docx;организатор;Допустимые условия эксплуатации: круглогодичная работа на перроне и в багажных зонах, в дождь, снег и туман.;2026-09-15;;
28a5afa8-0473-4f80-99a9-b2922b76810f;Беспилотный тягач Cognitive Pilot;operating_conditions;"работа в сложных метеоусловиях Санкт-Петербурга; диапазон температур не опубликован";;https://cognitivepilot.com/cognitive-news/news/do-kontsa-goda-v-pulkovo-vnedryat-flot-bespilotnykh-tyagachey-pod-upravleniem-ii/;производитель;принимать решения в сложных метеоусловиях Северной столицы;2026-09-23;у производителя также испытания «в разных погодных условиях»;
28a5afa8-0473-4f80-99a9-b2922b76810f;Беспилотный тягач Cognitive Pilot;payload_kg;3000;кг;Примеры_решений_типы_объектов.docx;организатор;Грузоподъемность: до 3 000 кг.;2026-09-15;;
28a5afa8-0473-4f80-99a9-b2922b76810f;Беспилотный тягач Cognitive Pilot;payload_kg;не найдено;кг;;нет источника;;2026-09-23;не найдено;
28a5afa8-0473-4f80-99a9-b2922b76810f;Беспилотный тягач Cognitive Pilot;price_rub;4 000 000;₽;catalog_export_v4.csv;организатор;Цена изделия: 4 000 000,00;2026-09-15;;
28a5afa8-0473-4f80-99a9-b2922b76810f;Беспилотный тягач Cognitive Pilot;price_rub;не найдено;₽;;нет источника;;2026-09-23;не найдено;
28a5afa8-0473-4f80-99a9-b2922b76810f;Беспилотный тягач Cognitive Pilot;processes;Перевозка грузов на закрытых площадках / Беспилотный тягач;;catalog_export_v4.csv;организатор;Сценарий: Перевозка грузов на закрытых площадках;2026-09-15;;
28a5afa8-0473-4f80-99a9-b2922b76810f;Беспилотный тягач Cognitive Pilot;raas_rental;не найдено;;;нет источника;;2026-09-23;не найдено;
28a5afa8-0473-4f80-99a9-b2922b76810f;Беспилотный тягач Cognitive Pilot;range_km;не найдено;км;;нет источника;;2026-09-23;не найдено;
28a5afa8-0473-4f80-99a9-b2922b76810f;Беспилотный тягач Cognitive Pilot;robot_mass_kg;1000–1500;кг;Примеры_решений_типы_объектов.docx;организатор;Масса машины: около 1000–1500 кг.;2026-09-15;;
28a5afa8-0473-4f80-99a9-b2922b76810f;Беспилотный тягач Cognitive Pilot;robot_mass_kg;до 2500;кг;https://www.comnews.ru/digital-economy/content/244546/2026-04-01/2026-w14/1012/aeroport-pulkovo-vnedrit-roevoy-ii;СМИ;Машина имеет массу до 2.5 т;2026-09-23;там же: номинальная мощность 30 л.с., до 50 л.с. кратковременно, два приводных электродвигателя и один двигатель ВОМ;
28a5afa8-0473-4f80-99a9-b2922b76810f;Беспилотный тягач Cognitive Pilot;robot_mass_kg;970;кг;https://chudo.tech/2025/06/30/umnyj-robot-iz-tomska/;СМИ;Тягач оснащён двумя электродвигателями и весит 970 кг.;2026-09-23;"расходится с ComNews (до 2.5 т); публикация 2025 г., возможно о прототипе";
28a5afa8-0473-4f80-99a9-b2922b76810f;Беспилотный тягач Cognitive Pilot;runtime_h;24;ч;Примеры_решений_типы_объектов.docx;организатор;Автономность: До 24 часов работы без дозаправки / подзарядки;2026-09-15;для гибридной версии с баком 70 л;
28a5afa8-0473-4f80-99a9-b2922b76810f;Беспилотный тягач Cognitive Pilot;runtime_h;не найдено;ч;;нет источника;;2026-09-23;не найдено;
28a5afa8-0473-4f80-99a9-b2922b76810f;Беспилотный тягач Cognitive Pilot;service;не найдено;;;нет источника;;2026-09-23;не найдено;
28a5afa8-0473-4f80-99a9-b2922b76810f;Беспилотный тягач Cognitive Pilot;throughput;не найдено;;;нет источника;;2026-09-23;не найдено;
28a5afa8-0473-4f80-99a9-b2922b76810f;Беспилотный тягач Cognitive Pilot;towing_capacity_kg;не менее 3000;кг;https://www.dp.ru/a/2026/04/01/kollektivnij-razum-robota;СМИ;тягачи смогут перевозить от багажной ленты до места стоянки воздушного судна и обратно багажные тележки общей массой не менее 3 тонн;2026-09-23;"масса буксируемых тележек; в Инк. (2025) формулировка «до 3 тонн»";
28a5afa8-0473-4f80-99a9-b2922b76810f;Беспилотный тягач Cognitive Pilot;towing_capacity_kg;не менее 3000;кг;https://www.comnews.ru/digital-economy/content/244546/2026-04-01/2026-w14/1012/aeroport-pulkovo-vnedrit-roevoy-ii;СМИ;автономное транспортирование багажных тележек общей массой не менее 3 тонн;2026-09-23;;
28a5afa8-0473-4f80-99a9-b2922b76810f;Беспилотный тягач Cognitive Pilot;towing_capacity_kg;до 3000;кг;https://cognitivepilot.com/cognitive-news/news/roboty-gotovyatsya-vyyti-na-rabochuyu-smenu/;производитель;Допустимая скорость – двадцать километров в час, грузоподъёмность – до трех тонн;2026-09-23;у производителя «грузоподъемность», по смыслу масса тележек;
28a5afa8-0473-4f80-99a9-b2922b76810f;Беспилотный тягач Cognitive Pilot;trl;8;УГТ (1–9);catalog_export_v4.csv;организатор;УГТ: 8;2026-09-15;;
ext-pudubot-2;PuduBot 2;availability_russia;продается: КИИТ, SPI (официальный дистрибьютор Pudu), ряд магазинов;;https://www.kiit.ru/product/universalnyy-robot-dostavshchik-pudubot-2/;интегратор;официальный дилер и дистрибьютор;2026-09-23;;
ext-pudubot-2;PuduBot 2;case_reference;"производитель заявляет применение в больницах и клиниках; конкретных больничных внедрений в России не нашли";;https://www.pudurobotics.com/en/products/pudubot2;производитель;Hospital & Clinic;2026-09-23;в 2023 в ГКБ 67, ГКБ 15 и НИИ Склифосовского тестировались «робокошки» (РИА Новости 22.11.2023), но марка в источнике не названа - к PuduBot 2 не относим;да
ext-pudubot-2;PuduBot 2;charge_time_h;4;ч;Примеры_решений_типы_объектов.docx;организатор;Время зарядки/работы: 4 часа/12 часов;2026-09-15;;
ext-pudubot-2;PuduBot 2;charge_time_h;4;ч;https://www.pudurobotics.com/en/products/pudubot2;производитель;Charging Time: 4h;2026-09-23;дилер КИИТ указывает 3 ч;да
ext-pudubot-2;PuduBot 2;country;Китай (Шэньчжэнь);;https://baike.baidu.com/en/item/Shenzhen%20Pudu%20Technology%20Co.,%20Ltd./46983;СМИ;A company based in Shenzhen that engages in the research and development, design, production, and sales of commercial service robots.;2026-09-23;заголовок справочной статьи Baidu;
ext-pudubot-2;PuduBot 2;dimensions_mm;580×535×1290;мм;Примеры_решений_типы_объектов.docx;организатор;Габариты: 580*535*1290мм;2026-09-15;порядок измерений в файле не указан;
ext-pudubot-2;PuduBot 2;dimensions_mm;580×535×1290;мм (Д×Ш×В);https://www.pudurobotics.com/en/products/pudubot2;производитель;58*53.5*129 cm(22.83*21.06*50.79 inches);2026-09-23;;да
ext-pudubot-2;PuduBot 2;disinfection;не найдено;;;нет источника;;2026-09-23;"не найдено; не применимо";
ext-pudubot-2;PuduBot 2;elevator_door_integration;не найдено;;;нет источника;;2026-09-23;"не найдено; на странице PuduBot 2 про лифт ничего нет";
ext-pudubot-2;PuduBot 2;manufacturer;Pudu Robotics (Shenzhen Pudu Technology Co., Ltd.);;https://pudurobots.ru/delivery-robots;интегратор;SPI официальный дистрибьютор Pudu Robotics в России;2026-09-23;;
ext-pudubot-2;PuduBot 2;max_speed_m_s;0.5–1.2;м/с;Примеры_решений_типы_объектов.docx;организатор;Скорость: 0.5~1.2м/с（регулируется）;2026-09-15;;
ext-pudubot-2;PuduBot 2;max_speed_m_s;0.5–1.2;м/с;https://www.pudurobotics.com/en/products/pudubot2;производитель;Cruise Speed: 0.5 m/s~1.2 m/s(1.64 ft/s~3.94 ft/s);2026-09-23;;да
ext-pudubot-2;PuduBot 2;min_aisle_width_mm;800;мм;Примеры_решений_типы_объектов.docx;организатор;Ширина проезда: 80см;2026-09-15;;
ext-pudubot-2;PuduBot 2;min_aisle_width_mm;800;мм;https://www.pudurobotics.com/en/products/pudubot2;производитель;Path Width: 80 cm(31.50 inches);2026-09-23;;да
ext-pudubot-2;PuduBot 2;navigation_type;VSLAM + лазерный SLAM;;Примеры_решений_типы_объектов.docx;организатор;Тип навигации: VSLAM + лазерный SLAM (камера + лидар, 3D‑датчики глубины).;2026-09-15;;
ext-pudubot-2;PuduBot 2;navigation_type;без меток, PUDU VSLAM+ и два лидара;;https://www.pudurobotics.com/en/products/pudubot2;производитель;PUDU VSLAM+;2026-09-23;на странице также указано Dual Lidar;да
ext-pudubot-2;PuduBot 2;operating_conditions;не найдено;;;нет источника;;2026-09-23;не найдено;
ext-pudubot-2;PuduBot 2;payload_kg;10;кг на полку;Примеры_решений_типы_объектов.docx;организатор;Грузоподъемность: 10кг на полку;2026-09-15;10 кг это на одну полку, 40 кг на весь робот, расхождение объясняется единицей;
ext-pudubot-2;PuduBot 2;payload_kg;40;кг;https://www.pudurobotics.com/en/products/pudubot2;производитель;Maximum Loads: 40 kg(88.18 pounds);2026-09-23;"лотки 52×43.2 см, по умолчанию 3, максимум 7; 10 кг это на одну полку, 40 кг на весь робот, расхождение объясняется единицей";да
ext-pudubot-2;PuduBot 2;price_rub;1150000;₽;https://www.kiit.ru/product/universalnyy-robot-dostavshchik-pudubot-2/;интегратор;1 150 000 ₽;2026-09-23;окончательная цена зависит от комплектации и доставки;
ext-pudubot-2;PuduBot 2;raas_rental;аренда у SPI по долгосрочному контракту от 12 месяцев, цены не опубликованы;;https://pudurobots.ru/rent;интегратор;Долгосрочный контракт От 12 месяцев;2026-09-23;"общие условия аренды SPI; PuduBot 2 в перечне арендных моделей на странице не назван";
ext-pudubot-2;PuduBot 2;range_km;не найдено;км;;нет источника;;2026-09-23;"не найдено; не применимо";
ext-pudubot-2;PuduBot 2;robot_mass_kg;39;кг;Примеры_решений_типы_объектов.docx;организатор;Вес: 39кг;2026-09-15;;
ext-pudubot-2;PuduBot 2;robot_mass_kg;39;кг;https://www.pudurobotics.com/en/products/pudubot2;производитель;Machine Weight: 39 kg(85.98 pounds);2026-09-23;;да
ext-pudubot-2;PuduBot 2;runtime_h;12;ч;Примеры_решений_типы_объектов.docx;организатор;Время зарядки/работы: 4 часа/12 часов;2026-09-15;;
ext-pudubot-2;PuduBot 2;runtime_h;12–15;ч;https://www.pudurobotics.com/en/products/pudubot2;производитель;Battery Life: 12h (None load)、15h (Full load);2026-09-23;"так на странице: 12 ч без нагрузки, 15 ч с полной - похоже на перепутанные подписи; дилер КИИТ пишет 24 ч";да
ext-pudubot-2;PuduBot 2;service;официальная гарантия дилера;;https://www.kiit.ru/product/universalnyy-robot-dostavshchik-pudubot-2/;интегратор;предоставляем официальную гарантию на всю поставляемую технику;2026-09-23;;
ext-pudubot-2;PuduBot 2;throughput;не найдено;;;нет источника;;2026-09-23;не найдено;
ext-gausium-scrubber-75;Gausium Scrubber 75;case_reference;Хельсинки-Вантаа: 1 робот, 13000 м², смена 5-6 ч;;https://gausium.com/case/scrubber-75-working-at-helsinki-vantaa-airport/;производитель;13,000 square meters of coverage;2026-09-23;"куплен в мае 2021; «90% manual work saved» - заявление производителя";
ext-gausium-scrubber-75;Gausium Scrubber 75;case_reference;Хитроу: 9 Scrubber 75 и 25 Scrubber 50;;https://gausium.com/case/driving-124174-99-in-savings-and-64-roi-heathrow-airports-success-with-gausiums-autonomous-cleaning-solutions/;производитель;9 Scrubber 75;2026-09-23;"с октября 2022; заявлено 124174.99 фунтов экономии за 5 лет и ROI 64%";
ext-gausium-scrubber-75;Gausium Scrubber 75;case_reference;применение в аэропортах (дилер РФ);;https://t-co.ru/ecobot-scrubber-75/;интегратор;Аэропорты и вокзалы;2026-09-23;российских аэропортов-заказчиков не найдено;
ext-gausium-scrubber-75;Gausium Scrubber 75;charge_time_h;5;ч;https://gausium.com/specs/scrubber-75/;производитель;Charging Time: ≈ 5 h;2026-09-23;;да
ext-gausium-scrubber-75;Gausium Scrubber 75;cleaning_width_mm;750;мм;https://gausium.com/specs/scrubber-75/;производитель;Cleaning Width: 750 mm (29.5 in);2026-09-23;;да
ext-gausium-scrubber-75;Gausium Scrubber 75;country;Китай;;https://t-co.ru/ecobot-scrubber-75/;интегратор;Страна производителя: Китай;2026-09-23;;
ext-gausium-scrubber-75;Gausium Scrubber 75;dimensions_mm;1370×962×1417;мм (Д×Ш×В);https://gausium.com/specs/scrubber-75/;производитель;Length: 1,370 mm (54 in);2026-09-23;"ширина 962 мм, высота 1417 мм там же; на gausium.ru «1370 (Д) X 962 (Ш) X 1417 (В)»";да
ext-gausium-scrubber-75;Gausium Scrubber 75;elevator_door_integration;не найдено;;;нет источника;;2026-09-23;не найдено;
ext-gausium-scrubber-75;Gausium Scrubber 75;manufacturer;Gausium;;https://gausium.com/specs/scrubber-75/;производитель;Specifications of Scrubber 75 - Gausium;2026-09-23;заголовок страницы;да
ext-gausium-scrubber-75;Gausium Scrubber 75;max_speed_m_s;1.1;м/с;https://gausium.com/specs/scrubber-75/;производитель;Max. Cleaning Speed: 1.1 m/s (2.5 mph);2026-09-23;у дилера Т-Компани 4.02 км/ч, на gausium.ru 0-4 км/ч;да
ext-gausium-scrubber-75;Gausium Scrubber 75;min_aisle_width_mm;1400;мм;https://gausium.com/specs/scrubber-75/;производитель;"Min. Pass Width: General: 1,400 mm (55.1 in); Underground Garage: 1,800 mm (70.9 in)";2026-09-23;мин. ширина разворота 2000 мм;да
ext-gausium-scrubber-75;Gausium Scrubber 75;navigation_type;"3D-лидар, 2D-лидар, 3D-камера, датчики столкновения и падения; у версии 75P еще радары";;https://gausium.com/specs/scrubber-75/;производитель;3D LiDAR, 2D LiDAR, 3D Camera, Anti-Collison, Anti-Drop, Millimeter-wave Radars;2026-09-23;список для версии 75P;да
ext-gausium-scrubber-75;Gausium Scrubber 75;operating_conditions;не найдено;;;нет источника;;2026-09-23;не найдено;
ext-gausium-scrubber-75;Gausium Scrubber 75;payload_kg;н/п;;;нет источника;;2026-09-23;не применимо: робот-уборщик груз не возит;
ext-gausium-scrubber-75;Gausium Scrubber 75;price_rub;не найдено;₽;;нет источника;;2026-09-23;"не найдено; у дилера Т-Компани «Цена по запросу»";
ext-gausium-scrubber-75;Gausium Scrubber 75;raas_rental;не найдено;;;нет источника;;2026-09-23;не найдено;
ext-gausium-scrubber-75;Gausium Scrubber 75;robot_mass_kg;400;кг;https://gausium.com/specs/scrubber-75/;производитель;Net Weight: 400 kg (900 lb);2026-09-23;;да
ext-gausium-scrubber-75;Gausium Scrubber 75;runtime_h;4–6;ч;https://gausium.com/specs/scrubber-75/;производитель;Runtime: ≈ 4-6 h;2026-09-23;"батарея LFP 200 Ah, 24 В; на gausium.ru и у Т-Компани указано 240 Ah";да
ext-gausium-scrubber-75;Gausium Scrubber 75;service;гарантия 1 год;;https://t-co.ru/ecobot-scrubber-75/;интегратор;Гарантия: 1 год;2026-09-23;;
ext-gausium-scrubber-75;Gausium Scrubber 75;tank_l;75;л;https://gausium.com/specs/scrubber-75/;производитель;Clean Water Tank: 75 L (20 gal);2026-09-23;бак чистой воды;да
ext-gausium-scrubber-75;Gausium Scrubber 75;tank_l;50;л;https://gausium.com/specs/scrubber-75/;производитель;Waste Water Tank: 50 L (13 gal);2026-09-23;бак грязной воды;да
ext-gausium-scrubber-75;Gausium Scrubber 75;throughput;700–1400;м²/ч;https://gausium.com/specs/scrubber-75/;производитель;Practical Cleaning Efficiency: 700-1,400 m²/h;2026-09-23;практическая производительность;да
ext-gausium-scrubber-75;Gausium Scrubber 75;throughput_theoretical;до 3000;м²/ч;https://gausium.com/specs/scrubber-75/;производитель;Max. Cleaning Efficiency (Theoretical): 3,000 m²/h;2026-09-23;"теоретический максимум, а не рабочая производительность; вынесено в отдельное поле";да
ext-promobot-v4;Promobot V4;case_reference;Пермь, аэропорт Большое Савино (2022), Promobot V.4;;https://promo-bot.ru/news/v-permskom-aeroportu-poyavilsya-robot-konsultant/;производитель;Робот модели Promobot V.4. будет общаться с людьми и отвечать на их вопросы;2026-09-23;"новость 10.07.2022; консультирует по расписанию рейсов";
ext-promobot-v4;Promobot V4;case_reference;"Стамбул, аэропорт Сабиха Гёкчен; также аэропорты США, Чили, Внуково";;https://promo-bot.ru/review/turtsiya-zakupaet-rossijskih-robotov-odin-iz-nih-pristupil-k-rabote-v-aeroportu/;производитель;промоботов, собранных в Перми, уже можно встретить в аэропортах США, Чили, в аэропорту Внуково;2026-09-23;"модель в Стамбуле не указана; подтверждений от самих аэропортов не найдено";
ext-promobot-v4;Promobot V4;charge_time_h;до 10;ч;https://promo-bot.ru/wp-content/uploads/2024/06/RUS-Rukovodstvo-polzovatelya-Promobot-V.413-06-2024.pdf;производитель;Время зарядки, ч Зарядная станция до 10 Кабель питания до 8;2026-09-23;"до 8 ч по кабелю; есть автоподъезд к зарядной станции";да
ext-promobot-v4;Promobot V4;country;Россия (Пермь);;https://promo-bot.ru/review/turtsiya-zakupaet-rossijskih-robotov-odin-iz-nih-pristupil-k-rabote-v-aeroportu/;производитель;Российский сервисный робот Промобот, созданный одноимённой пермской компанией, устроился на работу в стамбульский международный аэропорт имени Сабихи Гёкчен;2026-09-23;;
ext-promobot-v4;Promobot V4;dimensions_mm;716×740×1485;мм (Д×Ш×В);https://promo-bot.ru/wp-content/uploads/2024/06/RUS-Rukovodstvo-polzovatelya-Promobot-V.413-06-2024.pdf;производитель;Размеры робота (ВxШxД), мм Минимальные 1485x740x716;2026-09-23;"в руководстве порядок В×Ш×Д; предельные с руками 1585x2060x716";да
ext-promobot-v4;Promobot V4;elevator_door_integration;не найдено;;;нет источника;;2026-09-23;"не найдено; «лифт» в руководстве - это актуатор торса, не пассажирский лифт";
ext-promobot-v4;Promobot V4;manufacturer;ООО «Промобот»;;https://promo-bot.ru/wp-content/uploads/2024/06/RUS-Rukovodstvo-polzovatelya-Promobot-V.413-06-2024.pdf;производитель;ООО «Промобот». Тел. 8 (800) 551-65-48. E-mail: info@promo-bot.ru;2026-09-23;;да
ext-promobot-v4;Promobot V4;max_speed_m_s;до 0.2;м/с;https://promo-bot.ru/wp-content/uploads/2024/06/RUS-Rukovodstvo-polzovatelya-Promobot-V.413-06-2024.pdf;производитель;Скорость передвижения, м/с до 0.2;2026-09-23;;да
ext-promobot-v4;Promobot V4;min_aisle_width_mm;1700;мм;https://promo-bot.ru/wp-content/uploads/2024/06/RUS-Rukovodstvo-polzovatelya-Promobot-V.413-06-2024.pdf;производитель;Расстояние между стенами и предметами в местах, где проезжает робот, должно быть не менее 1,7 метров.;2026-09-23;пороги не выше 1 см, уклон не круче 10 градусов;да
ext-promobot-v4;Promobot V4;navigation_type;лидар (опция) и заранее построенная карта помещения;;https://promo-bot.ru/wp-content/uploads/2024/06/RUS-Rukovodstvo-polzovatelya-Promobot-V.413-06-2024.pdf;производитель;Система навигации робота опирается на использование лидара — лазерного сканера, расположенного в нижней части робота (является дополнительной опцией) и заранее построенной карте помещения.;2026-09-23;"нужен Wi-Fi не менее 4 Мбит/с; стекла и зеркала ниже 40 см мешают лидару";да
ext-promobot-v4;Promobot V4;operating_conditions;только в помещении, +10…+35 °C, влажность не более 70%;;https://promo-bot.ru/wp-content/uploads/2024/06/RUS-Rukovodstvo-polzovatelya-Promobot-V.413-06-2024.pdf;производитель;"температура воздуха от +10° до +35°C;";2026-09-23;«Не используйте робота Promobot V.4 на улице и в помещениях с повышенной влажностью воздуха»;да
ext-promobot-v4;Promobot V4;payload_kg;н/п;;;нет источника;;2026-09-23;не применимо: робот-консультант груз не возит;
ext-promobot-v4;Promobot V4;price_rub;3430350;₽;https://sitimedia.ru/robot-consultant-promouter/;интегратор;3 430 350 ₽;2026-09-23;цена дилера (Нижний Новгород), комплектация не раскрыта;
ext-promobot-v4;Promobot V4;raas_rental;аренда от 50 000 ₽/день;;https://rent-robot.ru/promobot-v4;интегратор;Аренда робота Promobot v4 от 50 000 руб./день;2026-09-23;"событийная аренда с оператором; долгосрочной аренды у производителя не найдено";
ext-promobot-v4;Promobot V4;robot_mass_kg;до 130;кг;https://promo-bot.ru/wp-content/uploads/2024/06/RUS-Rukovodstvo-polzovatelya-Promobot-V.413-06-2024.pdf;производитель;Масса робота, кг до 130;2026-09-23;таблица 1 руководства пользователя, 2024;да
ext-promobot-v4;Promobot V4;runtime_h;до 8;ч;https://promo-bot.ru/wp-content/uploads/2024/06/RUS-Rukovodstvo-polzovatelya-Promobot-V.413-06-2024.pdf;производитель;Время автономной работы, ч до 8;2026-09-23;потребляемая мощность 400 Вт;да
ext-promobot-v4;Promobot V4;service;гарантия 12 месяцев, ремонт производителем;;https://promo-bot.ru/wp-content/uploads/2024/06/RUS-Rukovodstvo-polzovatelya-Promobot-V.413-06-2024.pdf;производитель;Гарантийный срок на данное изделие составляет 12 месяцев и исчисляется с момента поставки.;2026-09-23;;да
ext-promobot-v4;Promobot V4;throughput;не найдено;;;нет источника;;2026-09-23;не найдено;
ext-tracteasy-eztow;TractEasy EZTow;case_reference;Тулуза-Бланьяк: с конца 2022, уровень 4 без человека на борту;;https://tracteasy.com/news/autonomous-baggage-tractor-at-toulouse-blagnac-airport-goes-fully-driverless-and-extends-route/;производитель;running at Toulouse-Blagnac Airport since late-2022;2026-09-23;"буксировка багажа от стоянок к багажному залу; новость 07.11.2023";
ext-tracteasy-eztow;TractEasy EZTow;case_reference;"Гринвилл-Спартанберг (США), 2024; также Чанги и Нарита";;https://tracteasy.com/news/eztow-autonomous-tow-tractor-deployed-at-greenville-spartanburg-international-airport/;производитель;operates on a one-mile route in mixed traffic, efficiently transporting cargo to a staging area.;2026-09-23;новость 04.09.2024, пилот с Piedmont Airlines;
ext-tracteasy-eztow;TractEasy EZTow;charge_time_h;не найдено;ч;;нет источника;;2026-09-23;не найдено;
ext-tracteasy-eztow;TractEasy EZTow;country;не найдено;;;нет источника;;2026-09-23;не найдено;
ext-tracteasy-eztow;TractEasy EZTow;dimensions_mm;3200×1940×2050;мм (Д×Ш×В);https://tracteasy.com/product/;производитель;L*W*H: 3200 * 1940 * 2050 (mm);2026-09-23;"радиус разворота 4750 мм; у SYNAOS 3200 x 1900 x 2100";да
ext-tracteasy-eztow;TractEasy EZTow;manufacturer;TractEasy (СП TLD и EasyMile), с 2026 в составе TLD Robotics;;https://www.tld-group.com/technologies/eztow/;производитель;a joint venture between two industry leaders: ground support equipment manufacturer TLD and driverless technology provider EasyMile;2026-09-23;в сентябре 2026 объявлено создание TLD Robotics (robotics247.com);да
ext-tracteasy-eztow;TractEasy EZTow;max_speed_m_s;4.17;м/с;https://tracteasy.com/product/;производитель;Maximum speed 15 km/h / 9.3 mph;2026-09-23;"пересчет из 15 км/ч; у SYNAOS опечатка «15 m/s»; привод электрический, батарея свинцово-кислотная или Li-ion";да
ext-tracteasy-eztow;TractEasy EZTow;min_aisle_width_mm;не найдено;мм;;нет источника;;2026-09-23;не найдено;
ext-tracteasy-eztow;TractEasy EZTow;navigation_type;датчики и камеры, без выделенной инфраструктуры, смешанный трафик;;https://www.tld-group.com/technologies/eztow/;производитель;a range of sensors and cameras with real-time processing to navigate complex outdoor environments;2026-09-23;в СМИ упоминаются GPS и лидар, первоисточник не проверен;да
ext-tracteasy-eztow;TractEasy EZTow;operating_conditions;"дождь, туман, снег; температурный диапазон и IP не опубликованы";;https://tracteasy.com/news/autonomous-baggage-tractor-at-toulouse-blagnac-airport-goes-fully-driverless-and-extends-route/;производитель;in different weather conditions like rain, fog, and snow;2026-09-23;;
ext-tracteasy-eztow;TractEasy EZTow;payload_kg;не найдено;кг;;нет источника;;2026-09-23;не найдено;
ext-tracteasy-eztow;TractEasy EZTow;price_rub;не найдено;₽;;нет источника;;2026-09-23;не найдено;
ext-tracteasy-eztow;TractEasy EZTow;raas_rental;не найдено;;;нет источника;;2026-09-23;не найдено;
ext-tracteasy-eztow;TractEasy EZTow;range_km;не найдено;км;;нет источника;;2026-09-23;не найдено;
ext-tracteasy-eztow;TractEasy EZTow;robot_mass_kg;4170;кг;https://www.synaos.com/en/partners/mobile-robot-finder/tracteasy-eztow;интегратор;Weight: 4170 kg;2026-09-23;каталог роботов платформы интралогистики SYNAOS;
ext-tracteasy-eztow;TractEasy EZTow;runtime_h;не найдено;ч;;нет источника;;2026-09-23;не найдено;
ext-tracteasy-eztow;TractEasy EZTow;service;не найдено;;;нет источника;;2026-09-23;не найдено;
ext-tracteasy-eztow;TractEasy EZTow;throughput;не найдено;;;нет источника;;2026-09-23;не найдено;
ext-tracteasy-eztow;TractEasy EZTow;towing_capacity_kg;14000;кг;https://tracteasy.com/product/;производитель;Autonomous towing capacity: 14 tons / 28,000 lbs;2026-09-23;"Почему выбран: из кандидатов (Aurrigo Auto-DollyTug, EZTow, RoboCV, Logiant) только у EZTow опубликованы тяга, скорость, габариты, масса и несколько подтвержденных аэропортов (Тулуза, Гринвилл, Чанги, Нарита). Минусы: это перронный тягач багажа, а не робот внутри терминала, и в РФ не продается. Внутритерминальных тягачей тележек или отходов с аэропортовыми кейсами в РФ не нашли; RoboCV и Logiant складские, данных по аэропортам нет.";да
ext-tracteasy-eztow;TractEasy EZTow;towing_capacity_kg;20000;кг;https://www.tld-group.com/technologies/eztow/;производитель;can tow up to 20 tons (40,000 lbs) autonomously;2026-09-23;"расходится с сайтом TractEasy (14 т); тяговое усилие 2000 daN";да
ext-pudu-flashbot;Pudu FlashBot;availability_russia;"продается в РФ: SPI (официальный дистрибьютор), robort.ru и др.; в РФ предлагается версия FlashBot Max";;https://pudurobots.ru/delivery-robots;интегратор;управление лифтами для перемещения по этажам;2026-09-23;;
ext-pudu-flashbot;Pudu FlashBot;charge_time_h;4.5;ч;https://academy.pudutech.com/en/docs/chan-pin-jian-jie-D00k;производитель;4.5 h;2026-09-23;исходная версия;да
ext-pudu-flashbot;Pudu FlashBot;country;Китай (Шэньчжэнь);;https://baike.baidu.com/en/item/Shenzhen%20Pudu%20Technology%20Co.,%20Ltd./46983;СМИ;A company based in Shenzhen that engages in the research and development, design, production, and sales of commercial service robots.;2026-09-23;заголовок справочной статьи Baidu;
ext-pudu-flashbot;Pudu FlashBot;dimensions_mm;539×515×1050;мм (Д×Ш×В);https://academy.pudutech.com/en/docs/chan-pin-jian-jie-D00k;производитель;53.9*51.5*105 cm (21.22*20.27*41.33 inches);2026-09-23;исходная версия;да
ext-pudu-flashbot;Pudu FlashBot;disinfection;не найдено;;;нет источника;;2026-09-23;"не найдено; не применимо";
ext-pudu-flashbot;Pudu FlashBot;elevator_door_integration;интеграция с лифтом Nippon Otis (Япония);;https://www.pudurobotics.com/en/news/887;производитель;"In collaboration with Nippon Otis, PUDU's delivery robot ""FlashBot"" was successfully integrated with an elevator for the first time in Japan";2026-09-23;заголовок новости;
ext-pudu-flashbot;Pudu FlashBot;manufacturer;Pudu Robotics;;https://pudurobots.ru/delivery-robots;интегратор;SPI официальный дистрибьютор Pudu Robotics в России;2026-09-23;;
ext-pudu-flashbot;Pudu FlashBot;max_speed_m_s;0.5–1.5;м/с;https://academy.pudutech.com/en/docs/chan-pin-jian-jie-D00k;производитель;Adjustable between 0.5–1.5 m/s (1.64–4.92 ft/s);2026-09-23;исходная версия;да
ext-pudu-flashbot;Pudu FlashBot;min_aisle_width_mm;700;мм;https://academy.pudutech.com/en/docs/chan-pin-jian-jie-D00k;производитель;70 cm (27.56 inches);2026-09-23;"минимальная ширина прохода; ширина разворота 75 см; порог до 20 мм, уклон до 8°";да
ext-pudu-flashbot;Pudu FlashBot;navigation_type;PUDU SLAM;;https://academy.pudutech.com/en/docs/chan-pin-jian-jie-D00k;производитель;PUDU SLAM positioning solution;2026-09-23;исходная версия;да
ext-pudu-flashbot;Pudu FlashBot;operating_conditions;не найдено;;;нет источника;;2026-09-23;"не найдено; FlashBot Max заявлен для помещений и полуоткрытых зон";
ext-pudu-flashbot;Pudu FlashBot;payload_kg;30;кг;https://academy.pudutech.com/en/docs/chan-pin-jian-jie-D00k;производитель;30 kg (66.14 pounds);2026-09-23;"исходная версия FlashBot; 15 кг на отсек";да
ext-pudu-flashbot;Pudu FlashBot;raas_rental;аренда у SPI по долгосрочному контракту от 12 месяцев, цены не опубликованы;;https://pudurobots.ru/rent;интегратор;Долгосрочный контракт От 12 месяцев;2026-09-23;общие условия аренды SPI;
ext-pudu-flashbot;Pudu FlashBot;robot_mass_kg;55;кг;https://academy.pudutech.com/en/docs/chan-pin-jian-jie-D00k;производитель;55 kg (121.25 pounds);2026-09-23;исходная версия;да
ext-pudu-flashbot;Pudu FlashBot;runtime_h;12;ч;https://academy.pudutech.com/en/docs/chan-pin-jian-jie-D00k;производитель;12 h;2026-09-23;исходная версия;да
ext-pudu-flashbot;Pudu FlashBot;service;не найдено;;;нет источника;;2026-09-23;не найдено;
ext-pudu-flashbot;Pudu FlashBot;throughput;не найдено;;;нет источника;;2026-09-23;не найдено;
ext-pudu-flashbot-max;Pudu FlashBot Max;case_reference;"производитель называет больницы среди целевых объектов; конкретных больничных внедрений не нашли";;https://www.prnewswire.com/apac/news-releases/pudu-robotics-unveils-the-latest-version-of-flashbot-elevating-smart-building-delivery-to-a-new-level-302283157.html;производитель;Built-in fans provide constant air circulation, removing odors and maintaining hygiene.;2026-09-23;"в релизе больницы перечислены среди объектов; кейсов в России не нашли";
ext-pudu-flashbot-max;Pudu FlashBot Max;charge_time_h;4;ч;https://www.pudurobotics.com/en/products/flashbot-new;производитель;4 h;2026-09-23;;да
ext-pudu-flashbot-max;Pudu FlashBot Max;dimensions_mm;538×534×1052;мм (Д×Ш×В);https://www.pudurobotics.com/en/products/flashbot-new;производитель;21.18*21.02*41.42 in(538 mm*534 mm*1052 mm);2026-09-23;;да
ext-pudu-flashbot-max;Pudu FlashBot Max;elevator_door_integration;"сам ездит в лифте: облачная интеграция с лифтами KONE и OTIS без доработки или аппаратный модуль; проходит турникеты";;https://www.prnewswire.com/apac/news-releases/pudu-robotics-unveils-the-latest-version-of-flashbot-elevating-smart-building-delivery-to-a-new-level-302283157.html;производитель;supports cloud-based elevator systems compatible with major brands like KONE and OTIS without the need for modifications;2026-09-23;;
ext-pudu-flashbot-max;Pudu FlashBot Max;max_speed_m_s;0.5–1.2;м/с;https://www.pudurobotics.com/en/products/flashbot-new;производитель;1.64 ft/s–3.94 ft/s0.5 m/s ~ 1.2 m/s（adjustable）;2026-09-23;;да
ext-pudu-flashbot-max;Pudu FlashBot Max;min_aisle_width_mm;600;мм;https://www.pudurobotics.com/en/products/flashbot-new;производитель;60cm Path Clearance;2026-09-23;дилер robort.ru пишет 70 см;да
ext-pudu-flashbot-max;Pudu FlashBot Max;navigation_type;VSLAM + лидарный SLAM, 3D-обход препятствий;;https://www.pudurobotics.com/en/products/flashbot-new;производитель;VSLAM+Lidar SLAM;2026-09-23;;да
ext-pudu-flashbot-max;Pudu FlashBot Max;payload_kg;20–40;кг;https://www.pudurobotics.com/en/products/flashbot-new;производитель;22.05 lbs/layer(10 kg/layer);2026-09-23;"FlashBot Max - текущая версия (2024-2025); 10 кг на ярус, 2-4 яруса; доступ к отсекам по паролю, номеру телефона или NFC";да
ext-pudu-flashbot-max;Pudu FlashBot Max;price_rub;1411000;₽;https://robort.ru/product/pudu-robotics/robot-pudu-flashbot/;интегратор;от 1 411 000 ₽;2026-09-23;"FlashBot Max; в выдаче поиска у других магазинов от 850 000 ₽ (не проверено)";
ext-pudu-flashbot-max;Pudu FlashBot Max;robot_mass_kg;60;кг;https://www.pudurobotics.com/en/products/flashbot-new;производитель;132.28 lbs(60 kg);2026-09-23;;да
ext-pudu-flashbot-max;Pudu FlashBot Max;runtime_h;9;ч;https://www.pudurobotics.com/en/products/flashbot-new;производитель;9 h;2026-09-23;;да
ext-keenon-w3;Keenon W3;availability_russia;продается в РФ: 3Logic Group (официальный IT-дистрибьютор), keenons.ru, robort.ru и др.;;https://3logic.ru/products/gostinichnyy-robot-dostavshchik-keenon-robotics-modeli-buttlerbot-w3-173250/;интегратор;Оптовая цена от официального IT Дистрибьютора - 3Logic Group;2026-09-23;;
ext-keenon-w3;Keenon W3;case_reference;не найдено;;;нет источника;;2026-09-23;"не найдено; реселлеры пишут о применении в больницах, проверяемых кейсов не нашли";
ext-keenon-w3;Keenon W3;charge_time_h;6.5;ч;https://3logic.ru/products/gostinichnyy-robot-dostavshchik-keenon-robotics-modeli-buttlerbot-w3-173250/;интегратор;Время зарядки, мин: 390;2026-09-23;"390 мин; RobotLAB: 6.5 ч от 15 до 100%";
ext-keenon-w3;Keenon W3;country;не найдено;;;нет источника;;2026-09-23;"не найдено дословно; по вторичным источникам - Китай, Шанхай";
ext-keenon-w3;Keenon W3;dimensions_mm;549×459×1081;мм (Д×Ш×В);https://www.robotlab.com/store/keenon-w3/;интегратор;459 × 549 × 1081 mm (18.1 × 21.6 × 42.6 in);2026-09-23;"у RobotLAB порядок Ш×Д×В; 3Logic: ширина 459, глубина 549, высота 1081 мм";
ext-keenon-w3;Keenon W3;disinfection;не найдено;;;нет источника;;2026-09-23;"не найдено; не применимо";
ext-keenon-w3;Keenon W3;elevator_door_integration;может ездить в лифте, нужен модуль E-box;;https://3logic.ru/products/gostinichnyy-robot-dostavshchik-keenon-robotics-modeli-buttlerbot-w3-173250/;интегратор;Возможность взаимодействия с лифтами (требуется E-box);2026-09-23;;
ext-keenon-w3;Keenon W3;manufacturer;не найдено;;;нет источника;;2026-09-23;"не найдено дословно; KEENON Robotics Co., Ltd. - по заголовкам официального сайта";
ext-keenon-w3;Keenon W3;max_speed_m_s;0.8;м/с;https://3logic.ru/products/gostinichnyy-robot-dostavshchik-keenon-robotics-modeli-buttlerbot-w3-173250/;интегратор;Максимальная скорость: 0.8 м/с;2026-09-23;;
ext-keenon-w3;Keenon W3;min_aisle_width_mm;700;мм;https://3logic.ru/products/gostinichnyy-robot-dostavshchik-keenon-robotics-modeli-buttlerbot-w3-173250/;интегратор;Мин.ширина коридора для проезда - 70см (без поворотов);2026-09-23;;
ext-keenon-w3;Keenon W3;navigation_type;не найдено;;;нет источника;;2026-09-23;"не найдено; официальная страница keenon не открылась, дословной цитаты нет";
ext-keenon-w3;Keenon W3;operating_conditions;не найдено;;;нет источника;;2026-09-23;не найдено;
ext-keenon-w3;Keenon W3;payload_kg;20;кг;https://3logic.ru/products/gostinichnyy-robot-dostavshchik-keenon-robotics-modeli-buttlerbot-w3-173250/;интегратор;Допустимая нагрузка, кг: 20;2026-09-23;у RobotLAB: 10 кг на ярус, до 4 запираемых отсеков, до 90 л;
ext-keenon-w3;Keenon W3;price_rub;1670000;₽;https://keenons.ru/;интегратор;Цена: 1 670 000 ₽;2026-09-23;сайт keenons.ru, статус официального представителя на странице не указан;
ext-keenon-w3;Keenon W3;raas_rental;не найдено;;;нет источника;;2026-09-23;"не найдено для РФ; у RobotLAB (США) цена от $29,600 с вариантами покупки, лизинга и RaaS";
ext-keenon-w3;Keenon W3;robot_mass_kg;48;кг;https://www.robotlab.com/store/keenon-w3/;интегратор;48 kg (106 lbs);2026-09-23;3Logic тоже 48 кг;
ext-keenon-w3;Keenon W3;runtime_h;12;ч;https://3logic.ru/products/gostinichnyy-robot-dostavshchik-keenon-robotics-modeli-buttlerbot-w3-173250/;интегратор;Время работы на одном заряде, max, мин: 720;2026-09-23;720 мин;
ext-keenon-w3;Keenon W3;service;не найдено;;;нет источника;;2026-09-23;не найдено;
ext-keenon-w3;Keenon W3;throughput;не найдено;;;нет источника;;2026-09-23;не найдено;
ext-aethon-tug;Aethon TUG T3;availability_russia;не найдено;;;нет источника;;2026-09-23;"не найдено; продавцов и поставок в РФ по поиску на русском не нашли, производитель пишет о клиентах в основном в США";
ext-aethon-tug;Aethon TUG T3;case_reference;больницы США: еда, белье, отходы, лекарства, анализы;;https://aethon.com/hospital-robots-healthcare/;производитель;Food trays from the kitchen;2026-09-23;"на той же странице: Linens to nursing units; Heavy bins of trash or biohazard waste";да
ext-aethon-tug;Aethon TUG T3;case_reference;Froedtert Hospital (США): вывоз отходов и доставка белья;;https://www.froedtert.com/stories/robots-haul-waste-deliver-linens-froedtert-hospital;эксплуатант;Robots Haul Waste, Deliver Linens at Froedtert Hospital;2026-09-23;"заголовок публикации больницы; текст страницы не открылся (403)";
ext-aethon-tug;Aethon TUG T3;charge_time_h;3.2;ч;https://aethon.com/wp-content/uploads/2024/03/Aethon_SpecSheet_T3-merged.pdf;производитель;Depleted Charge Time 3.2 hours;2026-09-23;;да
ext-aethon-tug;Aethon TUG T3;country;США (Питтсбург);;https://aethon.com/wp-content/uploads/2024/03/Aethon_SpecSheet_T3-merged.pdf;производитель;Aethon Inc. 200 Business Center Dr. Pittsburgh, PA 15205;2026-09-23;;да
ext-aethon-tug;Aethon TUG T3;dimensions_mm;?×570×1221;мм (Д×Ш×В);https://aethon.com/wp-content/uploads/2024/03/Aethon_SpecSheet_T3-merged.pdf;производитель;"22.44"" [57] WIDTH";2026-09-23;"ширина 570 мм, высота 1221 мм (48.1""); полная длина базы из листа однозначно не читается, длина площадки подъема 859 мм (T3) / 1166 мм (T3XL)";да
ext-aethon-tug;Aethon TUG T3;disinfection;не найдено;;;нет источника;;2026-09-23;"не найдено; не применимо";
ext-aethon-tug;Aethon TUG T3;elevator_door_integration;сам вызывает лифт (аппаратная или программная интеграция), открывает двери через интеграцию со зданием;;https://aethon.com/wp-content/uploads/2024/03/Aethon_SpecSheet_T3-merged.pdf;производитель;Elevator Integration Hardware or Software;2026-09-23;с сайта aethon.com: We can integrate with doors, and other building systems such as fire alarms.;да
ext-aethon-tug;Aethon TUG T3;manufacturer;Aethon Inc. (ST Engineering Aethon);;https://aethon.com/;производитель;With hundreds of customer sites worldwide and millions of miles traveled every year, our robots are a reliable source of automation.;2026-09-23;на сайте логотип ST Engineering;
ext-aethon-tug;Aethon TUG T3;max_speed_m_s;0.76;м/с;https://aethon.com/wp-content/uploads/2024/03/Aethon_SpecSheet_T3-merged.pdf;производитель;"Max Travel Speed 30"" per second (76 cm)";2026-09-23;"пересчет из 76 см/с; одинаково для T3 и T3XL";да
ext-aethon-tug;Aethon TUG T3;min_aisle_width_mm;не найдено;мм;;нет источника;;2026-09-23;"не найдено; есть только диаметр разворота: T3 1256 мм, T3XL 1570 мм";
ext-aethon-tug;Aethon TUG T3;navigation_type;без инфраструктуры: лидары, всенаправленный привод 4WD;;https://aethon.com/wp-content/uploads/2024/03/Aethon_SpecSheet_T3-merged.pdf;производитель;Aethon differentiates itself from traditional AGV systems by requiring no infrastructure for navigation.;2026-09-23;диаметр разворота T3 1256 мм, T3XL 1570 мм;да
ext-aethon-tug;Aethon TUG T3;operating_conditions;"только в помещениях; порог до 12.7 мм, зазор до 31.75 мм";;https://aethon.com/wp-content/uploads/2024/03/Aethon_SpecSheet_T3-merged.pdf;производитель;Environmental Interior Use;2026-09-23;;да
ext-aethon-tug;Aethon TUG T3;payload_kg;340;кг;https://aethon.com/wp-content/uploads/2024/03/Aethon_SpecSheet_T3-merged.pdf;производитель;Weight Capacity 750 lbs (340 kg);2026-09-23;"T3; тележка до 112×81 см; 340 кг у модели T3, 454 кг у T3XL, расхождение объясняется моделью";да
ext-aethon-tug;Aethon TUG T3;payload_kg;454;кг;https://aethon.com/wp-content/uploads/2024/03/Aethon_SpecSheet_T3-merged.pdf;производитель;Weight Capacity 1000 lbs (454 kg);2026-09-23;"T3XL; тележка до 142×81 см; 340 кг у модели T3, 454 кг у T3XL, расхождение объясняется моделью";да
ext-aethon-tug;Aethon TUG T3;price_rub;не найдено;₽;;нет источника;;2026-09-23;"не найдено; в 2008 году $105,000 при покупке (Machine Design)";
ext-aethon-tug;Aethon TUG T3;raas_rental;аренда 1500 USD в месяц (данные 2008 года);;https://www.machinedesign.com/archive/article/21826528/robots-making-rounds;СМИ;The price tag is $105,000 for purchase or $1,500 per month for a lease.;2026-09-23;статья 01.03.2008, цены устарели;
ext-aethon-tug;Aethon TUG T3;robot_mass_kg;не найдено;кг;;нет источника;;2026-09-23;не найдено;
ext-aethon-tug;Aethon TUG T3;runtime_h;9;ч;https://aethon.com/wp-content/uploads/2024/03/Aethon_SpecSheet_T3-merged.pdf;производитель;Effective Run-Time 9.0 hours;2026-09-23;батарея LiFePO4, автодокинг;да
ext-aethon-tug;Aethon TUG T3;service;круглосуточная поддержка через командный центр;;https://aethon.com/wp-content/uploads/2024/03/Aethon_SpecSheet_T3-merged.pdf;производитель;Help desk support;2026-09-23;в листе: 24/7 SUPPORT, Support Encrypted to Command Center;да
ext-aethon-tug;Aethon TUG T3;throughput;более 50 000 доставок в неделю парком более 400 роботов в больницах США (2013);;https://aethon.com/press-release-aethon-installs-tug-autonomous-smart-mobile-robot-21-hospitals-2013/;производитель;Over 400 TUG autonomous mobile robots are making more than 50,000 deliveries each week in hospitals across the United States;2026-09-23;данные 2013 года;
ext-uvd-robots;UVD Robots Model C;availability_russia;не найдено;;;нет источника;;2026-09-23;"не найдено; российского дистрибьютора не нашли";
ext-uvd-robots;UVD Robots Model C;case_reference;"разработан с университетской больницей Оденсе; Ухань (Китай) и Италия в 2020";;https://insideunmannedsystems.com/uv-robot-automates-coronavirus-disinfection-streamlines-hospital-processes/;СМИ;deployed to the Wuhan Thunder God Mountain Hospital in Wuhan, China in February, followed by deployments to Italy;2026-09-23;в России кейсов не нашли;
ext-uvd-robots;UVD Robots Model C;charge_time_h;не найдено;ч;;нет источника;;2026-09-23;не найдено;
ext-uvd-robots;UVD Robots Model C;country;Дания (Оденсе);;https://uvd.blue-ocean-robotics.com/about;производитель;headquartered in Odense, Denmark;2026-09-23;;
ext-uvd-robots;UVD Robots Model C;dimensions_mm;?×550×?;мм (Д×Ш×В);https://regencyrobotics.com/modelc.html;интегратор;with a width of 55 cm it can easily drive through a standard door;2026-09-23;"Model C: известна только ширина; высота 1780 мм у модели 2018 (robotsguide)";
ext-uvd-robots;UVD Robots Model C;disinfection;"10–15 минут на палату; доза УФ не опубликована";;https://insideunmannedsystems.com/uv-robot-automates-coronavirus-disinfection-streamlines-hospital-processes/;СМИ;capable of disinfecting a hospital room in 10 to 15 minutes;2026-09-23;;
ext-uvd-robots;UVD Robots Model C;disinfection;10–15 минут на типовую палату;;https://www.robotlab.com/manufacturers/uv-disinfection/;интегратор;10-15 minutes per typical hospital patient room;2026-09-23;;
ext-uvd-robots;UVD Robots Model C;disinfection;эффективность до 99.99%;;https://regencyrobotics.com/modelc.html;интегратор;can kill up to 99,99% of pathogens such as MRSA, C. dif, and CPR/CRA;2026-09-23;доза УФ-C (Дж/м²) не опубликована;
ext-uvd-robots;UVD Robots Model C;elevator_door_integration;не найдено;;;нет источника;;2026-09-23;не найдено;
ext-uvd-robots;UVD Robots Model C;manufacturer;UVD Robots (Blue Ocean Robotics);;https://uvd.blue-ocean-robotics.com/about;производитель;part of Blue Ocean Robotics;2026-09-23;;
ext-uvd-robots;UVD Robots Model C;max_speed_m_s;0.75;м/с;https://robotsguide.com/robots/uvd;СМИ;2.7 km/h;2026-09-23;"пересчет из 2.7 км/ч; данные для модели 2018 года, не Model C";
ext-uvd-robots;UVD Robots Model C;min_aisle_width_mm;550;мм;https://regencyrobotics.com/modelc.html;интегратор;with a width of 55 cm it can easily drive through a standard door;2026-09-23;"ширина робота; минимальный проход не опубликован";
ext-uvd-robots;UVD Robots Model C;navigation_type;лазерные сканеры и 3D-камеры, автономный маршрут, автодокинг;;https://regencyrobotics.com/modelc.html;интегратор;The UVD Robot® comes with laser scanners and 3D cameras that recognize obstacles and recesses on its way;2026-09-23;;
ext-uvd-robots;UVD Robots Model C;operating_conditions;не найдено;;;нет источника;;2026-09-23;не найдено;
ext-uvd-robots;UVD Robots Model C;payload_kg;н/п;;;нет источника;;2026-09-23;не применимо: УФ-дезинфектор груз не возит;
ext-uvd-robots;UVD Robots Model C;price_rub;не найдено;₽;;нет источника;;2026-09-23;"не найдено; у дилера в США $89,000 (uvcautomatic.com)";
ext-uvd-robots;UVD Robots Model C;raas_rental;у дилера в США: продажа, краткосрочная и долгосрочная аренда, цены аренды не указаны;;https://uvcautomatic.com/product/uvd-robot-model-c/;интегратор;$89,000.00;2026-09-23;"цитата - цена покупки; условия аренды без цен";
ext-uvd-robots;UVD Robots Model C;robot_mass_kg;120;кг;https://robotsguide.com/robots/uvd;СМИ;120 kg;2026-09-23;модель 2018 года, не Model C;
ext-uvd-robots;UVD Robots Model C;runtime_h;не найдено;ч;;нет источника;;2026-09-23;"не найдено; сказано только про Li-MNC батареи и автодокинг";
ext-uvd-robots;UVD Robots Model C;service;дистрибьюторы более чем в 60 странах;;https://www.therobotreport.com/third-generation-uv-c-disinfection-robot-available-uvd-robots/;СМИ;distributors are meeting demand more than 60 countries;2026-09-23;;
ext-uvd-robots;UVD Robots Model C;throughput;операционный блок из 17 помещений и коридоров примерно за 2 часа;;https://insideunmannedsystems.com/uv-robot-automates-coronavirus-disinfection-streamlines-hospital-processes/;СМИ;a surgical suite of 17 rooms and corridors could be disinfected in two hours;2026-09-23;;
ext-stk-evlampiy;Евлампий (СТК);availability_russia;не найдено;;;нет источника;;2026-09-23;"не найдено; сайт stc-groups.ru («Робот-дезинфектор помещений - купить в Москве») не открылся";
ext-stk-evlampiy;Евлампий (СТК);case_reference;клинические испытания 2 месяца в стоматологических клиниках Московской области (2022);;https://pharmmedprom.ru/news/robot-dezifektor-po-imeni-evlampii-blagopoluchno-prohodit-ispitaniya-v-moskovskih-klinikah/;СМИ;прошел двухмесячные клинические испытания в ГАУЗ «Московская областная стоматологическая поликлиника»;2026-09-23;больничных внедрений не нашли;
ext-stk-evlampiy;Евлампий (СТК);charge_time_h;не найдено;ч;;нет источника;;2026-09-23;не найдено;
ext-stk-evlampiy;Евлампий (СТК);country;Россия;;https://pharmmedprom.ru/news/robot-dezifektor-po-imeni-evlampii-blagopoluchno-prohodit-ispitaniya-v-moskovskih-klinikah/;СМИ;Автономный мобильный робот с бактерицидными УФ-лампами открытого типа, разработанный компанией «Специальные технологии контроля» совместно с Лабораторией робототехники Сбер;2026-09-23;;
ext-stk-evlampiy;Евлампий (СТК);dimensions_mm;не найдено;мм (Д×Ш×В);;нет источника;;2026-09-23;не найдено;
ext-stk-evlampiy;Евлампий (СТК);disinfection;около 15 м² за 3 минуты, до 99% микроорганизмов;;https://pharmmedprom.ru/news/robot-dezifektor-po-imeni-evlampii-blagopoluchno-prohodit-ispitaniya-v-moskovskih-klinikah/;СМИ;Робот-дезинфектор способен обеззараживать помещения около 15 кв.м. всего за 3 минуты.;2026-09-23;"доза УФ не опубликована; лампы открытого типа";
ext-stk-evlampiy;Евлампий (СТК);disinfection;до 99% микроорганизмов;;https://pharmmedprom.ru/news/robot-dezifektor-po-imeni-evlampii-blagopoluchno-prohodit-ispitaniya-v-moskovskih-klinikah/;СМИ;способен уничтожать до 99% вредных микроорганизмов;2026-09-23;по итогам двухмесячных испытаний;
ext-stk-evlampiy;Евлампий (СТК);elevator_door_integration;не найдено;;;нет источника;;2026-09-23;не найдено;
ext-stk-evlampiy;Евлампий (СТК);manufacturer;«Специальные технологии контроля» совместно с Лабораторией робототехники Сбера;;https://pharmmedprom.ru/news/robot-dezifektor-po-imeni-evlampii-blagopoluchno-prohodit-ispitaniya-v-moskovskih-klinikah/;СМИ;Автономный мобильный робот с бактерицидными УФ-лампами открытого типа, разработанный компанией «Специальные технологии контроля» совместно с Лабораторией робототехники Сбер;2026-09-23;;
ext-stk-evlampiy;Евлампий (СТК);max_speed_m_s;не найдено;м/с;;нет источника;;2026-09-23;не найдено;
ext-stk-evlampiy;Евлампий (СТК);navigation_type;по заданному маршруту и таймеру, сам возвращается на базу;;https://pharmmedprom.ru/news/robot-dezifektor-po-imeni-evlampii-blagopoluchno-prohodit-ispitaniya-v-moskovskih-klinikah/;СМИ;робот по таймеру самостоятельно проводит обработку всех необходимых помещений и возвращается на базу до следующей дезинфекции.;2026-09-23;;
ext-stk-evlampiy;Евлампий (СТК);operating_conditions;датчики движения по периметру;;https://pharmmedprom.ru/news/robot-dezifektor-po-imeni-evlampii-blagopoluchno-prohodit-ispitaniya-v-moskovskih-klinikah/;СМИ;По периметру устройства располагаются датчики, реагирующие на движение;2026-09-23;;
ext-stk-evlampiy;Евлампий (СТК);payload_kg;н/п;;;нет источника;;2026-09-23;не применимо: УФ-дезинфектор груз не возит;
ext-stk-evlampiy;Евлампий (СТК);price_rub;не найдено;₽;;нет источника;;2026-09-23;не найдено;
ext-stk-evlampiy;Евлампий (СТК);raas_rental;не найдено;;;нет источника;;2026-09-23;не найдено;
ext-stk-evlampiy;Евлампий (СТК);robot_mass_kg;не найдено;кг;;нет источника;;2026-09-23;не найдено;
ext-stk-evlampiy;Евлампий (СТК);runtime_h;не найдено;ч;;нет источника;;2026-09-23;не найдено;
ext-skoltech-ultrabot;Ультработ (Сколтех);availability_russia;"прототип; планировалась опытная партия 10-12 штук";;https://sk.ru/news/ultrabot-protiv-virusa-v-rossii-sozdan-robot-dezinfektor/;СМИ;Мы начнем с опытной партии 10-12 штук, запустим в одной локации.;2026-09-23;серийного продукта не нашли;
ext-skoltech-ultrabot;Ультработ (Сколтех);case_reference;не найдено;;;нет источника;;2026-09-23;не найдено;
ext-skoltech-ultrabot;Ультработ (Сколтех);disinfection;"более 95% вирусов и бактерий; 4000 м² примерно за 6 часов";;https://sk.ru/news/ultrabot-protiv-virusa-v-rossii-sozdan-robot-dezinfektor/;СМИ;Благодаря ультрафиолетовым лампам он убивает больше 95% вирусов и бактерий.;2026-09-23;доза УФ не опубликована;
ext-skoltech-ultrabot;Ультработ (Сколтех);navigation_type;2 лидара и 3 камеры глубины;;https://sk.ru/news/ultrabot-protiv-virusa-v-rossii-sozdan-robot-dezinfektor/;СМИ;На него установлено два лидара – лазерные сканеры, и три камеры глубины.;2026-09-23;;
ext-skoltech-ultrabot;Ультработ (Сколтех);operating_conditions;выключает лампы при появлении человека;;https://sk.ru/news/ultrabot-protiv-virusa-v-rossii-sozdan-robot-dezinfektor/;СМИ;Отключит лампы, если увидит человека в зоне поражения.;2026-09-23;;
ext-skoltech-ultrabot;Ультработ (Сколтех);payload_kg;н/п;;;нет источника;;2026-09-23;не применимо: УФ-дезинфектор груз не возит;
ext-skoltech-ultrabot;Ультработ (Сколтех);price_rub;1500000;₽;https://sk.ru/news/ultrabot-protiv-virusa-v-rossii-sozdan-robot-dezinfektor/;СМИ;Стоимость одной модели составляет примерно 1,5 миллиона рублей.;2026-09-23;оценка разработчиков, январь 2022;
ext-skoltech-ultrabot;Ультработ (Сколтех);runtime_h;6;ч;https://sk.ru/news/ultrabot-protiv-virusa-v-rossii-sozdan-robot-dezinfektor/;СМИ;Автономной работы хватает на площадь до четырех тысяч квадратных метров, что занимает примерно шесть часов.;2026-09-23;до 4000 м² за заряд;
9b20417a-0ac7-4786-985b-f3459a15075d;Unit;price_rub;2300000;руб;catalog_export_v4.csv;организатор;Цена изделия: 2 300 000,00;2026-09-15;цена с НДС, без доставки, пусконаладки и интеграции;
5760e938-9a43-45a7-b8e8-f4f2e6383930;Ronavi H1500 (грузоподъемность до 1 500 кг);price_rub;2700000;руб;catalog_export_v4.csv;организатор;Цена изделия: 2 700 000,00;2026-09-15;цена с НДС, без доставки, пусконаладки и интеграции;
3f2aaa1b-2237-4d7b-b215-1ac5ec789ed5;Ronavi SR (грузоподъемность до 50 кг);price_rub;950000;руб;catalog_export_v4.csv;организатор;Цена изделия: 950 000,00;2026-09-15;цена с НДС, без доставки, пусконаладки и интеграции;
6f3da854-41da-4363-8496-5487f37c845a;Ronavi H2000 (грузоподъемность до 2 000 кг);price_rub;2640000;руб;catalog_export_v4.csv;организатор;Цена изделия: 2 640 000,00;2026-09-15;цена с НДС, без доставки, пусконаладки и интеграции;
66d8e7ad-cdcd-4287-afb0-e2afa9ef5217;Ronavi SD (грузоподъемность до 10 кг);price_rub;1400000;руб;catalog_export_v4.csv;организатор;Цена изделия: 1 400 000,00;2026-09-15;цена с НДС, без доставки, пусконаладки и интеграции;
dcfd9975-81eb-49b5-a422-827a720ba582;Ronavi M (грузоподъемность до 1200 кг);price_rub;2400000;руб;catalog_export_v4.csv;организатор;Цена изделия: 2 400 000,00;2026-09-15;цена с НДС, без доставки, пусконаладки и интеграции;
89ffd69f-f07b-4bf2-8023-1fd765a2b6ff;AMR 100 (грузоподъемность до 100 кг);price_rub;1500000;руб;catalog_export_v4.csv;организатор;Цена изделия: 1 500 000,00;2026-09-15;цена с НДС, без доставки, пусконаладки и интеграции;
5ec66969-8fcc-47b3-b517-a9c29372fffe;AMR 800 (грузоподъемность до 800 кг);price_rub;1800000;руб;catalog_export_v4.csv;организатор;Цена изделия: 1 800 000,00;2026-09-15;цена с НДС, без доставки, пусконаладки и интеграции;
7d5a76d2-7bf3-4a40-b6f7-64590d4d9273;AMR 1500 (грузоподъемность до 1 500 кг);price_rub;2200000;руб;catalog_export_v4.csv;организатор;Цена изделия: 2 200 000,00;2026-09-15;цена с НДС, без доставки, пусконаладки и интеграции;
cccd0c0d-8ae7-435d-a171-45f5d82886e6;DMR 1200 (грузоподъемность до 1 200 кг);price_rub;4000000;руб;catalog_export_v4.csv;организатор;Цена изделия: 4 000 000,00;2026-09-15;цена с НДС, без доставки, пусконаладки и интеграции;
be814758-3616-4b94-befa-9848be2ac604;DMR 600 (грузоподъемность до 600 кг);price_rub;3750000;руб;catalog_export_v4.csv;организатор;Цена изделия: 3 750 000,00;2026-09-15;цена с НДС, без доставки, пусконаладки и интеграции;
f7634ef8-0034-4c5b-b2f0-e44a14f05a76;DMR Carrier P;price_rub;4300000;руб;catalog_export_v4.csv;организатор;Цена изделия: 4 300 000,00;2026-09-15;цена с НДС, без доставки, пусконаладки и интеграции;
993d980e-8b91-45e0-9c98-50ffab6e11e4;Сёмабот (грузоподъемность до 1 500 кг);price_rub;2500000;руб;catalog_export_v4.csv;организатор;Цена изделия: 2 500 000,00;2026-09-15;цена с НДС, без доставки, пусконаладки и интеграции;
5a36611d-033e-4893-bd49-5d4f776f57dd;AK-2000-2;price_rub;2940000;руб;catalog_export_v4.csv;организатор;Цена изделия: 2 940 000,00;2026-09-15;цена с НДС, без доставки, пусконаладки и интеграции;
2ffc706d-fe43-4c2b-baad-a624a95ad3ce;Робот-штабелёр RoboCV;price_rub;2500000;руб;catalog_export_v4.csv;организатор;Цена изделия: 2 500 000,00;2026-09-15;цена с НДС, без доставки, пусконаладки и интеграции;
b4a9ef38-b68a-4c0f-8512-9bc9a718c4e1;Робот-тягач RoboCV;price_rub;2500000;руб;catalog_export_v4.csv;организатор;Цена изделия: 2 500 000,00;2026-09-15;цена с НДС, без доставки, пусконаладки и интеграции;
0ece582a-084c-4a8b-99f4-576f0e01b7c8;SmartCube;price_rub;2700000;руб;catalog_export_v4.csv;организатор;Цена изделия: 2 700 000,00;2026-09-15;цена с НДС, без доставки, пусконаладки и интеграции;
19a68304-56f7-432f-afd8-b97b2b8466ba;Беспилотный погрузчик;price_rub;3000000;руб;catalog_export_v4.csv;организатор;Цена изделия: 3 000 000,00;2026-09-15;цена с НДС, без доставки, пусконаладки и интеграции;
ecd7d582-b342-449a-b43b-66288d159a32;MULE;price_rub;3000000;руб;catalog_export_v4.csv;организатор;Цена изделия: 3 000 000,00;2026-09-15;цена с НДС, без доставки, пусконаладки и интеграции;
cebbdfa8-500a-425f-bcbc-ad2dcc106539;AS-RS P;price_rub;10000000;руб;catalog_export_v4.csv;организатор;Цена изделия: 10 000 000,00;2026-09-15;цена с НДС, без доставки, пусконаладки и интеграции;
c125ce9a-8f04-4183-a136-5ddbb3c5ae89;AS-RS B;price_rub;10000000;руб;catalog_export_v4.csv;организатор;Цена изделия: 10 000 000,00;2026-09-15;цена с НДС, без доставки, пусконаладки и интеграции;
eff2586c-892d-4e44-a407-1ec7f06c8f76;Pallet Shuttle;price_rub;7000000;руб;catalog_export_v4.csv;организатор;Цена изделия: 7 000 000,00;2026-09-15;цена с НДС, без доставки, пусконаладки и интеграции;
ce44017e-6ada-421d-bbce-6869b33c2cda;Модель А25-1720;price_rub;2000000;руб;catalog_export_v4.csv;организатор;Цена изделия: 2 000 000,00;2026-09-15;"цена с НДС, без доставки, пусконаладки и интеграции; комплектация «Торговля и услуги», процесс «Сортировка грузов» из той же строки; комплектация «Промышленность» за 2 500 000 ₽ не наша";
fceeacf0-579f-46cc-92ff-2057fea5da7f;Модель А12-1450;price_rub;2000000;руб;catalog_export_v4.csv;организатор;Цена изделия: 2 000 000,00;2026-09-15;"цена с НДС, без доставки, пусконаладки и интеграции; комплектация «Торговля и услуги», процесс «Сортировка грузов» из той же строки; комплектация «Промышленность» за 2 500 000 ₽ не наша";
9dfb0b55-4d9e-47fc-8a28-ad4390147a26;Робот инвентаризатор;price_rub;2000000;руб;catalog_export_v4.csv;организатор;Цена изделия: 2 000 000,00;2026-09-15;цена с НДС, без доставки, пусконаладки и интеграции;
242d637c-6512-4bdf-9964-2c0010259f36;Инвентаризатор AI Stock Counter 12M;price_rub;2600000;руб;catalog_export_v4.csv;организатор;Цена изделия: 2 600 000,00;2026-09-15;цена с НДС, без доставки, пусконаладки и интеграции;
446c5207-a099-45e0-b615-afd60de08589;MARK 2 SE;price_rub;1900000;руб;catalog_export_v4.csv;организатор;Цена изделия: 1 900 000,00;2026-09-15;цена с НДС, без доставки, пусконаладки и интеграции;
e2095cfe-3ce4-404e-a4bb-2f378480d7ca;АК-SC80;price_rub;4056000;руб;catalog_export_v4.csv;организатор;Цена изделия: 4 056 000,00;2026-09-15;цена с НДС, без доставки, пусконаладки и интеграции;
f31223c1-44c8-4410-8381-6356e2158b61;Клинботикс 400 PRO;price_rub;1500000;руб;catalog_export_v4.csv;организатор;Цена изделия: 1 500 000,00;2026-09-15;цена с НДС, без доставки, пусконаладки и интеграции;
5a5b3599-bd64-4330-9bbb-4f8ce7d780b9;Клинботикс 600;price_rub;2310000;руб;catalog_export_v4.csv;организатор;Цена изделия: 2 310 000,00;2026-09-15;цена с НДС, без доставки, пусконаладки и интеграции;
e8960183-1828-4fdb-8c39-91f5a3523a96;РУБИ-С-03;price_rub;2200000;руб;catalog_export_v4.csv;организатор;Цена изделия: 2 200 000,00;2026-09-15;цена с НДС, без доставки, пусконаладки и интеграции;
5a36611d-033e-4893-bd49-5d4f776f57dd;Автомакон AK-2000-2;raas_fee_rub_month;не найдено;руб/мес;https://agv.automacon.ru/robots-rent;производитель;Рассчитать стоимость аренды;2026-09-24;"цена аренды не опубликована, только форма расчета; искал automacon.ru, agv.automacon.ru, robot.automacon.ru, блог и СМИ";да
5a36611d-033e-4893-bd49-5d4f776f57dd;Автомакон AK-2000-2;raas_contract_months;не найдено;мес;https://agv.automacon.ru/robots-rent;производитель;;2026-09-24;срок договора не опубликован;да
5a36611d-033e-4893-bd49-5d4f776f57dd;Автомакон AK-2000-2;raas_rental;в договор входят ТО, ремонт и замена техники, запчасти, обновления ПО, мониторинг и поддержка 24/7, SLA;;https://agv.automacon.ru/robots-rent;производитель;В стоимость договора входят: техническое обслуживание, ремонт и замена техники, запасные части, обновления ПО, мониторинг и поддержка 24/7, SLA;2026-09-24;"состав аренды без цены; общий для всех роботов Автомакона";да
5a36611d-033e-4893-bd49-5d4f776f57dd;Автомакон AK-2000-2;raas_rental;аренда = AMR/FMR + WCS + внедрение + сервис и поддержка по SLA;;https://automacon.ru/blog/fmr-roboty-dlya-sklada-i-proizvodstva-vidy-printsipy-raboty-i-vnedrenie/;производитель;В предложении Automacon аренда объединяет AMR/FMR-роботов, WCS, внедрение, сервис и поддержку по SLA в одном решении;2026-09-24;модель Robots-as-a-Service, цифр нет;да
5a36611d-033e-4893-bd49-5d4f776f57dd;Автомакон AK-2000-2;lift_speed_m_s;0.025 / 0.035;м/с (с грузом / без);https://automacon.ru/agv/;производитель;Скорость подъема вил (с грузом/без груза) 0.025 / 0.035 м/c;2026-09-24;то же на https://agv.automacon.ru/catalog;да
5a36611d-033e-4893-bd49-5d4f776f57dd;Автомакон AK-2000-2;lift_time_s;не найдено;с;https://automacon.ru/agv/;производитель;Максимальная высота подъема 175 мм;2026-09-24;"время подъема не публикуют; расчет из скорости: 175 мм / 25 мм/с = 7 с с грузом, 175/35 = 5 с без груза";да
5a36611d-033e-4893-bd49-5d4f776f57dd;Автомакон AK-2000-2;throughput;5,2 паллеты/ч на робота;паллет/ч;https://automacon.ru/blog/fmr-roboty-dlya-sklada-i-proizvodstva-vidy-printsipy-raboty-i-vnedrenie/;производитель;Заявленная производительность системы составляет 350 паллет в час, а среднее расстояние выполнения одной задачи - 210 метров;2026-09-24;"кейс X5: 350 паллет/ч на систему из 67 роботов, средний рейс 210 м; кейс X5 «Новая Рига»: роботы АК2000-2 + 15 паллетообмотчиков; на робота - наш расчет 350/67";да
5a36611d-033e-4893-bd49-5d4f776f57dd;Автомакон AK-2000-2;charger;32 зарядные станции на 67 роботов (≈2,1 робота на станцию);;https://automacon.ru/blog/fmr-roboty-dlya-sklada-i-proizvodstva-vidy-printsipy-raboty-i-vnedrenie/;производитель;"В проект входят: 67 FMR-роботов; 15 паллетообмотчиков; 32 зарядные станции";2026-09-24;"кейс X5; цена станции не опубликована";да
5a36611d-033e-4893-bd49-5d4f776f57dd;Автомакон AK-2000-2;charger;"автоматическая зарядка или ручная/замена АКБ; цена станции не найдена";;https://automacon.ru/agv/;производитель;Режим зарядки: ручной режим/замена батареи, автоматический режим;2026-09-24;входит ли станция в цену робота - не указано;да
5a36611d-033e-4893-bd49-5d4f776f57dd;Автомакон AK-2000-2;battery;LiFePO4 24 В 225 Ач (≈5,4 кВт*ч);;https://automacon.ru/agv/;производитель;Аккумулятор: LiFePO4 / 24 В / 225 Ач;2026-09-24;кВт*ч - наш расчет 24×225;да
5a36611d-033e-4893-bd49-5d4f776f57dd;Автомакон AK-2000-2;power_kw;не найдено;кВт;https://automacon.ru/agv/;производитель;Время работы 6-8 часов;2026-09-24;"потребляемая мощность не опубликована; оценка по батарее 5,4 кВт*ч / 6-8 ч = 0,68-0,9 кВт";да
5a36611d-033e-4893-bd49-5d4f776f57dd;Автомакон AK-2000-2;warranty_months;не найдено;мес;;;;2026-09-24;"искал: automacon.ru/agv, agv.automacon.ru (catalog, robots-rent), robot.automacon.ru, блог automacon.ru, cnews.ru; у ПО WCS Автомакон отдельной цены нет";
5a36611d-033e-4893-bd49-5d4f776f57dd;Автомакон AK-2000-2;maintenance;не найдено;руб/год;;;;2026-09-24;"искал: automacon.ru/agv, agv.automacon.ru (catalog, robots-rent), robot.automacon.ru, блог automacon.ru, cnews.ru; у ПО WCS Автомакон отдельной цены нет";
5a36611d-033e-4893-bd49-5d4f776f57dd;Автомакон AK-2000-2;battery_price_rub;не найдено;руб;;;;2026-09-24;"искал: automacon.ru/agv, agv.automacon.ru (catalog, robots-rent), robot.automacon.ru, блог automacon.ru, cnews.ru; у ПО WCS Автомакон отдельной цены нет";
5a36611d-033e-4893-bd49-5d4f776f57dd;Автомакон AK-2000-2;software_rub;не найдено;руб;;;;2026-09-24;"искал: automacon.ru/agv, agv.automacon.ru (catalog, robots-rent), robot.automacon.ru, блог automacon.ru, cnews.ru; у ПО WCS Автомакон отдельной цены нет";
5a36611d-033e-4893-bd49-5d4f776f57dd;Автомакон AK-2000-2;license_rub_year;не найдено;руб/год;;;;2026-09-24;"искал: automacon.ru/agv, agv.automacon.ru (catalog, robots-rent), robot.automacon.ru, блог automacon.ru, cnews.ru; у ПО WCS Автомакон отдельной цены нет";
5a36611d-033e-4893-bd49-5d4f776f57dd;Автомакон AK-2000-2;service_life_years;не найдено;лет;;;;2026-09-24;"искал: automacon.ru/agv, agv.automacon.ru (catalog, robots-rent), robot.automacon.ru, блог automacon.ru, cnews.ru; у ПО WCS Автомакон отдельной цены нет";
e2095cfe-3ce4-404e-a4bb-2f378480d7ca;Автомакон АК-SC80;throughput;3000;м²/ч;http://web.archive.org/web/20260116203843/https://robot.automacon.ru/cleaner;производитель;3000 Квадратных метров в час - оптимальная эффективность для крупных предприятий;2026-09-24;"страница robot.automacon.ru/cleaner сейчас 404, копия web.archive.org от 16.01.2026; то же на http://web.archive.org/web/20260411120244/https://automacon.ru/cleaner/ (сейчас за авторизацией)";устарело
e2095cfe-3ce4-404e-a4bb-2f378480d7ca;Автомакон АК-SC80;battery;36 В 200 Ач (≈7,2 кВт*ч);;http://web.archive.org/web/20260116203843/https://robot.automacon.ru/cleaner;производитель;Большая емкость батареи - 36 В/200 Ач Бак для воды на 310 л;2026-09-24;"кВт*ч - наш расчет; 310 л = 140 чистая + 170 грязная, как у VIGGO SC80";устарело
e2095cfe-3ce4-404e-a4bb-2f378480d7ca;Автомакон АК-SC80;tank_l;310 (всего);л;http://web.archive.org/web/20260411120244/https://automacon.ru/cleaner/;производитель;Большая емкость батареи - 36 В/200 Ач Бак для воды на 310 л;2026-09-24;копия web.archive.org 11.04.2026;устарело
e2095cfe-3ce4-404e-a4bb-2f378480d7ca;Автомакон АК-SC80;warranty_months;12;мес;http://web.archive.org/web/20260116203843/https://robot.automacon.ru/cleaner;производитель;Гарантия на робот АК-SC80 составляет 1 год;2026-09-24;;устарело
e2095cfe-3ce4-404e-a4bb-2f378480d7ca;Автомакон АК-SC80;payback;"12 мес; заменяет 2-3 уборщиков; экономия 1 млн руб/год";;http://web.archive.org/web/20260116203843/https://robot.automacon.ru/cleaner;производитель;Срок окупаемости автономного робота-поломойщика АК-SC80 составляет 12 месяцев.;2026-09-24;заявление производителя;устарело
e2095cfe-3ce4-404e-a4bb-2f378480d7ca;Автомакон АК-SC80;charger;"рабочая станция входит в комплект; автозарядка, налив и слив воды";;http://web.archive.org/web/20260411120244/https://automacon.ru/cleaner/;производитель;В комплект поставки входят: автономный робот-уборщик рабочая станция;2026-09-24;в таблице «Стоимость АК-SC80» (робот, рабочая станция, цена без НДС) цены пустые;устарело
e2095cfe-3ce4-404e-a4bb-2f378480d7ca;Автомакон АК-SC80;raas_fee_rub_month;не найдено;руб/мес;https://agv.automacon.ru/robots-rent;производитель;Рассчитать стоимость аренды;2026-09-24;у Автомакона цен аренды нет ни для одного робота, в том числе уборщиков;да
e2095cfe-3ce4-404e-a4bb-2f378480d7ca;Автомакон АК-SC80;processes;"сухая и влажная уборка, подметание, пылесос; 2 роликовые + 2 боковые щетки";;http://web.archive.org/web/20260116203843/https://robot.automacon.ru/cleaner;производитель;Две роликовые щетки + две боковые щетки, низкий риск засорения всасывающей трубы.;2026-09-24;;устарело
e2095cfe-3ce4-404e-a4bb-2f378480d7ca;Автомакон АК-SC80;throughput;4000 (макс.);м²/ч;https://viggorobot.ru/viggo-sc80;интегратор;Макс. эффективность уборки: 4000 м2/ч;2026-09-24;"аналог: VIGGO SC80 (PRO); у АК-SC80 батарея 36 В/200 Ач и бак 310 л (140+170) как у него, вероятно та же машина под маркой Автомакона; у Автомакона 3000";аналог
e2095cfe-3ce4-404e-a4bb-2f378480d7ca;Автомакон АК-SC80;cleaning_width_mm;800 (мойка) / 1160 (подметание);мм;https://viggorobot.ru/viggo-sc80;интегратор;Ширина подметания/очистки: 1160 мм / 800 мм;2026-09-24;"аналог: VIGGO SC80 (PRO); у АК-SC80 батарея 36 В/200 Ач и бак 310 л (140+170) как у него, вероятно та же машина под маркой Автомакона";аналог
e2095cfe-3ce4-404e-a4bb-2f378480d7ca;Автомакон АК-SC80;runtime_h;4-6;ч;https://viggorobot.ru/viggo-sc80;интегратор;Время работы на одной зарядке: 4-6 часов;2026-09-24;"аналог: VIGGO SC80 (PRO); у АК-SC80 батарея 36 В/200 Ач и бак 310 л (140+170) как у него, вероятно та же машина под маркой Автомакона";аналог
e2095cfe-3ce4-404e-a4bb-2f378480d7ca;Автомакон АК-SC80;runtime_h;4-6 (чистка) / 10-12 (мытье);ч;https://azurpos.ru/product/robot-sc80-pro/;интегратор;4~6 часа (чистка), 10~12 часов (мытье полов);2026-09-24;"аналог: VIGGO SC80 (PRO); у АК-SC80 батарея 36 В/200 Ач и бак 310 л (140+170) как у него, вероятно та же машина под маркой Автомакона; SC80 PRO";аналог
e2095cfe-3ce4-404e-a4bb-2f378480d7ca;Автомакон АК-SC80;charge_time_h;4-5;ч;https://azurpos.ru/product/robot-sc80-pro/;интегратор;Время зарядки 4~5 ч;2026-09-24;"аналог: VIGGO SC80 (PRO); у АК-SC80 батарея 36 В/200 Ач и бак 310 л (140+170) как у него, вероятно та же машина под маркой Автомакона; umserv: 5 ч";аналог
e2095cfe-3ce4-404e-a4bb-2f378480d7ca;Автомакон АК-SC80;max_speed_m_s;1.5;м/с;https://azurpos.ru/product/robot-sc80-pro/;интегратор;Максимальная скорость движения 1,5м/с;2026-09-24;"аналог: VIGGO SC80 (PRO); у АК-SC80 батарея 36 В/200 Ач и бак 310 л (140+170) как у него, вероятно та же машина под маркой Автомакона; то же на https://www.umserv.ru/catalog/roboty/roboty-dlya-uborki/polomoechnaya-mashina-viggo-sc80/";аналог
e2095cfe-3ce4-404e-a4bb-2f378480d7ca;Автомакон АК-SC80;dimensions_mm;1340×1024×1350;мм (Д×Ш×В);https://azurpos.ru/product/robot-sc80-pro/;интегратор;Габариты 1340(L)x1024(W)x1350(H) мм;2026-09-24;"аналог: VIGGO SC80 (PRO); у АК-SC80 батарея 36 В/200 Ач и бак 310 л (140+170) как у него, вероятно та же машина под маркой Автомакона";аналог
e2095cfe-3ce4-404e-a4bb-2f378480d7ca;Автомакон АК-SC80;robot_mass_kg;400;кг;https://azurpos.ru/product/robot-sc80-pro/;интегратор;Вес нетто 400 кг;2026-09-24;"аналог: VIGGO SC80 (PRO); у АК-SC80 батарея 36 В/200 Ач и бак 310 л (140+170) как у него, вероятно та же машина под маркой Автомакона";аналог
e2095cfe-3ce4-404e-a4bb-2f378480d7ca;Автомакон АК-SC80;min_aisle_width_mm;1200;мм;https://azurpos.ru/product/robot-sc80-pro/;интегратор;Минимальная ширина проезжей части 1200 мм;2026-09-24;"аналог: VIGGO SC80 (PRO); у АК-SC80 батарея 36 В/200 Ач и бак 310 л (140+170) как у него, вероятно та же машина под маркой Автомакона";аналог
e2095cfe-3ce4-404e-a4bb-2f378480d7ca;Автомакон АК-SC80;power_kw;1.5;кВт;https://astorpro.ru/product/robot-uborshchik-astor-r2-prestige/;интегратор;Мощность, Вт 1500;2026-09-24;"аналог: ASTOR R2 Prestige (страница ASTOR SC80 перенаправляет сюда; 4000 м²/ч, 36 В, 140/170 л - те же данные)";аналог
e2095cfe-3ce4-404e-a4bb-2f378480d7ca;Автомакон АК-SC80;price_rub;3 971 000;руб;https://astorpro.ru/product/robot-uborshchik-astor-r2-prestige/;интегратор;Цена 3 971 000 ₽;2026-09-24;"аналог: ASTOR R2 Prestige (бывш. ASTOR SC80); в каталоге АК-SC80 4 056 000, разница 2%";аналог
e2095cfe-3ce4-404e-a4bb-2f378480d7ca;Автомакон АК-SC80;avg_speed_m_s;не найдено;м/с;;;;2026-09-24;"рабочая скорость уборки нигде не опубликована; из 3000 м²/ч и 0,8 м ширины мойки выходит ≈1,0 м/с (расчет, теоретический)";
e2095cfe-3ce4-404e-a4bb-2f378480d7ca;Автомакон АК-SC80;battery_price_rub;не найдено;руб;;;;2026-09-24;искал: automacon.ru/cleaner (архив), robot.automacon.ru, viggorobot.ru, azurpos.ru, umserv.ru, astorpro.ru, 1001prof.ru;
e2095cfe-3ce4-404e-a4bb-2f378480d7ca;Автомакон АК-SC80;consumables_rub_year;не найдено;руб/год;;;;2026-09-24;искал: automacon.ru/cleaner (архив), robot.automacon.ru, viggorobot.ru, azurpos.ru, umserv.ru, astorpro.ru, 1001prof.ru;
e2095cfe-3ce4-404e-a4bb-2f378480d7ca;Автомакон АК-SC80;maintenance;не найдено;руб/год;;;;2026-09-24;искал: automacon.ru/cleaner (архив), robot.automacon.ru, viggorobot.ru, azurpos.ru, umserv.ru, astorpro.ru, 1001prof.ru;
e2095cfe-3ce4-404e-a4bb-2f378480d7ca;Автомакон АК-SC80;service_life_years;не найдено;лет;;;;2026-09-24;искал: automacon.ru/cleaner (архив), robot.automacon.ru, viggorobot.ru, azurpos.ru, umserv.ru, astorpro.ru, 1001prof.ru;
f31223c1-44c8-4410-8381-6356e2158b61;Клинботикс (Cleanbotics) 400 PRO;price_rub;1 500 000;руб;https://waybotrobotics.com/buy-rent;производитель;Стоимость Клинботикс 600 2 300 000 ₽ Клинботикс 400 ПРО 1 500 000 ₽;2026-09-24;"покупка; пусконаладка отдельно";да
f31223c1-44c8-4410-8381-6356e2158b61;Клинботикс (Cleanbotics) 400 PRO;commissioning_rub;от 100 000;руб;https://waybotrobotics.com/buy-rent;производитель;Пусконаладка от 100 000 ₽ для Cleanbotics 400 PRO и от 150 000 ₽ для Cleanbotics 600;2026-09-24;при покупке;да
f31223c1-44c8-4410-8381-6356e2158b61;Клинботикс (Cleanbotics) 400 PRO;raas_fee_rub_month;260 000 первый месяц, далее 100 000;руб/мес;https://waybotrobotics.com/buy-rent;производитель;Клинботикс 400 ПРО 260 000 ₽* в первый месяц, 100 000 ₽ в последующие;2026-09-24;"аренда с ежемесячным платежом, для европейских регионов РФ; новый или б/у робот; гарантия весь срок аренды";да
f31223c1-44c8-4410-8381-6356e2158b61;Клинботикс (Cleanbotics) 400 PRO;raas_fee_rub_month;1 085 000 первый год, далее 900 000 в год (75 000/мес);руб/год;https://waybotrobotics.com/buy-rent;производитель;Клинботикс 400 ПРО 1 085 000 ₽* в первый год, 900 000 ₽ в последующие;2026-09-24;"аренда с годовым платежом; «цена за месяц эксплуатации ... 75 000 ₽»";да
f31223c1-44c8-4410-8381-6356e2158b61;Клинботикс (Cleanbotics) 400 PRO;raas_contract_months;не найдено;мес;https://waybotrobotics.com/buy-rent;производитель;Оплата помесячно, дату можно выбрать;2026-09-24;минимальный срок аренды не указан;да
f31223c1-44c8-4410-8381-6356e2158b61;Клинботикс (Cleanbotics) 400 PRO;raas_fee_rub_month;200 000 первый месяц, далее 75 000;руб/мес;https://waybotrobot.ru/arenda;производитель;Cleanbotics 400 PRO: 200 000* в первый месяц, 75 000 Р в последующие;2026-09-24;"второй сайт производителя (waybotrobot.ru, старый бренд Waybot Robotics); цены и данные ниже/другие, чем на waybotrobotics.com, похоже на старый прайс; от 5 шт. скидка 10%";
f31223c1-44c8-4410-8381-6356e2158b61;Клинботикс (Cleanbotics) 400 PRO;raas_fee_rub_month;750 000 первый год, далее 600 000 в год;руб/год;https://waybotrobot.ru/arenda;производитель;Cleanbotics 400 PRO: 750 000* в первый месяц, 600 000 Р в последующие;2026-09-24;"второй сайт производителя (waybotrobot.ru, старый бренд Waybot Robotics); цены и данные ниже/другие, чем на waybotrobotics.com, похоже на старый прайс; в годовом блоке опечатка «в первый месяц»";
f31223c1-44c8-4410-8381-6356e2158b61;Клинботикс (Cleanbotics) 400 PRO;warranty_months;24;мес;https://waybotrobotics.com/guarantee;производитель;Гарантия на роботов Cleanbotics действует 2 года.;2026-09-24;то же на https://waybotrobotics.com/buy-rent;да
f31223c1-44c8-4410-8381-6356e2158b61;Клинботикс (Cleanbotics) 400 PRO;maintenance;30 000 руб/мес (360 000 в год): еженедельное ТО, выезд в течение суток, онлайн-поддержка;руб/мес;https://waybotrobotics.com/guarantee;производитель;Стоимость: 30 000 ₽/мес;2026-09-24;сервис «под ключ»;да
f31223c1-44c8-4410-8381-6356e2158b61;Клинботикс (Cleanbotics) 400 PRO;battery;литиевая 25 В 20 Ач (≈0,5 кВт*ч);;https://waybotrobotics.com/models/400pro;производитель;Ёмкость аккумулятора 20 Ач ... Напряжение аккумулятора 25 В;2026-09-24;кВт*ч - наш расчет;да
f31223c1-44c8-4410-8381-6356e2158b61;Клинботикс (Cleanbotics) 400 PRO;power_kw;не найдено;кВт;https://waybotrobotics.com/models/400pro;производитель;Время работы без подзарядки 3 часа;2026-09-24;"мощность не опубликована; оценка 0,5 кВт*ч / 3 ч ≈ 0,17 кВт";да
f31223c1-44c8-4410-8381-6356e2158b61;Клинботикс (Cleanbotics) 400 PRO;battery_life;до 4000 циклов (DoD 0-100%), LiFePO4;циклов;https://waybotrobotics.com/;производитель;Количество циклов заряда DoD 0-100% ... заявленное производителем составляет до 4000;2026-09-24;ответ в FAQ, на все модели;да
f31223c1-44c8-4410-8381-6356e2158b61;Клинботикс (Cleanbotics) 400 PRO;avg_speed_m_s;не найдено;м/с;;;;2026-09-24;"рабочая скорость не опубликована (waybotrobotics.com, waybotrobot.ru, robob2b, robowin); теоретически 1200 м²/ч / 0,4 м ≈ 0,83 м/с (расчет)";
f31223c1-44c8-4410-8381-6356e2158b61;Клинботикс (Cleanbotics) 400 PRO;consumables_rub_year;не найдено;руб/год;https://waybotrobotics.com/consumables;производитель;Щетка дисковая для влажной уборки средней жесткости;2026-09-24;"страница комплектующих: щетки дисковые и цилиндрические, сквидж PRIMOthane, пады, фильтр воды, HEPA - без цен; замена щеток и сквиджей в среднем раз в 3 месяца";да
f31223c1-44c8-4410-8381-6356e2158b61;Клинботикс (Cleanbotics) 400 PRO;consumables;боковая щетка: до 100 циклов уборки, до 3 мес;;https://waybotrobot.ru/bokovaya-shhetka-dlya-robota-uborshhika-waybot-cleanbotics;производитель;До 3 месяцев;2026-09-24;цена не указана;
f31223c1-44c8-4410-8381-6356e2158b61;Клинботикс (Cleanbotics) 400 PRO;software_rub;"0 (права на ПО входят в цену робота, бессрочно; при аренде - на срок договора)";руб;https://waybotrobotics.com/programmnoe-obespechenie;производитель;Права на использование ПО приобретаются вместе с роботом и предоставляется бессрочно.;2026-09-24;Waybot Control, облако;да
f31223c1-44c8-4410-8381-6356e2158b61;Клинботикс (Cleanbotics) 400 PRO;charger;док-станция: зарядка, слив/налив воды, моющее средство;;https://waybotrobotics.com/;производитель;На докстанции робот сам: заряжает батарею сливает грязную воду, ополаскивает бак, набирает чистую воду;2026-09-24;цена станции отдельно не указана;да
f31223c1-44c8-4410-8381-6356e2158b61;Клинботикс (Cleanbotics) 400 PRO;throughput;700-1200;м²/ч;https://waybotrobotics.com/;производитель;скорость уборки 700-1200 м²/ час;2026-09-24;"главная; там же «для помещений до 1000 м²» и бак 25 л, а в карточке модели 28 л и до 2000 м²";да
f31223c1-44c8-4410-8381-6356e2158b61;Клинботикс (Cleanbotics) 400 PRO;throughput;700;м²/ч;https://waybotrobot.ru/cleanbotics-model-400-pro;производитель;700 sq.m per hour;2026-09-24;"второй сайт производителя (waybotrobot.ru, старый бренд Waybot Robotics); цены и данные ниже/другие, чем на waybotrobotics.com, похоже на старый прайс; баки 15/17 л";
f31223c1-44c8-4410-8381-6356e2158b61;Клинботикс (Cleanbotics) 400 PRO;tests;тест 5 рабочих дней за 50 000 руб, доставка и настройка включены;;https://waybotrobotics.com/buy-rent;производитель;Длительность теста 5 рабочих дней Цена: 50 000 ₽;2026-09-24;;да
f31223c1-44c8-4410-8381-6356e2158b61;Клинботикс (Cleanbotics) 400 PRO;price_rub;1 350 000;руб;https://robowin.ru/servisnye-roboty/waybot-cleanbotics-400-pro-robot-uborshhik/;интегратор;Price: 1,350,000 ₽;2026-09-24;"дилер Robowin; характеристики в карточке не совпадают с производителем (2500 м²/ч, баки 60 л, ширина 550 мм), карточка похоже с ошибкой";
f31223c1-44c8-4410-8381-6356e2158b61;Клинботикс (Cleanbotics) 400 PRO;battery_price_rub;не найдено;руб;;;;2026-09-24;искал waybotrobotics.com (consumables, guarantee), waybotrobot.ru, robob2b, robowin;
5a5b3599-bd64-4330-9bbb-4f8ce7d780b9;Клинботикс (Cleanbotics) 600;price_rub;2 300 000;руб;https://waybotrobotics.com/buy-rent;производитель;Стоимость Клинботикс 600 2 300 000 ₽;2026-09-24;"покупка; в каталоге 2 310 000";да
5a5b3599-bd64-4330-9bbb-4f8ce7d780b9;Клинботикс (Cleanbotics) 600;commissioning_rub;от 150 000;руб;https://waybotrobotics.com/buy-rent;производитель;Пусконаладка от 100 000 ₽ для Cleanbotics 400 PRO и от 150 000 ₽ для Cleanbotics 600;2026-09-24;при покупке;да
5a5b3599-bd64-4330-9bbb-4f8ce7d780b9;Клинботикс (Cleanbotics) 600;raas_fee_rub_month;400 000 первый месяц, далее 120 000;руб/мес;https://waybotrobotics.com/buy-rent;производитель;Клинботикс 600 400 000 ₽* в первый месяц, 120 000 ₽ в последующие;2026-09-24;"аренда с ежемесячным платежом, для европейских регионов РФ; гарантия весь срок аренды";да
5a5b3599-bd64-4330-9bbb-4f8ce7d780b9;Клинботикс (Cleanbotics) 600;raas_fee_rub_month;1 390 000 первый год, далее 1 080 000 в год (90 000/мес);руб/год;https://waybotrobotics.com/buy-rent;производитель;Клинботикс 600 1 390 000 ₽* в первый год, 1 080 000 ₽ в последующие;2026-09-24;"аренда с годовым платежом; в месяц эксплуатации 90 000";да
5a5b3599-bd64-4330-9bbb-4f8ce7d780b9;Клинботикс (Cleanbotics) 600;raas_contract_months;не найдено;мес;https://waybotrobotics.com/buy-rent;производитель;Оплата помесячно, дату можно выбрать;2026-09-24;минимальный срок аренды не указан;да
5a5b3599-bd64-4330-9bbb-4f8ce7d780b9;Клинботикс (Cleanbotics) 600;raas_fee_rub_month;300 000 первый месяц, далее 90 000;руб/мес;https://waybotrobot.ru/arenda;производитель;Cleanbotics 600: 300 000* в первый месяц, 90 000 Р в последующие;2026-09-24;"второй сайт производителя (waybotrobot.ru, старый бренд Waybot Robotics); цены и данные ниже/другие, чем на waybotrobotics.com, похоже на старый прайс; от 5 шт. скидка 10%";
5a5b3599-bd64-4330-9bbb-4f8ce7d780b9;Клинботикс (Cleanbotics) 600;raas_fee_rub_month;1 125 000 первый год, далее 900 000 в год;руб/год;https://waybotrobot.ru/arenda;производитель;Cleanbotics 600: 1 125 000* в первый месяц, 900 000 Р в последующие;2026-09-24;"второй сайт производителя (waybotrobot.ru, старый бренд Waybot Robotics); цены и данные ниже/другие, чем на waybotrobotics.com, похоже на старый прайс";
5a5b3599-bd64-4330-9bbb-4f8ce7d780b9;Клинботикс (Cleanbotics) 600;warranty_months;24;мес;https://waybotrobotics.com/guarantee;производитель;Гарантия на роботов Cleanbotics действует 2 года.;2026-09-24;то же на https://waybotrobotics.com/buy-rent;да
5a5b3599-bd64-4330-9bbb-4f8ce7d780b9;Клинботикс (Cleanbotics) 600;maintenance;30 000 руб/мес (360 000 в год): еженедельное ТО, выезд в течение суток, онлайн-поддержка;руб/мес;https://waybotrobotics.com/guarantee;производитель;Стоимость: 30 000 ₽/мес;2026-09-24;сервис «под ключ»;да
5a5b3599-bd64-4330-9bbb-4f8ce7d780b9;Клинботикс (Cleanbotics) 600;battery;литиевая несъемная 50 В 40 Ач (≈2,0 кВт*ч);;https://waybotrobotics.com/models/600;производитель;литиевый 1 шт несъёмный ... 50 В ... 40 Ач;2026-09-24;"кВт*ч - наш расчет; waybotrobot.ru пишет 25 В 40 Ач, robowin 24 В 40 Ач";да
5a5b3599-bd64-4330-9bbb-4f8ce7d780b9;Клинботикс (Cleanbotics) 600;battery;литиевая 25 В 40 Ач (≈1,0 кВт*ч);;https://waybotrobot.ru/cleanbotics-model-600;производитель;"Capacity: 40 Ah; Voltage: 25V";2026-09-24;"второй сайт производителя (waybotrobot.ru, старый бренд Waybot Robotics); цены и данные ниже/другие, чем на waybotrobotics.com, похоже на старый прайс";
5a5b3599-bd64-4330-9bbb-4f8ce7d780b9;Клинботикс (Cleanbotics) 600;power_kw;не найдено;кВт;https://waybotrobotics.com/models/600;производитель;Время работы без подзарядки 3 часа;2026-09-24;"мощность не опубликована; оценка 2,0 кВт*ч / 3-5 ч ≈ 0,4-0,67 кВт (если 50 В)";да
5a5b3599-bd64-4330-9bbb-4f8ce7d780b9;Клинботикс (Cleanbotics) 600;battery_life;до 4000 циклов (DoD 0-100%), LiFePO4;циклов;https://waybotrobotics.com/;производитель;Количество циклов заряда DoD 0-100% ... заявленное производителем составляет до 4000;2026-09-24;ответ в FAQ, на все модели;да
5a5b3599-bd64-4330-9bbb-4f8ce7d780b9;Клинботикс (Cleanbotics) 600;runtime_h;4;ч;https://waybotrobotics.com/;производитель;4 часа автономной работы;2026-09-24;"главная waybotrobotics.com; в карточке модели 3 ч и отдельно «5 часов работы в режиме мойки»: сам производитель пишет 3/4/5";да
5a5b3599-bd64-4330-9bbb-4f8ce7d780b9;Клинботикс (Cleanbotics) 600;runtime_h;4;ч;https://waybotrobot.ru/cleanbotics-model-600;производитель;Operating time per charge: 4 hours;2026-09-24;"второй сайт производителя (waybotrobot.ru, старый бренд Waybot Robotics); цены и данные ниже/другие, чем на waybotrobotics.com, похоже на старый прайс";
5a5b3599-bd64-4330-9bbb-4f8ce7d780b9;Клинботикс (Cleanbotics) 600;throughput;1000-1500;м²/ч;https://waybotrobotics.com/;производитель;скорость уборки 1000-1500 м²/ час;2026-09-24;"главная; в карточке модели 1000-2300; на главной «для помещений до 5000 м²», в FAQ до 10 000";да
5a5b3599-bd64-4330-9bbb-4f8ce7d780b9;Клинботикс (Cleanbotics) 600;throughput;1600;м²/ч;https://waybotrobot.ru/cleanbotics-model-600;производитель;1 600 кв./м в час;2026-09-24;"второй сайт производителя (waybotrobot.ru, старый бренд Waybot Robotics); цены и данные ниже/другие, чем на waybotrobotics.com, похоже на старый прайс";
5a5b3599-bd64-4330-9bbb-4f8ce7d780b9;Клинботикс (Cleanbotics) 600;avg_speed_m_s;не найдено;м/с;;;;2026-09-24;"рабочая скорость не опубликована; теоретически 1500 м²/ч / 0,6 м ≈ 0,69 м/с, 2300/0,6 ≈ 1,06 м/с (расчет)";
5a5b3599-bd64-4330-9bbb-4f8ce7d780b9;Клинботикс (Cleanbotics) 600;consumables_rub_year;не найдено;руб/год;https://waybotrobotics.com/consumables;производитель;Сквидж водосборный PRIMOthane;2026-09-24;"перечень расходников без цен; замена щеток и сквиджей в среднем раз в 3 месяца (главная)";да
5a5b3599-bd64-4330-9bbb-4f8ce7d780b9;Клинботикс (Cleanbotics) 600;software_rub;"0 (права на ПО входят в цену робота, бессрочно; при аренде - на срок договора)";руб;https://waybotrobotics.com/programmnoe-obespechenie;производитель;Права на использование ПО приобретаются вместе с роботом и предоставляется бессрочно.;2026-09-24;;да
5a5b3599-bd64-4330-9bbb-4f8ce7d780b9;Клинботикс (Cleanbotics) 600;charger;док-станция входит в комплект: автослив, налив, моющее средство, зарядка;;https://waybotrobot.ru/cleanbotics-model-600;производитель;Docking Station: Included with the unit;2026-09-24;"второй сайт производителя (waybotrobot.ru, старый бренд Waybot Robotics); цены и данные ниже/другие, чем на waybotrobotics.com, похоже на старый прайс; цена станции не указана";
5a5b3599-bd64-4330-9bbb-4f8ce7d780b9;Клинботикс (Cleanbotics) 600;price_rub;1 290 000;руб;https://robowin.ru/servisnye-roboty/waybot-cleanbotics-600-robot-polomoechnik/;интегратор;Price: 1,290,000 ₽;2026-09-24;"дилер Robowin; в карточке баки 40/45 л и АКБ 24 В 40 Ач, не совпадает с производителем, вероятно старая версия; цена на 44% ниже каталога";
5a5b3599-bd64-4330-9bbb-4f8ce7d780b9;Клинботикс (Cleanbotics) 600;tests;тест 5 рабочих дней за 50 000 руб;;https://waybotrobotics.com/buy-rent;производитель;Длительность теста 5 рабочих дней Цена: 50 000 ₽;2026-09-24;;да
5a5b3599-bd64-4330-9bbb-4f8ce7d780b9;Клинботикс (Cleanbotics) 600;battery_price_rub;не найдено;руб;;;;2026-09-24;искал waybotrobotics.com (consumables, guarantee), waybotrobot.ru, robob2b, robowin;
9b20417a-0ac7-4786-985b-f3459a15075d;Unit;throughput;~1440;м²/ч;https://yacuai.com/ru/unit/;производитель;7200 м2 — производительность при одной заправке ... 5 часов непрерывной работы от аккумулятора;2026-09-24;"расчет: 7200 м² за заряд / 5 ч; совпадает с ""до 1400"" из презентации ФЦ БАС; в рейтинге производителя до 1800-2000 м²/ч";да
9b20417a-0ac7-4786-985b-f3459a15075d;Unit;avg_speed_m_s;не найдено;;https://yacuai.com/ru/unit/;производитель;скорость движения приравнивается к человеческой;2026-09-24;"числа нет, только качественная оценка в FAQ (порядка скорости пешехода); искал также unibot.ru, eletos.ru, tadviser.ru, yacurier.com";да
9b20417a-0ac7-4786-985b-f3459a15075d;Unit;battery;24 В, емкость не найдена;В;https://yacuai.com/ru/unit/;производитель;Напряжение бортовой сети 24 В;2026-09-24;"емкость (А·ч, кВт·ч) и тип батареи не опубликованы; yacurier.com: систему питания базировали на типовых аккумуляторах";да
9b20417a-0ac7-4786-985b-f3459a15075d;Unit;power_kw;не найдено;;;;;2026-09-24;искал yacuai.com/ru/unit, unibot.ru, eletos.ru, yacurier.com, cleannow.ru;
9b20417a-0ac7-4786-985b-f3459a15075d;Unit;raas_fee_rub_month;30 000 (подписка на ПО, план 2022 г.);₽/мес;https://yacurier.com/cases/kak-my-sozdali-bespilotnuyu-polomoechnuyu-mashinu/;производитель;Предварительная арифметика: робот стоит 1,6 млн, а ежемесячная подписка 30к/мес.;2026-09-24;"статья основателя 2022 г. на сайте ООО ""Якурьер"", бизнес-план, не прайс; аренды робота целиком не нашел (на yacuai.com только ""Продажа и лизинг"")";устарело
9b20417a-0ac7-4786-985b-f3459a15075d;Unit;license_rub_year;подписка на ПО обязательна для автономного режима, цена не указана;;https://www.cleannow.ru/news/2522.htm;СМИ;после оформления подписки на софт компании ... робот становится - беспилотной поломоечной машиной;2026-09-24;"без подписки работает как ручная машина; цена подписки есть только в плане 2022 г. (30 тыс. ₽/мес, yacurier.com)";
9b20417a-0ac7-4786-985b-f3459a15075d;Unit;price_rub;1 600 000 (план 2022 г.);₽;https://yacurier.com/cases/kak-my-sozdali-bespilotnuyu-polomoechnuyu-mashinu/;производитель;робот стоит 1,6 млн;2026-09-24;"ранний бизнес-план; расходится с текущими 2,3 млн";устарело
9b20417a-0ac7-4786-985b-f3459a15075d;Unit;raas_contract_months;не найдено;;;;;2026-09-24;"на yacuai.com условия продажи: предоплата 50%, 2 мес. производство; срок подписки/аренды не указан";
9b20417a-0ac7-4786-985b-f3459a15075d;Unit;min_aisle_width_mm;не найдено;мм;https://yacuai.com/ru/unit/;производитель;компактным габаритам (ширина всего 560 мм), наш промышленный мойщик полов легко маневрирует между стеллажами;2026-09-24;"ширина корпуса 560; минимальная ширина проезда не опубликована; ракель 800-820 мм шире корпуса";да
9b20417a-0ac7-4786-985b-f3459a15075d;Unit;consumables_rub_year;не найдено;;;;;2026-09-24;"yacurier.com: узлы мойки стандартные от ручных поломоечных машин; цен щеток и ракеля нет";
9b20417a-0ac7-4786-985b-f3459a15075d;Unit;analog;не переименованная модель: собственная разработка;;https://yacurier.com/cases/kak-my-sozdali-bespilotnuyu-polomoechnuyu-mashinu/;производитель;мы решили сделать всё с нуля: потребовались разработка дизайна, механической и электрической частей и системы уборки;2026-09-24;"при проектировании разбирали машину Karcher как образец; узлы мойки стандартные";устарело
446c5207-a099-45e0-b615-afd60de08589;R2B MARK 2 SE;min_aisle_width_mm;1300;мм;https://r2b.company/rent;производитель;Минимальная ширина для проезда – 1,3 метра.;2026-09-24;то же на r2b.company/faqmark2;да
446c5207-a099-45e0-b615-afd60de08589;R2B MARK 2 SE;min_aisle_width_mm;1300;мм;https://r2b.company/mark2;производитель;1,3 м минимальная ширина прохода;2026-09-24;страница модели Mark 2 (предшественник SE);да
446c5207-a099-45e0-b615-afd60de08589;R2B MARK 2 SE;min_aisle_width_mm;>1200 (проходы уже 1,2 м не убирает);мм;https://r2b.company/cases/shop;эксплуатант;Узкие проходы, шириной меньше 1,2 метра, остаются для ручной уборки.;2026-09-24;"кейс ""Магнит"" на сайте производителя, модель Mark 2";
446c5207-a099-45e0-b615-afd60de08589;R2B MARK 2 SE;runtime_h;4;ч;https://r2b.company/rent;производитель;До 4 часов непрерывной работы;2026-09-24;расходится: r2b.company/mark2se и docx организатора - 3 ч (~33%);да
446c5207-a099-45e0-b615-afd60de08589;R2B MARK 2 SE;power_kw;0.3 (мотор щетки);кВт;https://r2b.company/rent;производитель;Номинальная мощность мотора щетки 300 Вт;2026-09-24;"только мотор щетки; полная потребляемая мощность и напряжение АКБ не опубликованы";да
446c5207-a099-45e0-b615-afd60de08589;R2B MARK 2 SE;battery;LiFePO4 100 А·ч, напряжение не указано;А·ч;https://r2b.company/rent;производитель;Емкость АКБ 100 АЧ Тип АКБ LiFePO4;2026-09-24;"кВт·ч без напряжения не вывести; kiit.ru пишет ""литий-ионная""";да
446c5207-a099-45e0-b615-afd60de08589;R2B MARK 2 SE;raas_fee_rub_month;от 100 000;₽/мес;https://r2b.company/rent;производитель;Аренда робота-уборщика от 100 000 ₽/мес;2026-09-24;"включено: специалист-интегратор, обучение персонала, удаленная поддержка инженеров; НДС не указан. Поиск выдал сниппет ""от 80 000 ₽"", на странице не подтвердилось";да
446c5207-a099-45e0-b615-afd60de08589;R2B MARK 2 SE;raas_contract_months;не найдено;;https://r2b.company/rent;производитель;дополнительные бонусы при длительной аренде;2026-09-24;минимальный срок аренды не опубликован;да
446c5207-a099-45e0-b615-afd60de08589;R2B MARK 2 SE;maintenance;~20 000 (обслуживание с расходниками и техподдержкой);₽/мес;https://r2b.company/blog/promyshlennyy-robot-uborschik-zachem-on-nuzhen-i-kak-rasschitat-okupaemost;производитель;Обслуживание робота, включая расходники и техподдержку, обходится примерно в 20 000 ₽ ежемесячно.;2026-09-24;"оценка производителя в статье об окупаемости; ~240 000 ₽/год";
446c5207-a099-45e0-b615-afd60de08589;R2B MARK 2 SE;warranty_months;12;мес;https://r2b.company/rent;производитель;На Mark 2 SE действует гарантия – 1 год. В нее входит полное обслуживание и все необходимые ТО.;2026-09-24;"расходится: kiit.ru - 2 года; расходники (щетки, резинки сквиша) не входят";да
446c5207-a099-45e0-b615-afd60de08589;R2B MARK 2 SE;service_life_years;5;лет;https://r2b.company/blog/promyshlennyy-robot-uborschik-zachem-on-nuzhen-i-kak-rasschitat-okupaemost;производитель;При сроке службы 5 лет выгода может превысить 3 млн ₽.;2026-09-24;допущение в расчете окупаемости производителя;
446c5207-a099-45e0-b615-afd60de08589;R2B MARK 2 SE;price_rub;2 200 000;₽;https://r2b.company/blog/promyshlennyy-robot-uborschik-zachem-on-nuzhen-i-kak-rasschitat-okupaemost;производитель;Средняя стоимость Mark 2 SE от R2B — 2 200 000 ₽.;2026-09-24;"""средняя стоимость""; расходится с каталогом организатора 1 900 000 (~16%)";
446c5207-a099-45e0-b615-afd60de08589;R2B MARK 2 SE;price_rub;2 050 000;₽;https://www.kiit.ru/product/rossiyskiy-robot-uborshchik-r2b-mark-2-se/;интегратор;цена 2 050 000 руб.;2026-09-24;"с НДС; другой URL карточки КИИТ, чем в sources.csv (там 2 100 000)";
446c5207-a099-45e0-b615-afd60de08589;R2B MARK 2 SE;consumables;"щетка ~2 мес., одна запасная в комплекте; цены не указаны";;https://r2b.company/mark2;производитель;Щётки хватает на 2 месяца. В стартовом комплекте с роботом идет одна запасная щётка.;2026-09-24;"модель Mark 2; для SE: щетки и резинки для сквиша в гарантию не входят и покупаются отдельно";да
446c5207-a099-45e0-b615-afd60de08589;R2B MARK 2 SE;daily_hours;до 14-16;ч/сутки;https://r2b.company/rent;производитель;Эффективная работа до 14 часов в сутки;2026-09-24;"в таблице той же страницы ""до 16 часов"" уборки в сутки, с перерывами на заправку и зарядку";да
446c5207-a099-45e0-b615-afd60de08589;R2B MARK 2 SE;avg_speed_m_s;не найдено;;;;;2026-09-24;"рабочей скорости уборки на r2b.company (mark2se, mark2, rent, faqmark2, cases) и kiit.ru нет; в sources.csv только 3-4 км/ч из docx организатора";
446c5207-a099-45e0-b615-afd60de08589;R2B MARK 2 SE;analog;не переименованная модель: собственная разработка R2B (Ярославль);;https://r2b.company/rent;производитель;Робот-уборщик из России Mark 2 SE;2026-09-24;"признаков китайской платформы не нашел; модель Mark 2 работает в ""Магнит"" с 2021 г.";да
e8960183-1828-4fdb-8c39-91f5a3523a96;РУБИ-С-03;avg_speed_m_s;0.1–1.2 (диапазон);м/с;https://robo.ooo/rubi_s;производитель;Скорость движения робота мин - макс, м/с 0,1 - 1,2;2026-09-24;"рабочая скорость уборки отдельно не указана; аналог Sparkoz TN70: 4 км/ч (1,11 м/с)";да
e8960183-1828-4fdb-8c39-91f5a3523a96;РУБИ-С-03;battery;LiFePO4 100 А·ч, ~24 В (≈2,56 кВт·ч);А·ч;https://robo.ooo/rubi_s;производитель;Емкость батареи, Ач 100 ... Выходное - напряжение, В DC 29,2;2026-09-24;"напряжение выведено: 29,2 В на выходе зарядки = LiFePO4 8S, номинал 25,6 В; кВт·ч - расчет, не паспорт";да
e8960183-1828-4fdb-8c39-91f5a3523a96;РУБИ-С-03;power_kw;~0.73 (расчет, комплексная уборка);кВт;https://robo.ooo/rubi_s;производитель;Длительность работы робота на полном заряде батареи, час - в режиме комплексной уборки 3,5;2026-09-24;"расчет: ~2,56 кВт·ч / 3,5 ч; в ECO ~0,26 кВт (10 ч); паспортной мощности нет";да
e8960183-1828-4fdb-8c39-91f5a3523a96;РУБИ-С-03;warranty_months;36;мес;https://robo.ooo/rubi_s;производитель;Гарантия ... 3 года;2026-09-24;;да
e8960183-1828-4fdb-8c39-91f5a3523a96;РУБИ-С-03;brush_pressure;"178 кг/м² (1744 Па); швабра до 27 кг";;https://robo.ooo/rubi_s;производитель;Давление дисковой щетки на пол, не более: Па (Р/м2) / кг/м2 1744 / 178;2026-09-24;;да
e8960183-1828-4fdb-8c39-91f5a3523a96;РУБИ-С-03;cleaning_width_mm;510 (щетка) / 790 (балка);мм;https://robo.ooo/rubi_s;производитель;Водовсасывающая балка шириной очистки ... 790мм;2026-09-24;расходится внутри страницы: в таблице 810 мм (2,5%);да
e8960183-1828-4fdb-8c39-91f5a3523a96;РУБИ-С-03;charger;"док-станция 3-в-1 600×490×660 мм, 36,5 кг; зарядная станция 450×350×550 мм, 28 кг; вход AC 220 В, выход DC 29,2 В";;https://robo.ooo/rubi_s;производитель;Габаритные размеры ... 600 x 490 x 660 Масса, кг 36,5;2026-09-24;цены станций и число роботов на станцию не указаны;да
e8960183-1828-4fdb-8c39-91f5a3523a96;РУБИ-С-03;raas_fee_rub_month;не найдено;;https://robo.ooo/;производитель;Возможность лизинга;2026-09-24;"только лизинг; цены аренды нет на robo.ooo (главная, rubi_s, calculator); цена по запросу";да
e8960183-1828-4fdb-8c39-91f5a3523a96;РУБИ-С-03;min_aisle_width_mm;не найдено;мм;https://robo.ooo/rubi_s;производитель;Габаритные размеры робота, Д х Ш х В, мм 1160 х 580 х 1210;2026-09-24;"ширина корпуса 580; балка 790-810 мм шире корпуса; минимальный проход не опубликован";да
e8960183-1828-4fdb-8c39-91f5a3523a96;РУБИ-С-03;consumables_rub_year;не найдено;;;;;2026-09-24;"на robo.ooo/rubi_s только состав: щетка 510 мм, 2 сменные резинки PU; цен нет";
e8960183-1828-4fdb-8c39-91f5a3523a96;РУБИ-С-03;software_rub;не найдено;;;;;2026-09-24;FMS-платформа (robo.ooo/fms-platform) без цены;
e8960183-1828-4fdb-8c39-91f5a3523a96;РУБИ-С-03;analog;возможный аналог: Sparkoz TN70 / TN70 Pro;;https://www.consolidatedsystem.com.sg/tn70-robot-floor-scrubber-autoscrubber-autonomous.html;интегратор;Dimensions L x W x H: 1120 x 580 x 1150mm ... Scrubbing Width 510mm Squeegee Width 790mm ... 27kg constant brush pressure;2026-09-24;совпадают ширина 580, щетка 510, балка 790, прижим 27 кг, бак грязной воды 50 л, уклон 6, набор датчиков, 100 Ач, 3 ч / 10 ч. Не совпадают: чистый бак 70 л, длина/высота. Прямого подтверждения ребрендинга нет;
e8960183-1828-4fdb-8c39-91f5a3523a96;РУБИ-С-03;dimensions_mm;1120×580×1150;мм;https://www.consolidatedsystem.com.sg/tn70-robot-floor-scrubber-autoscrubber-autonomous.html;интегратор;Dimensions L x W x H: 1120 x 580 x 1150mm;2026-09-24;аналог: Sparkoz TN70;аналог
e8960183-1828-4fdb-8c39-91f5a3523a96;РУБИ-С-03;avg_speed_m_s;1.11;м/с;https://www.consolidatedsystem.com.sg/tn70-robot-floor-scrubber-autoscrubber-autonomous.html;интегратор;Speed – 4km/hr;2026-09-24;"аналог: Sparkoz TN70; пересчет 4 км/ч";аналог
e8960183-1828-4fdb-8c39-91f5a3523a96;РУБИ-С-03;throughput;до 2040;м²/ч;https://www.consolidatedsystem.com.sg/tn70-robot-floor-scrubber-autoscrubber-autonomous.html;интегратор;Working capacity up to 2,040 msq/hr;2026-09-24;"аналог: Sparkoz TN70; у РУБИ-С заявлено 1000-2500";аналог
e8960183-1828-4fdb-8c39-91f5a3523a96;РУБИ-С-03;runtime_h;4;ч;https://www.consolidatedsystem.com.sg/tn70-robot-floor-scrubber-autoscrubber-autonomous.html;интегратор;Up to 4 hours long running time;2026-09-24;аналог: Sparkoz TN70;аналог
e8960183-1828-4fdb-8c39-91f5a3523a96;РУБИ-С-03;charge_time_h;3–4;ч;https://www.consolidatedsystem.com.sg/tn70-robot-floor-scrubber-autoscrubber-autonomous.html;интегратор;Fast charging time – 3-4 hours;2026-09-24;"аналог: Sparkoz TN70; у РУБИ-С 3 / 3,5 ч";аналог
e8960183-1828-4fdb-8c39-91f5a3523a96;РУБИ-С-03;runtime_h;3 (мойка) / 10 (GlideMopp);ч;https://sebotics.com/tn70-reinigungsroboter/;интегратор;3h (schrubbetrieb) 10h (GlideMopp);2026-09-24;"аналог: Sparkoz TN70 Pro; близко к РУБИ-С 3,5 / 10 ч ECO";аналог
e8960183-1828-4fdb-8c39-91f5a3523a96;РУБИ-С-03;battery;100;А·ч;https://sebotics.com/tn70-reinigungsroboter/;интегратор;100Ah;2026-09-24;"аналог: Sparkoz TN70 Pro; то же на sparkoz.com";аналог
e8960183-1828-4fdb-8c39-91f5a3523a96;РУБИ-С-03;robot_mass_kg;227;кг;https://sebotics.com/tn70-reinigungsroboter/;интегратор;227 kg;2026-09-24;аналог: Sparkoz TN70 Pro (у РУБИ-С 198 кг);аналог
cccd0c0d-8ae7-435d-a171-45f5d82886e6;ДиКом DMR 1200;dimensions_mm;1100×820×256;мм (Д×Ш×В по чертежу);https://khvrptyuackxdmxadmin.dikom-a.ru/wp-content/uploads/2025/10/buklet-dmr-600-1200-ot-23.04.2026-szhatyj.pdf;производитель;Габаритные размеры ... 1100×820×256 мм;2026-09-24;"буклет производителя от 23.04.2026; расходится с карточкой сайта и kiit.ru 1115×845×255 (до 3%)";да
cccd0c0d-8ae7-435d-a171-45f5d82886e6;ДиКом DMR 1200;dimensions_mm;1115×845×255;мм (подпись ВxШxГ, по смыслу Д×Ш×В);https://dikom-a.ru/product/dmr-1200;производитель;Габариты (ВxШxГ) 1115 x 845 x 255 мм;2026-09-24;"характеристики карточки подгружаются из API сайта производителя (khvrptyuackxdmxadmin.dikom-a.ru/wp-json/wc/store/v1/products); порядок осей в подписи неверный, высота 255";да
cccd0c0d-8ae7-435d-a171-45f5d82886e6;ДиКом DMR 1200;max_speed_m_s;1.5;м/с;https://khvrptyuackxdmxadmin.dikom-a.ru/wp-content/uploads/2025/10/buklet-dmr-600-1200-ot-23.04.2026-szhatyj.pdf;производитель;Скорость перемещения ... ≤1.5 м/с;2026-09-24;"в буклете DMR 600 ≤2.0 м/с, DMR 1200 ≤1.5 м/с; расходится с карточкой сайта и первой карточкой kiit.ru (2 м/с)";да
cccd0c0d-8ae7-435d-a171-45f5d82886e6;ДиКом DMR 1200;max_speed_m_s;2;м/с;https://dikom-a.ru/product/dmr-1200;производитель;Скорость перемещения 2 м/с;2026-09-24;"характеристики карточки подгружаются из API сайта производителя (khvrptyuackxdmxadmin.dikom-a.ru/wp-json/wc/store/v1/products); буклет того же производителя дает ≤1.5 м/с";да
cccd0c0d-8ae7-435d-a171-45f5d82886e6;ДиКом DMR 1200;max_speed_m_s;1.5;м/с;https://www.kiit.ru/product/avtonomnyy-mobilnyy-robot-dikom-dmr-1200/;интегратор;Скорость: ≤ 1,5 м / с;2026-09-24;"вторая карточка kiit.ru; первая карточка kiit.ru дает 2 м/с";
cccd0c0d-8ae7-435d-a171-45f5d82886e6;ДиКом DMR 1200;price_rub;4 000 000;₽;https://www.kiit.ru/product/avtonomnyy-mobilnyy-robot-dikom-dmr-1200/;интегратор;4 000 000 ₽;2026-09-24;"вторая карточка kiit.ru, цена справочная; совпадает с каталогом организатора; первая карточка kiit.ru 4 250 000 ₽";
cccd0c0d-8ae7-435d-a171-45f5d82886e6;ДиКом DMR 1200;lift_height_mm;60;мм (платформа 1000×700);https://khvrptyuackxdmxadmin.dikom-a.ru/wp-content/uploads/2025/10/buklet-dmr-600-1200-ot-23.04.2026-szhatyj.pdf;производитель;размер платформы 1000×700 мм, Высота подъема 60 мм;2026-09-24;подъемно-поворотная платформа;да
cccd0c0d-8ae7-435d-a171-45f5d82886e6;ДиКом DMR 1200;lift_height_mm;60;мм;https://www.kiit.ru/product/avtonomnyy-mobilnyy-robot-dikom-dmr-1200/;интегратор;высота подъема: 60 мм;2026-09-24;платформа на этой карточке 850×600 мм, это размер DMR 600 (у DMR 1200 по буклету 1000×700);
cccd0c0d-8ae7-435d-a171-45f5d82886e6;ДиКом DMR 1200;runtime_h;8;ч;https://khvrptyuackxdmxadmin.dikom-a.ru/wp-content/uploads/2025/10/buklet-dmr-600-1200-ot-23.04.2026-szhatyj.pdf;производитель;Автономность батареи 8 ч;2026-09-24;;да
cccd0c0d-8ae7-435d-a171-45f5d82886e6;ДиКом DMR 1200;charge_time_h;2;ч (10→80%);https://khvrptyuackxdmxadmin.dikom-a.ru/wp-content/uploads/2025/10/buklet-dmr-600-1200-ot-23.04.2026-szhatyj.pdf;производитель;Время зарядки (10%-80%) ≤ 2 ч;2026-09-24;;да
cccd0c0d-8ae7-435d-a171-45f5d82886e6;ДиКом DMR 1200;operating_conditions;уклон ≤5%, ступень 5 мм, впадина 30 мм;;https://khvrptyuackxdmxadmin.dikom-a.ru/wp-content/uploads/2025/10/buklet-dmr-600-1200-ot-23.04.2026-szhatyj.pdf;производитель;Проходимость, уклон/ступень/впадина ≤5% / 5 мм / 30 мм;2026-09-24;;да
cccd0c0d-8ae7-435d-a171-45f5d82886e6;ДиКом DMR 1200;warranty_months;12;мес;https://khvrptyuackxdmxadmin.dikom-a.ru/wp-content/uploads/2025/10/buklet-dmr-600-1200-ot-23.04.2026-szhatyj.pdf;производитель;12 Месяцев - гарантия работы;2026-09-24;kiit.ru: 12 месяцев с момента ввода в эксплуатацию;да
cccd0c0d-8ae7-435d-a171-45f5d82886e6;ДиКом DMR 1200;min_aisle_width_mm;1050;мм;https://robob2b.ru/catalog/mobilnye-roboty/transportnyy-robot-seer-amb-1000js/;интегратор;Минимальная ширина проезда, мм |1050;2026-09-24;"аналог: SEER AMB-1000JS (1000 кг, подъем 60 мм, 1330×952×290 мм, диаметр разворота 1460 мм); DMR 1200 меньше (1100×820), оценка с запасом";аналог
cccd0c0d-8ae7-435d-a171-45f5d82886e6;ДиКом DMR 1200;battery;не найдено;;;;;2026-09-24;искал: карточка dikom-a.ru, буклет DMR 600/1200 от 23.04.2026, kiit.ru (2 карточки), sdelanounas.ru, поиск по тендерам;
cccd0c0d-8ae7-435d-a171-45f5d82886e6;ДиКом DMR 1200;battery;40000;мА·ч;https://robob2b.ru/catalog/mobilnye-roboty/transportnyy-robot-seer-amb-1000js/;интегратор;Ёмкость батареи, мА·ч |40000;2026-09-24;"аналог: SEER AMB-1000JS; напряжение не указано; время работы 7 ч";аналог
cccd0c0d-8ae7-435d-a171-45f5d82886e6;ДиКом DMR 1200;battery_life;1500;циклов;https://robob2b.ru/catalog/mobilnye-roboty/transportnyy-robot-seer-amb-1000js/;интегратор;"Ресурс батарей, циклов ""заряд/разряд"" |1500";2026-09-24;аналог: SEER AMB-1000JS;аналог
cccd0c0d-8ae7-435d-a171-45f5d82886e6;ДиКом DMR 1200;raas_fee_rub_month;не найдено;;;;;2026-09-24;искал: карточка dikom-a.ru, буклет DMR 600/1200 от 23.04.2026, kiit.ru (2 карточки), sdelanounas.ru, поиск по тендерам;
cccd0c0d-8ae7-435d-a171-45f5d82886e6;ДиКом DMR 1200;lift_time_s;не найдено;;;;;2026-09-24;искал: карточка dikom-a.ru, буклет DMR 600/1200 от 23.04.2026, kiit.ru (2 карточки), sdelanounas.ru, поиск по тендерам;
cccd0c0d-8ae7-435d-a171-45f5d82886e6;ДиКом DMR 1200;battery_price_rub;не найдено;;;;;2026-09-24;искал: карточка dikom-a.ru, буклет DMR 600/1200 от 23.04.2026, kiit.ru (2 карточки), sdelanounas.ru, поиск по тендерам;
cccd0c0d-8ae7-435d-a171-45f5d82886e6;ДиКом DMR 1200;license_rub_year;не найдено;;;;;2026-09-24;искал: карточка dikom-a.ru, буклет DMR 600/1200 от 23.04.2026, kiit.ru (2 карточки), sdelanounas.ru, поиск по тендерам;
cccd0c0d-8ae7-435d-a171-45f5d82886e6;ДиКом DMR 1200;service_life_years;не найдено;;;;;2026-09-24;"искал: карточка dikom-a.ru, буклет DMR 600/1200 от 23.04.2026, kiit.ru (2 карточки), sdelanounas.ru, поиск по тендерам; в буклете только ""длительный срок службы"" без цифры";
be814758-3616-4b94-befa-9848be2ac604;ДиКом DMR 600;dimensions_mm;960×650×250;мм (Д×Ш×В по чертежу);https://khvrptyuackxdmxadmin.dikom-a.ru/wp-content/uploads/2025/10/buklet-dmr-600-1200-ot-23.04.2026-szhatyj.pdf;производитель;Габаритные размеры 960×650×250 мм;2026-09-24;"буклет производителя; снимает неоднозначность порядка осей у первой карточки kiit.ru (250×960×650)";да
be814758-3616-4b94-befa-9848be2ac604;ДиКом DMR 600;dimensions_mm;960×650×250;мм (Д×Ш×В);https://www.kiit.ru/product/avtonomnyy-mobilnyy-robot-dikom-dmr-600/;интегратор;Габариты (Д×Ш×В): 960×650×250 мм;2026-09-24;вторая карточка kiit.ru;
be814758-3616-4b94-befa-9848be2ac604;ДиКом DMR 600;max_speed_m_s;2;м/с;https://khvrptyuackxdmxadmin.dikom-a.ru/wp-content/uploads/2025/10/buklet-dmr-600-1200-ot-23.04.2026-szhatyj.pdf;производитель;Скорость перемещения ≤2.0 м/с;2026-09-24;;да
be814758-3616-4b94-befa-9848be2ac604;ДиКом DMR 600;max_speed_m_s;2;м/с;https://dikom-a.ru/product/dmr-600;производитель;Скорость перемещения 2 м/с;2026-09-24;характеристики карточки подгружаются из API сайта производителя (khvrptyuackxdmxadmin.dikom-a.ru/wp-json/wc/store/v1/products);да
be814758-3616-4b94-befa-9848be2ac604;ДиКом DMR 600;price_rub;3 400 000;₽;https://www.kiit.ru/product/avtonomnyy-mobilnyy-robot-dikom-dmr-600/;интегратор;3 400 000 ₽;2026-09-24;"вторая карточка kiit.ru, с НДС; расходится с каталогом организатора и первой карточкой kiit.ru 3 750 000 ₽ (~9%)";
be814758-3616-4b94-befa-9848be2ac604;ДиКом DMR 600;lift_height_mm;60;мм (платформа 850×600);https://khvrptyuackxdmxadmin.dikom-a.ru/wp-content/uploads/2025/10/buklet-dmr-600-1200-ot-23.04.2026-szhatyj.pdf;производитель;размер платформы 850×600 мм, Высота подъема 60 мм;2026-09-24;;да
be814758-3616-4b94-befa-9848be2ac604;ДиКом DMR 600;runtime_h;8;ч;https://khvrptyuackxdmxadmin.dikom-a.ru/wp-content/uploads/2025/10/buklet-dmr-600-1200-ot-23.04.2026-szhatyj.pdf;производитель;Автономность батареи 8 ч;2026-09-24;;да
be814758-3616-4b94-befa-9848be2ac604;ДиКом DMR 600;charge_time_h;2;ч (10→80%);https://khvrptyuackxdmxadmin.dikom-a.ru/wp-content/uploads/2025/10/buklet-dmr-600-1200-ot-23.04.2026-szhatyj.pdf;производитель;Время зарядки (10%-80%) ≤ 2 ч;2026-09-24;;да
be814758-3616-4b94-befa-9848be2ac604;ДиКом DMR 600;operating_conditions;уклон ≤5%, ступень 5 мм, впадина 30 мм;;https://khvrptyuackxdmxadmin.dikom-a.ru/wp-content/uploads/2025/10/buklet-dmr-600-1200-ot-23.04.2026-szhatyj.pdf;производитель;Проходимость, уклон/ступень/впадина ≤5% / 5 мм / 30 мм;2026-09-24;"в буклете общая строка для 600/1200; карточка сайта и kiit.ru для DMR 600 дают впадину 20 мм";да
be814758-3616-4b94-befa-9848be2ac604;ДиКом DMR 600;warranty_months;12;мес;https://khvrptyuackxdmxadmin.dikom-a.ru/wp-content/uploads/2025/10/buklet-dmr-600-1200-ot-23.04.2026-szhatyj.pdf;производитель;12 Месяцев - гарантия работы;2026-09-24;kiit.ru: 12 месяцев с момента ввода в эксплуатацию;да
be814758-3616-4b94-befa-9848be2ac604;ДиКом DMR 600;min_aisle_width_mm;790;мм;https://seer-robotics.ai/amr/liftingrobot/SJV-SW600;производитель;Minimum Aisle Width 790 mm;2026-09-24;"аналог: SEER SJV-SW600 (950×650×250 мм, 600 кг, подъем 60 мм, ±5 мм/±0,5°, 8 ч, ≤2 ч), параметры почти совпадают с DMR 600; диаметр разворота 1015 мм";аналог
be814758-3616-4b94-befa-9848be2ac604;ДиКом DMR 600;min_aisle_width_mm;790;мм;https://robob2b.ru/catalog/mobilnye-roboty/transportnyy-robot-seer-sjv-sw600/;интегратор;Минимальная ширина проезда, мм |790;2026-09-24;аналог: SEER SJV-SW600;аналог
be814758-3616-4b94-befa-9848be2ac604;ДиКом DMR 600;battery;48 В / 24 А·ч LiFePO4 (~1,15 кВт·ч);;https://seer-robotics.ai/amr/liftingrobot/SJV-SW600;производитель;48 V / 24 Ah (lithium iron phosphate);2026-09-24;"аналог: SEER SJV-SW600; у DMR 600 не найдено";аналог
be814758-3616-4b94-befa-9848be2ac604;ДиКом DMR 600;raas_fee_rub_month;не найдено;;;;;2026-09-24;искал: карточка dikom-a.ru, буклет DMR 600/1200 от 23.04.2026, kiit.ru (2 карточки), sdelanounas.ru, поиск по тендерам;
be814758-3616-4b94-befa-9848be2ac604;ДиКом DMR 600;lift_time_s;не найдено;;;;;2026-09-24;искал: карточка dikom-a.ru, буклет DMR 600/1200 от 23.04.2026, kiit.ru (2 карточки), sdelanounas.ru, поиск по тендерам;
be814758-3616-4b94-befa-9848be2ac604;ДиКом DMR 600;battery_price_rub;не найдено;;;;;2026-09-24;искал: карточка dikom-a.ru, буклет DMR 600/1200 от 23.04.2026, kiit.ru (2 карточки), sdelanounas.ru, поиск по тендерам;
be814758-3616-4b94-befa-9848be2ac604;ДиКом DMR 600;battery_life;не найдено;;;;;2026-09-24;искал: карточка dikom-a.ru, буклет DMR 600/1200 от 23.04.2026, kiit.ru (2 карточки), sdelanounas.ru, поиск по тендерам;
be814758-3616-4b94-befa-9848be2ac604;ДиКом DMR 600;license_rub_year;не найдено;;;;;2026-09-24;искал: карточка dikom-a.ru, буклет DMR 600/1200 от 23.04.2026, kiit.ru (2 карточки), sdelanounas.ru, поиск по тендерам;
be814758-3616-4b94-befa-9848be2ac604;ДиКом DMR 600;service_life_years;не найдено;;;;;2026-09-24;искал: карточка dikom-a.ru, буклет DMR 600/1200 от 23.04.2026, kiit.ru (2 карточки), sdelanounas.ru, поиск по тендерам;
f7634ef8-0034-4c5b-b2f0-e44a14f05a76;ДиКом DMR Carrier P;lift_height_mm;1500;мм;https://khvrptyuackxdmxadmin.dikom-a.ru/wp-content/uploads/2025/10/buklet-dmr-carrierp-ot-23.04.2026-szhatyj.pdf;производитель;Уровень подъема вил 1500 мм;2026-09-24;"буклет производителя от 23.04.2026, там же ""Поднимают 1500 кг на высоту 1500 мм""; каталог организатора и kiit.ru 1600 мм (~7%)";да
f7634ef8-0034-4c5b-b2f0-e44a14f05a76;ДиКом DMR Carrier P;lift_height_mm;1500;мм;https://dikom-a.ru/product/d-carrier-p;производитель;Высота подъема 1500 мм;2026-09-24;характеристики карточки подгружаются из API сайта производителя (khvrptyuackxdmxadmin.dikom-a.ru/wp-json/wc/store/v1/products);да
f7634ef8-0034-4c5b-b2f0-e44a14f05a76;ДиКом DMR Carrier P;dimensions_mm;1975×1000×2050;мм (Д×Ш×В);https://khvrptyuackxdmxadmin.dikom-a.ru/wp-content/uploads/2025/10/buklet-dmr-carrierp-ot-23.04.2026-szhatyj.pdf;производитель;Габаритные размеры 1975x1000x2050 мм;2026-09-24;"буклет; на карточке сайта и tnvst.ru тот же набор с подписью ВxШxГ 2050×1975×1000; по фото ширина 1000 мм";да
f7634ef8-0034-4c5b-b2f0-e44a14f05a76;ДиКом DMR Carrier P;max_speed_m_s;1.5;м/с;https://khvrptyuackxdmxadmin.dikom-a.ru/wp-content/uploads/2025/10/buklet-dmr-carrierp-ot-23.04.2026-szhatyj.pdf;производитель;Скорость перемещения 1,5 м / с;2026-09-24;;да
f7634ef8-0034-4c5b-b2f0-e44a14f05a76;ДиКом DMR Carrier P;runtime_h;10;ч;https://khvrptyuackxdmxadmin.dikom-a.ru/wp-content/uploads/2025/10/buklet-dmr-carrierp-ot-23.04.2026-szhatyj.pdf;производитель;Автономность, запас батареи 10 ч;2026-09-24;;да
f7634ef8-0034-4c5b-b2f0-e44a14f05a76;ДиКом DMR Carrier P;charge_time_h;2;ч (10→80%);https://khvrptyuackxdmxadmin.dikom-a.ru/wp-content/uploads/2025/10/buklet-dmr-carrierp-ot-23.04.2026-szhatyj.pdf;производитель;Время зарядки (10%-80%) 2 ч;2026-09-24;;да
f7634ef8-0034-4c5b-b2f0-e44a14f05a76;ДиКом DMR Carrier P;positioning_accuracy_mm;±10;мм;https://khvrptyuackxdmxadmin.dikom-a.ru/wp-content/uploads/2025/10/buklet-dmr-carrierp-ot-23.04.2026-szhatyj.pdf;производитель;Точность позиционирования ± 10 мм / ±0.5°;2026-09-24;;да
f7634ef8-0034-4c5b-b2f0-e44a14f05a76;ДиКом DMR Carrier P;operating_conditions;уклон ≤5%, ступень 5 мм, впадина 15 мм;;https://khvrptyuackxdmxadmin.dikom-a.ru/wp-content/uploads/2025/10/buklet-dmr-carrierp-ot-23.04.2026-szhatyj.pdf;производитель;Проходимость, уклон/ступень/ впадина ≤5% / 5 мм / 15 мм;2026-09-24;;да
f7634ef8-0034-4c5b-b2f0-e44a14f05a76;ДиКом DMR Carrier P;warranty_months;12;мес;https://khvrptyuackxdmxadmin.dikom-a.ru/wp-content/uploads/2025/10/buklet-dmr-carrierp-ot-23.04.2026-szhatyj.pdf;производитель;12 Месяцев - гарантия работы;2026-09-24;tnvst.ru: 1 год;да
f7634ef8-0034-4c5b-b2f0-e44a14f05a76;ДиКом DMR Carrier P;min_aisle_width_mm;1885;мм;https://robob2b.ru/catalog/mobilnye-roboty/avtonomnyy-fmr-shtabelyer-seer-sfl-cdd14/;интегратор;Минимальная ширина проезда, мм |1885;2026-09-24;"аналог: SEER SFL-CDD14 (1400 кг, подъем 1600-3000 мм, 1710×989×1998 мм, 1,5 м/с, 10 ч, 2 ч, поддон на 3 полозьях); Carrier P длиннее на 265 мм, реальная ширина скорее больше";аналог
f7634ef8-0034-4c5b-b2f0-e44a14f05a76;ДиКом DMR Carrier P;battery;не найдено;;;;;2026-09-24;искал: карточка dikom-a.ru, буклет DMR Carrier P от 23.04.2026, kiit.ru, tnvst.ru, поиск по тендерам;
f7634ef8-0034-4c5b-b2f0-e44a14f05a76;ДиКом DMR Carrier P;battery;210000;мА·ч;https://robob2b.ru/catalog/mobilnye-roboty/avtonomnyy-fmr-shtabelyer-seer-sfl-cdd14/;интегратор;Ёмкость батареи, мА·ч |210000;2026-09-24;"аналог: SEER SFL-CDD14; напряжение не указано";аналог
f7634ef8-0034-4c5b-b2f0-e44a14f05a76;ДиКом DMR Carrier P;robot_mass_kg;740;кг;https://robob2b.ru/catalog/mobilnye-roboty/avtonomnyy-fmr-shtabelyer-seer-sfl-cdd14/;интегратор;Вес, кг |740;2026-09-24;"аналог: SEER SFL-CDD14; у Carrier P не найдено; файл организатора дает 2000-2500 кг, для штабелера 1,5 т это сомнительно";аналог
f7634ef8-0034-4c5b-b2f0-e44a14f05a76;ДиКом DMR Carrier P;raas_fee_rub_month;не найдено;;;;;2026-09-24;искал: карточка dikom-a.ru, буклет DMR Carrier P от 23.04.2026, kiit.ru, tnvst.ru, поиск по тендерам;
f7634ef8-0034-4c5b-b2f0-e44a14f05a76;ДиКом DMR Carrier P;lift_time_s;не найдено;;;;;2026-09-24;искал: карточка dikom-a.ru, буклет DMR Carrier P от 23.04.2026, kiit.ru, tnvst.ru, поиск по тендерам;
f7634ef8-0034-4c5b-b2f0-e44a14f05a76;ДиКом DMR Carrier P;battery_price_rub;не найдено;;;;;2026-09-24;искал: карточка dikom-a.ru, буклет DMR Carrier P от 23.04.2026, kiit.ru, tnvst.ru, поиск по тендерам;
f7634ef8-0034-4c5b-b2f0-e44a14f05a76;ДиКом DMR Carrier P;battery_life;не найдено;;;;;2026-09-24;искал: карточка dikom-a.ru, буклет DMR Carrier P от 23.04.2026, kiit.ru, tnvst.ru, поиск по тендерам;
f7634ef8-0034-4c5b-b2f0-e44a14f05a76;ДиКом DMR Carrier P;license_rub_year;не найдено;;;;;2026-09-24;искал: карточка dikom-a.ru, буклет DMR Carrier P от 23.04.2026, kiit.ru, tnvst.ru, поиск по тендерам;
f7634ef8-0034-4c5b-b2f0-e44a14f05a76;ДиКом DMR Carrier P;service_life_years;не найдено;;;;;2026-09-24;искал: карточка dikom-a.ru, буклет DMR Carrier P от 23.04.2026, kiit.ru, tnvst.ru, поиск по тендерам;
5ec66969-8fcc-47b3-b517-a9c29372fffe;AMR 800 (МОРОС);min_aisle_width_mm;700;мм;https://xn--80ab3cjk.xn--p1ai/assets/prez/pdf/%D0%A4%D0%A6_%D0%91%D0%A0%D0%A1_%D0%A1%D0%BA%D0%BB%D0%B0%D0%B4%D1%81%D0%BA%D0%B8%D0%B5_%D0%BC%D0%BE%D0%B1%D0%B8%D0%BB%D1%8C%D0%BD%D1%8B%D0%B5_%D1%80%D0%BE%D0%B1%D0%BE%D1%82%D1%8B.pdf;организатор;Минимальная ширина проезда: 700 мм;2026-09-24;"презентация ФЦ БАС ""Сценарии применения БРС. Складские мобильные роботы"", март 2026, с. 9, таблица сравнения; у производителя не публикуется";
5ec66969-8fcc-47b3-b517-a9c29372fffe;AMR 800 (МОРОС);runtime_h;24;ч;https://xn--80ab3cjk.xn--p1ai/assets/prez/pdf/%D0%A4%D0%A6_%D0%91%D0%A0%D0%A1_%D0%A1%D0%BA%D0%BB%D0%B0%D0%B4%D1%81%D0%BA%D0%B8%D0%B5_%D0%BC%D0%BE%D0%B1%D0%B8%D0%BB%D1%8C%D0%BD%D1%8B%D0%B5_%D1%80%D0%BE%D0%B1%D0%BE%D1%82%D1%8B.pdf;организатор;Время работы: 1 440 мин;2026-09-24;"презентация ФЦ БАС ""Сценарии применения БРС. Складские мобильные роботы"", март 2026, с. 9, таблица сравнения; 1440 мин = 24 ч, сходится с карточкой производителя (24 ч при средней нагрузке, 14 ч при максимальной)";
5ec66969-8fcc-47b3-b517-a9c29372fffe;AMR 800 (МОРОС);charge_time_h;2;ч;https://xn--80ab3cjk.xn--p1ai/assets/prez/pdf/%D0%A4%D0%A6_%D0%91%D0%A0%D0%A1_%D0%A1%D0%BA%D0%BB%D0%B0%D0%B4%D1%81%D0%BA%D0%B8%D0%B5_%D0%BC%D0%BE%D0%B1%D0%B8%D0%BB%D1%8C%D0%BD%D1%8B%D0%B5_%D1%80%D0%BE%D0%B1%D0%BE%D1%82%D1%8B.pdf;организатор;Время зарядки: 120 мин;2026-09-24;"презентация ФЦ БАС ""Сценарии применения БРС. Складские мобильные роботы"", март 2026, с. 9, таблица сравнения; у производителя не публикуется";
5ec66969-8fcc-47b3-b517-a9c29372fffe;AMR 800 (МОРОС);max_speed_m_s;2.5;м/с;https://xn--80ab3cjk.xn--p1ai/assets/prez/pdf/%D0%A4%D0%A6_%D0%91%D0%A0%D0%A1_%D0%A1%D0%BA%D0%BB%D0%B0%D0%B4%D1%81%D0%BA%D0%B8%D0%B5_%D0%BC%D0%BE%D0%B1%D0%B8%D0%BB%D1%8C%D0%BD%D1%8B%D0%B5_%D1%80%D0%BE%D0%B1%D0%BE%D1%82%D1%8B.pdf;организатор;Скорость: 2,5 м/с;2026-09-24;"презентация ФЦ БАС ""Сценарии применения БРС. Складские мобильные роботы"", март 2026, с. 9, таблица сравнения; расходится с карточкой производителя (2 м/с), сходится с prommoscow";
5ec66969-8fcc-47b3-b517-a9c29372fffe;AMR 800 (МОРОС);robot_mass_kg;150;кг;https://xn--80ab3cjk.xn--p1ai/assets/prez/pdf/%D0%A4%D0%A6_%D0%91%D0%A0%D0%A1_%D0%A1%D0%BA%D0%BB%D0%B0%D0%B4%D1%81%D0%BA%D0%B8%D0%B5_%D0%BC%D0%BE%D0%B1%D0%B8%D0%BB%D1%8C%D0%BD%D1%8B%D0%B5_%D1%80%D0%BE%D0%B1%D0%BE%D1%82%D1%8B.pdf;организатор;Собственный вес: 150 кг;2026-09-24;"презентация ФЦ БАС ""Сценарии применения БРС. Складские мобильные роботы"", март 2026, с. 9, таблица сравнения; сходится с карточкой производителя";
5ec66969-8fcc-47b3-b517-a9c29372fffe;AMR 800 (МОРОС);operating_conditions;+5…+40 °C;;https://xn--80ab3cjk.xn--p1ai/assets/prez/pdf/%D0%A4%D0%A6_%D0%91%D0%A0%D0%A1_%D0%A1%D0%BA%D0%BB%D0%B0%D0%B4%D1%81%D0%BA%D0%B8%D0%B5_%D0%BC%D0%BE%D0%B1%D0%B8%D0%BB%D1%8C%D0%BD%D1%8B%D0%B5_%D1%80%D0%BE%D0%B1%D0%BE%D1%82%D1%8B.pdf;организатор;Диапазон рабочих температур: +5 - +40°C;2026-09-24;"презентация ФЦ БАС ""Сценарии применения БРС. Складские мобильные роботы"", март 2026, с. 9, таблица сравнения; сходится с производителем";
5ec66969-8fcc-47b3-b517-a9c29372fffe;AMR 800 (МОРОС);battery;LiFePO4, емкость не указана;;https://xn--l1aeahg.xn--p1ai/amr-800/;производитель;Питание|LiFePo;2026-09-24;"емкость и напряжение не публикуются; ручная зарядка от 1-ф 220 В 10 А";да
7d5a76d2-7bf3-4a40-b6f7-64590d4d9273;AMR 1500 (МОРОС);min_aisle_width_mm;700;мм;https://xn--80ab3cjk.xn--p1ai/assets/prez/pdf/%D0%A4%D0%A6_%D0%91%D0%A0%D0%A1_%D0%A1%D0%BA%D0%BB%D0%B0%D0%B4%D1%81%D0%BA%D0%B8%D0%B5_%D0%BC%D0%BE%D0%B1%D0%B8%D0%BB%D1%8C%D0%BD%D1%8B%D0%B5_%D1%80%D0%BE%D0%B1%D0%BE%D1%82%D1%8B.pdf;организатор;Минимальная ширина проезда: 700 мм;2026-09-24;"презентация ФЦ БАС ""Сценарии применения БРС. Складские мобильные роботы"", март 2026, с. 8, таблица сравнения; в каталоге организатора 680 мм (расхождение 3%)";
7d5a76d2-7bf3-4a40-b6f7-64590d4d9273;AMR 1500 (МОРОС);runtime_h;22;ч;https://xn--80ab3cjk.xn--p1ai/assets/prez/pdf/%D0%A4%D0%A6_%D0%91%D0%A0%D0%A1_%D0%A1%D0%BA%D0%BB%D0%B0%D0%B4%D1%81%D0%BA%D0%B8%D0%B5_%D0%BC%D0%BE%D0%B1%D0%B8%D0%BB%D1%8C%D0%BD%D1%8B%D0%B5_%D1%80%D0%BE%D0%B1%D0%BE%D1%82%D1%8B.pdf;организатор;Время работы: 1 320 мин;2026-09-24;"презентация ФЦ БАС ""Сценарии применения БРС. Складские мобильные роботы"", март 2026, с. 8, таблица сравнения; 1320 мин = 22 ч, сходится с каталогом и новостью производителя; карточка товара: 20 ч средн. / 10 ч макс.";
7d5a76d2-7bf3-4a40-b6f7-64590d4d9273;AMR 1500 (МОРОС);charge_time_h;2;ч;https://xn--80ab3cjk.xn--p1ai/assets/prez/pdf/%D0%A4%D0%A6_%D0%91%D0%A0%D0%A1_%D0%A1%D0%BA%D0%BB%D0%B0%D0%B4%D1%81%D0%BA%D0%B8%D0%B5_%D0%BC%D0%BE%D0%B1%D0%B8%D0%BB%D1%8C%D0%BD%D1%8B%D0%B5_%D1%80%D0%BE%D0%B1%D0%BE%D1%82%D1%8B.pdf;организатор;Время зарядки: 120 мин;2026-09-24;"презентация ФЦ БАС ""Сценарии применения БРС. Складские мобильные роботы"", март 2026, с. 8, таблица сравнения; у производителя не публикуется";
7d5a76d2-7bf3-4a40-b6f7-64590d4d9273;AMR 1500 (МОРОС);max_speed_m_s;1.5;м/с;https://xn--80ab3cjk.xn--p1ai/assets/prez/pdf/%D0%A4%D0%A6_%D0%91%D0%A0%D0%A1_%D0%A1%D0%BA%D0%BB%D0%B0%D0%B4%D1%81%D0%BA%D0%B8%D0%B5_%D0%BC%D0%BE%D0%B1%D0%B8%D0%BB%D1%8C%D0%BD%D1%8B%D0%B5_%D1%80%D0%BE%D0%B1%D0%BE%D1%82%D1%8B.pdf;организатор;Скорость: 1,5 м/с;2026-09-24;"презентация ФЦ БАС ""Сценарии применения БРС. Складские мобильные роботы"", март 2026, с. 8, таблица сравнения; сходится с производителем";
7d5a76d2-7bf3-4a40-b6f7-64590d4d9273;AMR 1500 (МОРОС);robot_mass_kg;200;кг;https://xn--80ab3cjk.xn--p1ai/assets/prez/pdf/%D0%A4%D0%A6_%D0%91%D0%A0%D0%A1_%D0%A1%D0%BA%D0%BB%D0%B0%D0%B4%D1%81%D0%BA%D0%B8%D0%B5_%D0%BC%D0%BE%D0%B1%D0%B8%D0%BB%D1%8C%D0%BD%D1%8B%D0%B5_%D1%80%D0%BE%D0%B1%D0%BE%D1%82%D1%8B.pdf;организатор;Собственный вес: 200 кг;2026-09-24;"презентация ФЦ БАС ""Сценарии применения БРС. Складские мобильные роботы"", март 2026, с. 8, таблица сравнения; расходится с карточкой производителя (185 кг), разница 8%";
7d5a76d2-7bf3-4a40-b6f7-64590d4d9273;AMR 1500 (МОРОС);payload_kg;1500;кг;https://xn--80ab3cjk.xn--p1ai/assets/prez/pdf/%D0%A4%D0%A6_%D0%91%D0%A0%D0%A1_%D0%A1%D0%BA%D0%BB%D0%B0%D0%B4%D1%81%D0%BA%D0%B8%D0%B5_%D0%BC%D0%BE%D0%B1%D0%B8%D0%BB%D1%8C%D0%BD%D1%8B%D0%B5_%D1%80%D0%BE%D0%B1%D0%BE%D1%82%D1%8B.pdf;организатор;Грузоподъемность: 1 500 кг;2026-09-24;"презентация ФЦ БАС ""Сценарии применения БРС. Складские мобильные роботы"", март 2026, с. 8, таблица сравнения";
7d5a76d2-7bf3-4a40-b6f7-64590d4d9273;AMR 1500 (МОРОС);operating_conditions;+5…+40 °C;;https://xn--80ab3cjk.xn--p1ai/assets/prez/pdf/%D0%A4%D0%A6_%D0%91%D0%A0%D0%A1_%D0%A1%D0%BA%D0%BB%D0%B0%D0%B4%D1%81%D0%BA%D0%B8%D0%B5_%D0%BC%D0%BE%D0%B1%D0%B8%D0%BB%D1%8C%D0%BD%D1%8B%D0%B5_%D1%80%D0%BE%D0%B1%D0%BE%D1%82%D1%8B.pdf;организатор;Диапазон рабочих температур: +5 - +40°C;2026-09-24;"презентация ФЦ БАС ""Сценарии применения БРС. Складские мобильные роботы"", март 2026, с. 8, таблица сравнения; сходится с производителем";
89ffd69f-f07b-4bf2-8023-1fd765a2b6ff;AMR 100 (МОРОС);raas_fee_rub_month;не найдено;;;;;2026-09-24;"аренда и подписка не упоминаются; искал: морос.рф (карточки AMR100/800/1500, новости, СУМР, VMS, BMS), презентация ФЦ БАС ""Складские мобильные роботы"" (март 2026), prommoscow.info, kiit.ru, robob2b.ru, веб-поиск";
89ffd69f-f07b-4bf2-8023-1fd765a2b6ff;AMR 100 (МОРОС);raas_contract_months;не найдено;;;;;2026-09-24;"аренда и подписка не упоминаются; искал: морос.рф (карточки AMR100/800/1500, новости, СУМР, VMS, BMS), презентация ФЦ БАС ""Складские мобильные роботы"" (март 2026), prommoscow.info, kiit.ru, robob2b.ru, веб-поиск";
89ffd69f-f07b-4bf2-8023-1fd765a2b6ff;AMR 100 (МОРОС);avg_speed_m_s;не найдено;;;;;2026-09-24;"публикуется только максимальная скорость; искал: морос.рф (карточки AMR100/800/1500, новости, СУМР, VMS, BMS), презентация ФЦ БАС ""Складские мобильные роботы"" (март 2026), prommoscow.info, kiit.ru, robob2b.ru, веб-поиск";
89ffd69f-f07b-4bf2-8023-1fd765a2b6ff;AMR 100 (МОРОС);lift_time_s;не найдено;;;;;2026-09-24;"время подъема не публикуется; искал: морос.рф (карточки AMR100/800/1500, новости, СУМР, VMS, BMS), презентация ФЦ БАС ""Складские мобильные роботы"" (март 2026), prommoscow.info, kiit.ru, robob2b.ru, веб-поиск";
89ffd69f-f07b-4bf2-8023-1fd765a2b6ff;AMR 100 (МОРОС);battery_capacity;не найдено;;;;;2026-09-24;"емкость и напряжение батареи не публикуются; искал: морос.рф (карточки AMR100/800/1500, новости, СУМР, VMS, BMS), презентация ФЦ БАС ""Складские мобильные роботы"" (март 2026), prommoscow.info, kiit.ru, robob2b.ru, веб-поиск";
89ffd69f-f07b-4bf2-8023-1fd765a2b6ff;AMR 100 (МОРОС);power_kw;не найдено;;;;;2026-09-24;"потребляемая мощность не публикуется; искал: морос.рф (карточки AMR100/800/1500, новости, СУМР, VMS, BMS), презентация ФЦ БАС ""Складские мобильные роботы"" (март 2026), prommoscow.info, kiit.ru, robob2b.ru, веб-поиск";
89ffd69f-f07b-4bf2-8023-1fd765a2b6ff;AMR 100 (МОРОС);battery_price_rub;не найдено;;;;;2026-09-24;"цена замены батареи не публикуется; искал: морос.рф (карточки AMR100/800/1500, новости, СУМР, VMS, BMS), презентация ФЦ БАС ""Складские мобильные роботы"" (март 2026), prommoscow.info, kiit.ru, robob2b.ru, веб-поиск";
89ffd69f-f07b-4bf2-8023-1fd765a2b6ff;AMR 100 (МОРОС);battery_life;не найдено;;;;;2026-09-24;"ресурс батареи не публикуется; искал: морос.рф (карточки AMR100/800/1500, новости, СУМР, VMS, BMS), презентация ФЦ БАС ""Складские мобильные роботы"" (март 2026), prommoscow.info, kiit.ru, robob2b.ru, веб-поиск";
89ffd69f-f07b-4bf2-8023-1fd765a2b6ff;AMR 100 (МОРОС);charger_price_rub;не найдено;;;;;2026-09-24;"док-станция упомянута, цена и число роботов на станцию не публикуются; искал: морос.рф (карточки AMR100/800/1500, новости, СУМР, VMS, BMS), презентация ФЦ БАС ""Складские мобильные роботы"" (март 2026), prommoscow.info, kiit.ru, robob2b.ru, веб-поиск";
89ffd69f-f07b-4bf2-8023-1fd765a2b6ff;AMR 100 (МОРОС);software_rub;не найдено;;;;;2026-09-24;"СУМР (своя система управления) описана без цены; искал: морос.рф (карточки AMR100/800/1500, новости, СУМР, VMS, BMS), презентация ФЦ БАС ""Складские мобильные роботы"" (март 2026), prommoscow.info, kiit.ru, robob2b.ru, веб-поиск";
89ffd69f-f07b-4bf2-8023-1fd765a2b6ff;AMR 100 (МОРОС);license_rub_year;не найдено;;;;;2026-09-24;"подписка на ПО не упоминается; искал: морос.рф (карточки AMR100/800/1500, новости, СУМР, VMS, BMS), презентация ФЦ БАС ""Складские мобильные роботы"" (март 2026), prommoscow.info, kiit.ru, robob2b.ru, веб-поиск";
89ffd69f-f07b-4bf2-8023-1fd765a2b6ff;AMR 100 (МОРОС);maintenance;не найдено;;;;;2026-09-24;"стоимость сервиса не публикуется; искал: морос.рф (карточки AMR100/800/1500, новости, СУМР, VMS, BMS), презентация ФЦ БАС ""Складские мобильные роботы"" (март 2026), prommoscow.info, kiit.ru, robob2b.ru, веб-поиск";
89ffd69f-f07b-4bf2-8023-1fd765a2b6ff;AMR 100 (МОРОС);warranty_months;не найдено;;;;;2026-09-24;"гарантия не публикуется; искал: морос.рф (карточки AMR100/800/1500, новости, СУМР, VMS, BMS), презентация ФЦ БАС ""Складские мобильные роботы"" (март 2026), prommoscow.info, kiit.ru, robob2b.ru, веб-поиск";
89ffd69f-f07b-4bf2-8023-1fd765a2b6ff;AMR 100 (МОРОС);service_life_years;не найдено;;;;;2026-09-24;"срок службы не публикуется; искал: морос.рф (карточки AMR100/800/1500, новости, СУМР, VMS, BMS), презентация ФЦ БАС ""Складские мобильные роботы"" (март 2026), prommoscow.info, kiit.ru, robob2b.ru, веб-поиск";
5ec66969-8fcc-47b3-b517-a9c29372fffe;AMR 800 (МОРОС);raas_fee_rub_month;не найдено;;;;;2026-09-24;"аренда и подписка не упоминаются; искал: морос.рф (карточки AMR100/800/1500, новости, СУМР, VMS, BMS), презентация ФЦ БАС ""Складские мобильные роботы"" (март 2026), prommoscow.info, kiit.ru, robob2b.ru, веб-поиск";
5ec66969-8fcc-47b3-b517-a9c29372fffe;AMR 800 (МОРОС);raas_contract_months;не найдено;;;;;2026-09-24;"аренда и подписка не упоминаются; искал: морос.рф (карточки AMR100/800/1500, новости, СУМР, VMS, BMS), презентация ФЦ БАС ""Складские мобильные роботы"" (март 2026), prommoscow.info, kiit.ru, robob2b.ru, веб-поиск";
5ec66969-8fcc-47b3-b517-a9c29372fffe;AMR 800 (МОРОС);avg_speed_m_s;не найдено;;;;;2026-09-24;"публикуется только максимальная скорость; искал: морос.рф (карточки AMR100/800/1500, новости, СУМР, VMS, BMS), презентация ФЦ БАС ""Складские мобильные роботы"" (март 2026), prommoscow.info, kiit.ru, robob2b.ru, веб-поиск";
5ec66969-8fcc-47b3-b517-a9c29372fffe;AMR 800 (МОРОС);lift_time_s;не найдено;;;;;2026-09-24;"время подъема не публикуется; искал: морос.рф (карточки AMR100/800/1500, новости, СУМР, VMS, BMS), презентация ФЦ БАС ""Складские мобильные роботы"" (март 2026), prommoscow.info, kiit.ru, robob2b.ru, веб-поиск";
5ec66969-8fcc-47b3-b517-a9c29372fffe;AMR 800 (МОРОС);battery_capacity;не найдено;;;;;2026-09-24;"емкость и напряжение батареи не публикуются; искал: морос.рф (карточки AMR100/800/1500, новости, СУМР, VMS, BMS), презентация ФЦ БАС ""Складские мобильные роботы"" (март 2026), prommoscow.info, kiit.ru, robob2b.ru, веб-поиск";
5ec66969-8fcc-47b3-b517-a9c29372fffe;AMR 800 (МОРОС);power_kw;не найдено;;;;;2026-09-24;"потребляемая мощность не публикуется; искал: морос.рф (карточки AMR100/800/1500, новости, СУМР, VMS, BMS), презентация ФЦ БАС ""Складские мобильные роботы"" (март 2026), prommoscow.info, kiit.ru, robob2b.ru, веб-поиск";
5ec66969-8fcc-47b3-b517-a9c29372fffe;AMR 800 (МОРОС);battery_price_rub;не найдено;;;;;2026-09-24;"цена замены батареи не публикуется; искал: морос.рф (карточки AMR100/800/1500, новости, СУМР, VMS, BMS), презентация ФЦ БАС ""Складские мобильные роботы"" (март 2026), prommoscow.info, kiit.ru, robob2b.ru, веб-поиск";
5ec66969-8fcc-47b3-b517-a9c29372fffe;AMR 800 (МОРОС);battery_life;не найдено;;;;;2026-09-24;"ресурс батареи не публикуется; искал: морос.рф (карточки AMR100/800/1500, новости, СУМР, VMS, BMS), презентация ФЦ БАС ""Складские мобильные роботы"" (март 2026), prommoscow.info, kiit.ru, robob2b.ru, веб-поиск";
5ec66969-8fcc-47b3-b517-a9c29372fffe;AMR 800 (МОРОС);charger_price_rub;не найдено;;;;;2026-09-24;"док-станция упомянута, цена и число роботов на станцию не публикуются; искал: морос.рф (карточки AMR100/800/1500, новости, СУМР, VMS, BMS), презентация ФЦ БАС ""Складские мобильные роботы"" (март 2026), prommoscow.info, kiit.ru, robob2b.ru, веб-поиск";
5ec66969-8fcc-47b3-b517-a9c29372fffe;AMR 800 (МОРОС);software_rub;не найдено;;;;;2026-09-24;"СУМР (своя система управления) описана без цены; искал: морос.рф (карточки AMR100/800/1500, новости, СУМР, VMS, BMS), презентация ФЦ БАС ""Складские мобильные роботы"" (март 2026), prommoscow.info, kiit.ru, robob2b.ru, веб-поиск";
5ec66969-8fcc-47b3-b517-a9c29372fffe;AMR 800 (МОРОС);license_rub_year;не найдено;;;;;2026-09-24;"подписка на ПО не упоминается; искал: морос.рф (карточки AMR100/800/1500, новости, СУМР, VMS, BMS), презентация ФЦ БАС ""Складские мобильные роботы"" (март 2026), prommoscow.info, kiit.ru, robob2b.ru, веб-поиск";
5ec66969-8fcc-47b3-b517-a9c29372fffe;AMR 800 (МОРОС);maintenance;не найдено;;;;;2026-09-24;"стоимость сервиса не публикуется; искал: морос.рф (карточки AMR100/800/1500, новости, СУМР, VMS, BMS), презентация ФЦ БАС ""Складские мобильные роботы"" (март 2026), prommoscow.info, kiit.ru, robob2b.ru, веб-поиск";
5ec66969-8fcc-47b3-b517-a9c29372fffe;AMR 800 (МОРОС);warranty_months;не найдено;;;;;2026-09-24;"гарантия не публикуется; искал: морос.рф (карточки AMR100/800/1500, новости, СУМР, VMS, BMS), презентация ФЦ БАС ""Складские мобильные роботы"" (март 2026), prommoscow.info, kiit.ru, robob2b.ru, веб-поиск";
5ec66969-8fcc-47b3-b517-a9c29372fffe;AMR 800 (МОРОС);service_life_years;не найдено;;;;;2026-09-24;"срок службы не публикуется; искал: морос.рф (карточки AMR100/800/1500, новости, СУМР, VMS, BMS), презентация ФЦ БАС ""Складские мобильные роботы"" (март 2026), prommoscow.info, kiit.ru, robob2b.ru, веб-поиск";
7d5a76d2-7bf3-4a40-b6f7-64590d4d9273;AMR 1500 (МОРОС);raas_fee_rub_month;не найдено;;;;;2026-09-24;"аренда и подписка не упоминаются; искал: морос.рф (карточки AMR100/800/1500, новости, СУМР, VMS, BMS), презентация ФЦ БАС ""Складские мобильные роботы"" (март 2026), prommoscow.info, kiit.ru, robob2b.ru, веб-поиск";
7d5a76d2-7bf3-4a40-b6f7-64590d4d9273;AMR 1500 (МОРОС);raas_contract_months;не найдено;;;;;2026-09-24;"аренда и подписка не упоминаются; искал: морос.рф (карточки AMR100/800/1500, новости, СУМР, VMS, BMS), презентация ФЦ БАС ""Складские мобильные роботы"" (март 2026), prommoscow.info, kiit.ru, robob2b.ru, веб-поиск";
7d5a76d2-7bf3-4a40-b6f7-64590d4d9273;AMR 1500 (МОРОС);avg_speed_m_s;не найдено;;;;;2026-09-24;"публикуется только максимальная скорость; искал: морос.рф (карточки AMR100/800/1500, новости, СУМР, VMS, BMS), презентация ФЦ БАС ""Складские мобильные роботы"" (март 2026), prommoscow.info, kiit.ru, robob2b.ru, веб-поиск";
7d5a76d2-7bf3-4a40-b6f7-64590d4d9273;AMR 1500 (МОРОС);lift_time_s;не найдено;;;;;2026-09-24;"время подъема не публикуется; искал: морос.рф (карточки AMR100/800/1500, новости, СУМР, VMS, BMS), презентация ФЦ БАС ""Складские мобильные роботы"" (март 2026), prommoscow.info, kiit.ru, robob2b.ru, веб-поиск";
7d5a76d2-7bf3-4a40-b6f7-64590d4d9273;AMR 1500 (МОРОС);battery_capacity;не найдено;;;;;2026-09-24;"емкость и напряжение батареи не публикуются; искал: морос.рф (карточки AMR100/800/1500, новости, СУМР, VMS, BMS), презентация ФЦ БАС ""Складские мобильные роботы"" (март 2026), prommoscow.info, kiit.ru, robob2b.ru, веб-поиск";
7d5a76d2-7bf3-4a40-b6f7-64590d4d9273;AMR 1500 (МОРОС);power_kw;не найдено;;;;;2026-09-24;"потребляемая мощность не публикуется; искал: морос.рф (карточки AMR100/800/1500, новости, СУМР, VMS, BMS), презентация ФЦ БАС ""Складские мобильные роботы"" (март 2026), prommoscow.info, kiit.ru, robob2b.ru, веб-поиск";
7d5a76d2-7bf3-4a40-b6f7-64590d4d9273;AMR 1500 (МОРОС);battery_price_rub;не найдено;;;;;2026-09-24;"цена замены батареи не публикуется; искал: морос.рф (карточки AMR100/800/1500, новости, СУМР, VMS, BMS), презентация ФЦ БАС ""Складские мобильные роботы"" (март 2026), prommoscow.info, kiit.ru, robob2b.ru, веб-поиск";
7d5a76d2-7bf3-4a40-b6f7-64590d4d9273;AMR 1500 (МОРОС);battery_life;не найдено;;;;;2026-09-24;"ресурс батареи не публикуется; искал: морос.рф (карточки AMR100/800/1500, новости, СУМР, VMS, BMS), презентация ФЦ БАС ""Складские мобильные роботы"" (март 2026), prommoscow.info, kiit.ru, robob2b.ru, веб-поиск";
7d5a76d2-7bf3-4a40-b6f7-64590d4d9273;AMR 1500 (МОРОС);charger_price_rub;не найдено;;;;;2026-09-24;"док-станция упомянута, цена и число роботов на станцию не публикуются; искал: морос.рф (карточки AMR100/800/1500, новости, СУМР, VMS, BMS), презентация ФЦ БАС ""Складские мобильные роботы"" (март 2026), prommoscow.info, kiit.ru, robob2b.ru, веб-поиск";
7d5a76d2-7bf3-4a40-b6f7-64590d4d9273;AMR 1500 (МОРОС);software_rub;не найдено;;;;;2026-09-24;"СУМР (своя система управления) описана без цены; искал: морос.рф (карточки AMR100/800/1500, новости, СУМР, VMS, BMS), презентация ФЦ БАС ""Складские мобильные роботы"" (март 2026), prommoscow.info, kiit.ru, robob2b.ru, веб-поиск";
7d5a76d2-7bf3-4a40-b6f7-64590d4d9273;AMR 1500 (МОРОС);license_rub_year;не найдено;;;;;2026-09-24;"подписка на ПО не упоминается; искал: морос.рф (карточки AMR100/800/1500, новости, СУМР, VMS, BMS), презентация ФЦ БАС ""Складские мобильные роботы"" (март 2026), prommoscow.info, kiit.ru, robob2b.ru, веб-поиск";
7d5a76d2-7bf3-4a40-b6f7-64590d4d9273;AMR 1500 (МОРОС);maintenance;не найдено;;;;;2026-09-24;"стоимость сервиса не публикуется; искал: морос.рф (карточки AMR100/800/1500, новости, СУМР, VMS, BMS), презентация ФЦ БАС ""Складские мобильные роботы"" (март 2026), prommoscow.info, kiit.ru, robob2b.ru, веб-поиск";
7d5a76d2-7bf3-4a40-b6f7-64590d4d9273;AMR 1500 (МОРОС);warranty_months;не найдено;;;;;2026-09-24;"гарантия не публикуется; искал: морос.рф (карточки AMR100/800/1500, новости, СУМР, VMS, BMS), презентация ФЦ БАС ""Складские мобильные роботы"" (март 2026), prommoscow.info, kiit.ru, robob2b.ru, веб-поиск";
7d5a76d2-7bf3-4a40-b6f7-64590d4d9273;AMR 1500 (МОРОС);service_life_years;не найдено;;;;;2026-09-24;"срок службы не публикуется; искал: морос.рф (карточки AMR100/800/1500, новости, СУМР, VMS, BMS), презентация ФЦ БАС ""Складские мобильные роботы"" (март 2026), prommoscow.info, kiit.ru, robob2b.ru, веб-поиск";
2ffc706d-fe43-4c2b-baad-a624a95ad3ce;Робот-штабелёр RoboCV;battery;Li-Ion или Pb (свинцово-кислотная);;https://robocv.ru/robot-shtabelyor;производитель;Источник питания: АКБ Li-Ion / Pb;2026-09-24;емкость (В, А*ч) на странице не указана;да
2ffc706d-fe43-4c2b-baad-a624a95ad3ce;Робот-штабелёр RoboCV;charging_infrastructure;замена или подзарядка АКБ;;https://robocv.ru/robot-shtabelyor;производитель;Способ заряда АКБ: замена / подзарядка;2026-09-24;;да
2ffc706d-fe43-4c2b-baad-a624a95ad3ce;Робот-штабелёр RoboCV;price_rub;60 000;EUR;https://sk.ru/news/sergey-malcev-kak-rossiyskie-robotyavtopiloty-zahvatyvayut-evropeyskiy-rynok/;СМИ;Один погрузчик в полной комплектации — €60 000;2026-09-24;"интервью С. Мальцева 16.08.2017; погрузчик RoboCV того времени (подъем до 4 м), не нынешний штабелер 7 м; без курса и НДС";устарело
2ffc706d-fe43-4c2b-baad-a624a95ad3ce;Робот-штабелёр RoboCV;price_rub;60 000;EUR;https://robotrends.ru/robopedia/robocv-x-motion-ng;СМИ;Стоимость решения - порядка 60 тыс.евро;2026-09-24;"аналог: RoboCV X-Motion NG (предыдущая модель, подъем до 4 м); западные аналоги там же ~100 тыс. евро";аналог
2ffc706d-fe43-4c2b-baad-a624a95ad3ce;Робот-штабелёр RoboCV;price_rub;40 000–60 000;EUR;https://sk.ru/news/skladskie-roboty-vmesto-lunohoda/;СМИ;Один робот RoboCV стоит 40-60 тыс. евро, в зависимости от комплектации.;2026-09-24;"статья 16.09.2019; диапазон на всю линейку (тягач и погрузчик)";устарело
2ffc706d-fe43-4c2b-baad-a624a95ad3ce;Робот-штабелёр RoboCV;throughput;30 (средняя), до 40;паллет/ч;https://robotrends.ru/robopedia/robocv-x-motion-ng;СМИ;"производительность одного робота до 40 паллет в час; Средняя производительность робота: 30 паллет/ч";2026-09-24;"аналог: RoboCV X-Motion NG (предыдущая модель того же производителя, подъем до 4 м); для штабелера 7 м производительность не найдена";аналог
2ffc706d-fe43-4c2b-baad-a624a95ad3ce;Робот-штабелёр RoboCV;avg_speed_m_s;1.5;м/с;https://sk.ru/news/skladskie-roboty-vmesto-lunohoda/;СМИ;скорость движения роботов в коллаборативной системе невысока (до 1,5 м/с);2026-09-24;"2019; скорость при работе рядом с людьми, не паспортная максимальная (2 м/с)";устарело
2ffc706d-fe43-4c2b-baad-a624a95ad3ce;Робот-штабелёр RoboCV;runtime_h;"одна смена (Pb); 22 ч работы + 2 ч зарядки (Li-ion, план)";ч;https://sk.ru/news/sergey-malcev-kak-rossiyskie-robotyavtopiloty-zahvatyvayut-evropeyskiy-rynok/;СМИ;Сейчас заряд роботов рассчитан на одну рабочую смену ... роботы могут работать 22 часа, и 2 часа заряжаться;2026-09-24;"2017; 22/2 ч описано как прорабатываемый вариант с Li-ion, не паспорт";устарело
2ffc706d-fe43-4c2b-baad-a624a95ad3ce;Робот-штабелёр RoboCV;charge_time_h;2;ч;https://sk.ru/news/sergey-malcev-kak-rossiyskie-robotyavtopiloty-zahvatyvayut-evropeyskiy-rynok/;СМИ;роботы могут работать 22 часа, и 2 часа заряжаться;2026-09-24;"2017; для варианта с Li-ion батареей, который тогда прорабатывался";устарело
2ffc706d-fe43-4c2b-baad-a624a95ad3ce;Робот-штабелёр RoboCV;payback;2–3 года при круглосуточной работе;;https://sk.ru/news/skladskie-roboty-vmesto-lunohoda/;СМИ;Окупаемость в два-три года обеспечивается при круглосуточной работе завода.;2026-09-24;"2019; в 2017 (sk.ru) «в среднем 2 года»; на robotrends для X-Motion NG «Срок окупаемости: 3-4 года»";
2ffc706d-fe43-4c2b-baad-a624a95ad3ce;Робот-штабелёр RoboCV;lift_height_mm;4500;мм;https://sk.ru/news/skladskie-roboty-vmesto-lunohoda/;СМИ;сейчас они поднимаются только на 4,5 метра;2026-09-24;"2019, до появления штабелера 7 м; в каталоге и на сайте сейчас 7000 мм";устарело
2ffc706d-fe43-4c2b-baad-a624a95ad3ce;Робот-штабелёр RoboCV;raas_fee_rub_month;не найдено;;;;;2026-09-24;"искал robocv.ru (главная, лизинг, портфолио Knauf, ЯЗН, VW, Samsung), sk.ru, robotrends, tadviser (404), business-gazeta; есть только лизинг через УЛЬТРА-ЛИЗИНГ без условий";
2ffc706d-fe43-4c2b-baad-a624a95ad3ce;Робот-штабелёр RoboCV;raas_contract_months;не найдено;;;;;2026-09-24;страница лизинга robocv.ru (22.11.2021) без срока и платежа;
2ffc706d-fe43-4c2b-baad-a624a95ad3ce;Робот-штабелёр RoboCV;dimensions_mm;2100×1100×3000;мм (Д×Ш×В);https://robo-ts.pro/robot-shtabeler/;интегратор;2100 х 1100 х 3000 мм;2026-09-24;"РОБО-ТС (ООО «РТС», Сколково) дает те же габариты, массу 1200 кг и 1400 кг, что RoboCV: похоже на тот же робот; связь компаний на сайте не указана";
2ffc706d-fe43-4c2b-baad-a624a95ad3ce;Робот-штабелёр RoboCV;min_aisle_width_mm;1800;мм;https://robo-ts.pro/robot-shtabeler/;интегратор;1800 мм;2026-09-24;"расходится с robocv.ru (2900 мм «для разворота»); у РОБО-ТС, вероятно, проезд по прямой; там же скорость «1,67 км/ч» (сомнительно, у RoboCV 2 м/с)";
2ffc706d-fe43-4c2b-baad-a624a95ad3ce;Робот-штабелёр RoboCV;battery_price_rub;не найдено;;;;;2026-09-24;нигде не публикуется;
2ffc706d-fe43-4c2b-baad-a624a95ad3ce;Робот-штабелёр RoboCV;service;не найдено;;;;;2026-09-24;гарантия, стоимость сервиса, срок службы на robocv.ru и в СМИ не найдены;
b4a9ef38-b68a-4c0f-8512-9bc9a718c4e1;Робот-тягач RoboCV;battery;Li-Ion или Pb (свинцово-кислотная);;https://robocv.ru/robot-tyagach/;производитель;Источник питания: АКБ Li-Ion / Pb;2026-09-24;емкость не указана;да
b4a9ef38-b68a-4c0f-8512-9bc9a718c4e1;Робот-тягач RoboCV;charging_infrastructure;замена или подзарядка АКБ;;https://robocv.ru/robot-tyagach/;производитель;Способ заряда АКБ: замена / подзарядка;2026-09-24;;да
b4a9ef38-b68a-4c0f-8512-9bc9a718c4e1;Робот-тягач RoboCV;price_rub;40 000;EUR;https://sk.ru/news/sergey-malcev-kak-rossiyskie-robotyavtopiloty-zahvatyvayut-evropeyskiy-rynok/;СМИ;Тягач стоит дешевле — €40 000;2026-09-24;"16.08.2017; без курса и НДС";устарело
b4a9ef38-b68a-4c0f-8512-9bc9a718c4e1;Робот-тягач RoboCV;runtime_h;"одна смена (Pb); 22 ч работы + 2 ч зарядки (Li-ion, план)";ч;https://sk.ru/news/sergey-malcev-kak-rossiyskie-robotyavtopiloty-zahvatyvayut-evropeyskiy-rynok/;СМИ;Сейчас заряд роботов рассчитан на одну рабочую смену ... роботы могут работать 22 часа, и 2 часа заряжаться;2026-09-24;2017, общее для роботов RoboCV;устарело
b4a9ef38-b68a-4c0f-8512-9bc9a718c4e1;Робот-тягач RoboCV;charge_time_h;2;ч;https://sk.ru/news/sergey-malcev-kak-rossiyskie-robotyavtopiloty-zahvatyvayut-evropeyskiy-rynok/;СМИ;роботы могут работать 22 часа, и 2 часа заряжаться;2026-09-24;"2017; вариант с Li-ion";устарело
b4a9ef38-b68a-4c0f-8512-9bc9a718c4e1;Робот-тягач RoboCV;case_reference;"33 робота-тягача на заводе Volkswagen Group Rus (Калуга), 2019–2020; маршруты до нескольких км";;https://robocv.ru/portfolio/volkswagen;эксплуатант;33 робота-тягача обеспечивают надежную, своевременную и безопасную транспортировку;2026-09-24;"кейс на сайте производителя; рейсов/ч и массы тележек нет; также Samsung Калуга с 2014 (robocv.ru/portfolio/samsung) без чисел";
b4a9ef38-b68a-4c0f-8512-9bc9a718c4e1;Робот-тягач RoboCV;raas_fee_rub_month;не найдено;;;;;2026-09-24;как у штабелера: только упоминание лизинга;
b4a9ef38-b68a-4c0f-8512-9bc9a718c4e1;Робот-тягач RoboCV;payback;2 года;;https://sk.ru/news/sergey-malcev-kak-rossiyskie-robotyavtopiloty-zahvatyvayut-evropeyskiy-rynok/;СМИ;по нашим расчетам, на то, чтобы замена окупилась нужно в среднем 2 года;2026-09-24;2017, оценка производителя в интервью, общая для роботов;устарело
993d980e-8b91-45e0-9c98-50ffab6e11e4;Сёмабот;payload_kg;до 2000 (линейка);кг;https://www1.ru/news/2025/06/11/gruzovik-semabot-i-dron-snegir-2-mobilnyi-robot-i-novyi-bespilotnik-predstaviat-na-vystavke-i.html;СМИ;грузов весом до 2 тонн;2026-09-24;"11.06.2025, анонс Иннопрома; характеристики модели 1500 кг не опубликованы";
993d980e-8b91-45e0-9c98-50ffab6e11e4;Сёмабот;models;"на сайте три карточки: 50 кг; 400/1000/1500 кг (одна платформа); 2000 кг";;https://semargl.pro/equipment/agv-roboty-syemabot/;производитель;Мобильный робот Сёмабот 400/1000/1500кг;2026-09-24;"модель 1500 кг идет в одной карточке с 400 и 1000 кг; отдельного паспорта и таблицы характеристик нет";да
993d980e-8b91-45e0-9c98-50ffab6e11e4;Сёмабот;max_speed_m_s;1.5 (с грузом), 1.8 (без груза);м/с;https://absolutegauge.com/product/q7-1500ce-d-hi-latent-mobile-robot/;интегратор;1800 mm/s empty and 1500 mm/s loaded speeds;2026-09-24;аналог: Hikrobot Q7-1500CE-D (подъемная платформа, 1500 кг, навигация по 2D-кодам, как у Сёмабота);аналог
993d980e-8b91-45e0-9c98-50ffab6e11e4;Сёмабот;dimensions_mm;1180×860×265;мм (Д×Ш×В);https://absolutegauge.com/product/q7-1500ce-d-hi-latent-mobile-robot/;интегратор;1180 × 265 × 860 mm;2026-09-24;"аналог: Hikrobot Q7-1500CE-D; масса 277 кг, диаметр разворота 1265 мм";аналог
993d980e-8b91-45e0-9c98-50ffab6e11e4;Сёмабот;battery;LiFePO4 48 В;;https://absolutegauge.com/product/q7-1500ce-d-hi-latent-mobile-robot/;интегратор;48 V LiFePO4 battery with 6 to 8 hours runtime;2026-09-24;"аналог: Hikrobot Q7-1500CE-D; емкость в А*ч не указана";аналог
993d980e-8b91-45e0-9c98-50ffab6e11e4;Сёмабот;runtime_h;6–8;ч;https://absolutegauge.com/product/q7-1500ce-d-hi-latent-mobile-robot/;интегратор;48 V LiFePO4 battery with 6 to 8 hours runtime;2026-09-24;"аналог: Hikrobot Q7-1500CE-D; у самого Сёмабота в СМИ «до 12 часов»";аналог
993d980e-8b91-45e0-9c98-50ffab6e11e4;Сёмабот;charge_time_h;1.5;ч;https://absolutegauge.com/product/q7-1500ce-d-hi-latent-mobile-robot/;интегратор;≤ 1.5 hour recharge;2026-09-24;аналог: Hikrobot Q7-1500CE-D, не более 1,5 ч;аналог
993d980e-8b91-45e0-9c98-50ffab6e11e4;Сёмабот;max_speed_m_s;1.5;м/с;https://ronavi-robotics.ru/catalogue/h1500;производитель;Максимальная скорость передвижения;2026-09-24;"аналог: Ronavi H1500 (российский робот того же типа, 1500 кг, QR+SLAM); габариты 1044×654×380, автономность 10 ч, зарядка ~0,3 ч уже есть в sources.csv у Ronavi";аналог
19a68304-56f7-432f-afd8-b97b2b8466ba;Беспилотный погрузчик (МФТИ);base_vehicle;готовый импортный робот-транспортировщик паллет (самоходная тележка), модель не названа;;https://monocle.ru/2026/02/26/bespilotnyye-pogruzchiki-berut-dannyye-s-potolka/;СМИ;использование готового робота-транспортировщика паллет ... может быть использован на различных моделях тележек;2026-09-24;"26.02.2026; по сути комплект автопилота на серийную паллетную тележку, а не погрузчик с мачтой; оборудование на объекте импортное";
19a68304-56f7-432f-afd8-b97b2b8466ba;Беспилотный погрузчик (МФТИ);runtime_h;12;ч;https://vestinn.ru/news/vesti/256654/;СМИ;Готов работать по 12 часов в день - без обеда.;2026-09-24;"репортаж «Вести Приволжье» со склада «Нижбел»; режим работы, не паспортная автономность";
19a68304-56f7-432f-afd8-b97b2b8466ba;Беспилотный погрузчик (МФТИ);throughput;около 2500 паллет в месяц на робота;;https://monocle.ru/2026/02/26/bespilotnyye-pogruzchiki-berut-dannyye-s-potolka/;СМИ;менее чем за месяц работы на складе «Нижбел», роботы-автоматы перевезли около 5000 паллет с грузами.;2026-09-24;"около 5000 паллет менее чем за месяц на 2 робота; грубо ≈ 2500 паллет в месяц на робота; часов работы и длины маршрута нет, паллет/ч вывести нельзя";
19a68304-56f7-432f-afd8-b97b2b8466ba;Беспилотный погрузчик (МФТИ);case_reference;"2 робота на складе «Нижбел» (Нижний Новгород), внедрение 3 месяца; пилоты ВкусВилл, X5, СберЛогистика";;https://monocle.ru/2026/02/26/bespilotnyye-pogruzchiki-berut-dannyye-s-potolka/;эксплуатант;В производство внедрено два беспилотных погрузчика;2026-09-24;первый коммерческий заказчик;
19a68304-56f7-432f-afd8-b97b2b8466ba;Беспилотный погрузчик (МФТИ);payback;около 1 года;;https://monocle.ru/2026/02/26/bespilotnyye-pogruzchiki-berut-dannyye-s-potolka/;СМИ;роботы окупятся примерно за год.;2026-09-24;оценка разработчика при стабильном Wi-Fi и правильной организации процессов;
19a68304-56f7-432f-afd8-b97b2b8466ba;Беспилотный погрузчик (МФТИ);max_speed_m_s;1.19 (с грузом), 1.33 (без груза);м/с;https://smartlift.ru/product/samohodnaya_telezhka_smartlift_cbd20w_e_li_ion/;производитель;4,3 / 4,8 км/ч (с грузом/без груза);2026-09-24;аналог: самоходная тележка SMARTLIFT CBD20W-E 2000 кг (базовая модель МФТИ не названа, взят типовой класс 2 т);аналог
19a68304-56f7-432f-afd8-b97b2b8466ba;Беспилотный погрузчик (МФТИ);battery;Li-ion 24 В / 50 А*ч (≈1,2 кВт*ч);;https://smartlift.ru/product/samohodnaya_telezhka_smartlift_cbd20w_e_li_ion/;производитель;Li-ion 24В / 50Ач;2026-09-24;"аналог: SMARTLIFT CBD20W-E; мотор хода 0,65 кВт; для 12 ч работы робота такой емкости вряд ли хватит, у тележек 2 т бывают 150–400 А*ч";аналог
19a68304-56f7-432f-afd8-b97b2b8466ba;Беспилотный погрузчик (МФТИ);dimensions_mm;1654×550;мм (Д×Ш);https://smartlift.ru/product/samohodnaya_telezhka_smartlift_cbd20w_e_li_ion/;производитель;Длина 1654 мм, ширина 550 мм;2026-09-24;"аналог: SMARTLIFT CBD20W-E без датчиков и камер робота; ширина рабочего коридора (AST) 2128 мм";аналог
19a68304-56f7-432f-afd8-b97b2b8466ba;Беспилотный погрузчик (МФТИ);price_rub;в разы дешевле мировых аналогов (цифры нет);;https://www.cnews.ru/news/line/2026-01-12_deshevo_i_bezopasno_uchenye;СМИ;в разы дешевле мировых аналогов;2026-09-24;цена комплекта не опубликована;
ecd7d582-b342-449a-b43b-66288d159a32;SM Robotics MULE;runtime_h;6;ч;https://robob2b.ru/catalog/mobilnye-roboty/transportnyy-robot-dlya-peremeshcheniya-pallet-seer-sfl-cbd15-ce/;интегратор;Время работы на одном заряде, час.: 6;2026-09-24;аналог: SEER SFL-CBD15-CE (вилочный робот-палетоперевозчик 1500 кг, 1,4 м/с);аналог
ecd7d582-b342-449a-b43b-66288d159a32;SM Robotics MULE;charge_time_h;1;ч;https://robob2b.ru/catalog/mobilnye-roboty/transportnyy-robot-dlya-peremeshcheniya-pallet-seer-sfl-cbd15-ce/;интегратор;Время заряда батареи, час.: 1;2026-09-24;аналог: SEER SFL-CBD15-CE;аналог
ecd7d582-b342-449a-b43b-66288d159a32;SM Robotics MULE;battery;48 В / 46 А*ч (≈2,2 кВт*ч);;https://robob2b.ru/catalog/mobilnye-roboty/transportnyy-robot-dlya-peremeshcheniya-pallet-seer-sfl-cbd15-ce/;интегратор;"Подключение, В: 48; Ёмкость батареи, мА·ч: 46000";2026-09-24;аналог: SEER SFL-CBD15-CE;аналог
ecd7d582-b342-449a-b43b-66288d159a32;SM Robotics MULE;dimensions_mm;1685×980×1906;мм (Д×Ш×В);https://robob2b.ru/catalog/mobilnye-roboty/transportnyy-robot-dlya-peremeshcheniya-pallet-seer-sfl-cbd15-ce/;интегратор;Габариты (ДxШxВ), мм: 1685x980x1906;2026-09-24;"аналог: SEER SFL-CBD15-CE; масса 403 кг, подъем вил 205 мм";аналог
ecd7d582-b342-449a-b43b-66288d159a32;SM Robotics MULE;min_aisle_width_mm;2220;мм;https://robob2b.ru/catalog/mobilnye-roboty/transportnyy-robot-dlya-peremeshcheniya-pallet-seer-sfl-cbd15-ce/;интегратор;Минимальная ширина проезда, мм: 2220;2026-09-24;"аналог: SEER SFL-CBD15-CE; диаметр разворота 1532 мм";аналог
ecd7d582-b342-449a-b43b-66288d159a32;SM Robotics MULE;raas_fee_rub_month;не найдено;;;;;2026-09-24;"sm-robotics.ru: модель «все включено» (аренда, внедрение, сервис, замена робота, 24/7), сумм и срока нет; других страниц и СМИ о MULE не найдено";
5760e938-9a43-45a7-b8e8-f4f2e6383930;Ronavi H1500;price_rub;2 160 000 – 2 700 000;₽;https://ronavi-robotics.ru/catalogue/h1500;производитель;Стоимость (2 160 000 — 2 700 000 ₽) зависит от дополнительного оборудования;2026-09-24;"нижняя граница при покупке от 100 шт.; цена организатора 2 700 000 = верхняя граница диапазона";да
5760e938-9a43-45a7-b8e8-f4f2e6383930;Ronavi H1500;price_rub;от 2 700 000;₽;https://stellmart.ru/logisticheskie-roboty/ronavi-h1500/;интегратор;Цена от: 2 700 000 руб.;2026-09-24;"дилер Stellmart; совпадает с ценой организатора";
5760e938-9a43-45a7-b8e8-f4f2e6383930;Ronavi H1500;price_rub;2 000 000 – 3 000 000;₽;https://ronavi-robotics.ru/media/tpost/l8s0fty3m1-kak-schitat-stoimost-vladeniya-tco-logis;производитель;Робот Ronavi H1500 стоит около 2-3 млн рублей при покупке с учетом зарядных станций и прочей инфраструктуры.;2026-09-24;"пример в блоге производителя; с зарядными станциями и инфраструктурой";
5760e938-9a43-45a7-b8e8-f4f2e6383930;Ronavi H1500;raas_fee_rub_month;от 100 000;₽/мес за робота;https://web.archive.org/web/20200624031548/https://www.rusnano.com/about/press-centre/news/20190927-fiop-ronavi-robotics-zaklyuchila-bolee-10-soglasheniy-o-podpiske-na-logisticheskikh-robotov;СМИ;Стоимость «подписки» на роботизацию склада — от 100 тысяч рублей в месяц за одного автономного мобильного робота (AMR).;2026-09-24;"пресс-релиз РОСНАНО 27.09.2019, оригинал удален, копия web.archive; в подписку входили интеграция в ERP и круглосуточный сервис; цена 2019 г.";устарело
5760e938-9a43-45a7-b8e8-f4f2e6383930;Ronavi H1500;raas_pilot;400 000 ₽ за 2 месяца на 2 робота;;https://web.archive.org/web/20200624031548/https://www.rusnano.com/about/press-centre/news/20190927-fiop-ronavi-robotics-zaklyuchila-bolee-10-soglasheniy-o-podpiske-na-logisticheskikh-robotov;СМИ;Пилотный двухмесячный проект на 2 робота стоит 400 тысяч рублей.;2026-09-24;"= 100 тыс. ₽ за робота в месяц; 2019 г.";устарело
5760e938-9a43-45a7-b8e8-f4f2e6383930;Ronavi H1500;raas_fee_rub_month;150 000;₽/мес за робота;https://ronavi-robotics.ru/media/tpost/l8s0fty3m1-kak-schitat-stoimost-vladeniya-tco-logis;производитель;Аренда 5 роботов на 3 месяца пиков — по 150 тыс. руб. в месяц = 2,25 млн рублей.;2026-09-24;"условный пример расчета TCO в блоге производителя; модель в этом абзаце прямо не названа, соседние примеры про H1500";
5760e938-9a43-45a7-b8e8-f4f2e6383930;Ronavi H1500;ppu_rate_rub;1200;₽ за операцию или час работы;https://ronavi-robotics.ru/media/tpost/l8s0fty3m1-kak-schitat-stoimost-vladeniya-tco-logis;производитель;При pay-per-use ставка составляет примерно 1200 рублей за операцию или час работы.;2026-09-24;пример расчета для H1500 в блоге производителя;
5760e938-9a43-45a7-b8e8-f4f2e6383930;Ronavi H1500;leasing_rub_month;200 000;₽/мес за робота;https://ronavi-robotics.ru/media/tpost/l8s0fty3m1-kak-schitat-stoimost-vladeniya-tco-logis;производитель;Лизинговые платежи — примерно 200 тыс. рублей в месяц с опцией выкупа.;2026-09-24;пример расчета в блоге производителя;
5760e938-9a43-45a7-b8e8-f4f2e6383930;Ronavi H1500;raas_contract_months;"от 2 (аренда); ~30 (оплата за действие)";мес;https://ronavi-robotics.ru/pricing;производитель;"Минимальный срок;—;2 месяца;~30 месяцев";2026-09-24;"страница тарифов общая для всех роботов Ronavi; цен на ней нет";да
5760e938-9a43-45a7-b8e8-f4f2e6383930;Ronavi H1500;raas_includes;"аренда: обновления ПО и ТО; оплата за действие: зарядные станции, ТО, техподдержка ПО; в обоих случаях инсталляционный платеж на старте";;https://ronavi-robotics.ru/pricing;производитель;Обновления ПО и техническое обслуживание входят в стоимость аренды;2026-09-24;"общая для всех моделей; при аренде возможен выкуп по остаточной стоимости; при оплате за действие роботы на балансе Ronavi";да
5760e938-9a43-45a7-b8e8-f4f2e6383930;Ronavi H1500;maintenance;~10% стоимости в год (~300 тыс. ₽);;https://ronavi-robotics.ru/media/tpost/l8s0fty3m1-kak-schitat-stoimost-vladeniya-tco-logis;производитель;Обслуживание и поддержка — около 10% от стоимости в год (~300 тыс. руб.).;2026-09-24;пример расчета в блоге производителя;
5760e938-9a43-45a7-b8e8-f4f2e6383930;Ronavi H1500;warranty_months;12;мес;https://ronavi-robotics.ru/catalogue/h1500;производитель;"Гарантия;1 год";2026-09-24;;да
5760e938-9a43-45a7-b8e8-f4f2e6383930;Ronavi H1500;service_life_years;10;лет;https://logistics.ru/skladirovanie/skladskie-roboty-ronavi;СМИ;За десятилетний срок эксплуатации в роботе надо будет два раза поменять аккумуляторы и один раз колеса.;2026-09-24;старая статья (около 2019 г.);
5760e938-9a43-45a7-b8e8-f4f2e6383930;Ronavi H1500;battery_life;2 замены АКБ за 10 лет;;https://logistics.ru/skladirovanie/skladskie-roboty-ronavi;СМИ;За десятилетний срок эксплуатации в роботе надо будет два раза поменять аккумуляторы;2026-09-24;"около 3,3 года на батарею; около 2019 г.";
5760e938-9a43-45a7-b8e8-f4f2e6383930;Ronavi H1500;battery_life;2000;циклов;https://robob2b.ru/upload/iblock/2f5/ik7heolyu7ny1sqhromm4vxemfwe3632.pdf;производитель;Ресурс батарей по циклам «заряд/разряд» циклов 2000, не менее;2026-09-24;"паспорт производителя (PDF) на площадке интегратора robob2b; дата редакции не указана, с текущей карточкой на сайте расходится";
5760e938-9a43-45a7-b8e8-f4f2e6383930;Ronavi H1500;battery;"60 000 мА·ч; 31,5…54 В";;https://robob2b.ru/upload/iblock/2f5/ik7heolyu7ny1sqhromm4vxemfwe3632.pdf;производитель;Ёмкость аккумуляторной батареи мАч 60000 Напряжение питания В 31,5…54;2026-09-24;"около 2,9 кВт·ч при номинале ~48 В (расчет); паспорт производителя (PDF) на площадке интегратора robob2b; дата редакции не указана, с текущей карточкой на сайте расходится";
5760e938-9a43-45a7-b8e8-f4f2e6383930;Ronavi H1500;battery;43 А·ч;;https://strategyjournal.ru/innovatsii/ronavi-robotics/;СМИ;Платформа оснащена батареей емкостью 43 А/ч;2026-09-24;"расходится с паспортом (60 А·ч) на 28%; вероятно, раннее исполнение";
5760e938-9a43-45a7-b8e8-f4f2e6383930;Ronavi H1500;power_kw;~0,72 (расчет);кВт;https://robob2b.ru/upload/iblock/2f5/ik7heolyu7ny1sqhromm4vxemfwe3632.pdf;производитель;Ёмкость аккумуляторной батареи мАч 60000 ... Время работы на одном заряде АКБ мин 240, не менее;2026-09-24;"мощность не опубликована; расчет: 60 А·ч × 48 В = 2,9 кВт·ч за 4 ч, верхняя оценка средней; номинал 48 В взят по зарядке 54 В и паспорту H2000";
5760e938-9a43-45a7-b8e8-f4f2e6383930;Ronavi H1500;runtime_h;4;ч;https://robob2b.ru/upload/iblock/2f5/ik7heolyu7ny1sqhromm4vxemfwe3632.pdf;производитель;Время работы на одном заряде АКБ мин 240, не менее;2026-09-24;"не менее 240 мин; на сайте сейчас до 10 ч, но с оговоркой «c 80% до 20%»; паспорт производителя (PDF) на площадке интегратора robob2b; дата редакции не указана, с текущей карточкой на сайте расходится";
5760e938-9a43-45a7-b8e8-f4f2e6383930;Ronavi H1500;runtime_condition;до 10 ч при разряде с 80% до 20%;;https://ronavi-robotics.ru/catalogue/h1500;производитель;"Время автономной работы (c 80% до 20%);до 10 часов";2026-09-24;10 ч на окно 60% емкости, это не полный цикл;да
5760e938-9a43-45a7-b8e8-f4f2e6383930;Ronavi H1500;charge_time_h;1.33;ч;https://robob2b.ru/upload/iblock/2f5/ik7heolyu7ny1sqhromm4vxemfwe3632.pdf;производитель;Время заряда батареи мин 80, не более;2026-09-24;"80 мин полный заряд; быстрый заряд ~18 мин отдельно; паспорт производителя (PDF) на площадке интегратора robob2b; дата редакции не указана, с текущей карточкой на сайте расходится";
5760e938-9a43-45a7-b8e8-f4f2e6383930;Ronavi H1500;charge_time_h;0.3;ч;https://ronavi-robotics.ru/media/kak-rabotaet-robotizirovannaya-zona-na-sklade-vostok-servis;производитель;поддержка быстрой подзарядки (Quick Charge ~18 минут);2026-09-24;"быстрый заряд; разбор кейса в блоге производителя";
5760e938-9a43-45a7-b8e8-f4f2e6383930;Ronavi H1500;charge_time_h;"0.67 (обычная); 0.3 (быстрая)";ч;https://strategyjournal.ru/innovatsii/ronavi-robotics/;СМИ;После этого робот должен подзаряжаться в течение 40 минут. Однако есть и функция быстрой зарядки — 18 минут.;2026-09-24;;
5760e938-9a43-45a7-b8e8-f4f2e6383930;Ronavi H1500;charge_duty;5 мин зарядки = 1 ч работы;;https://robotrends.ru/robopedia/ronavi-h1500;СМИ;5-минутная зарядка обеспечивает 1 час работы.;2026-09-24;;
5760e938-9a43-45a7-b8e8-f4f2e6383930;Ronavi H1500;max_speed_m_s;1.3;м/с;https://robob2b.ru/upload/iblock/2f5/ik7heolyu7ny1sqhromm4vxemfwe3632.pdf;производитель;Скорость перемещения км/ч 4,68;2026-09-24;"4,68 км/ч = 1,3 м/с; на сайте 1,5 м/с (расхождение 15%); паспорт производителя (PDF) на площадке интегратора robob2b; дата редакции не указана, с текущей карточкой на сайте расходится";
5760e938-9a43-45a7-b8e8-f4f2e6383930;Ronavi H1500;max_speed_m_s;1.3;м/с;https://ronavi-robotics.ru/media/kak-rabotaet-robotizirovannaya-zona-na-sklade-vostok-servis;производитель;Максимальная паспортная скорость робота — до 1,3 м/с;2026-09-24;разбор кейса «Восток-Сервис» в блоге производителя;
5760e938-9a43-45a7-b8e8-f4f2e6383930;Ronavi H1500;max_speed_m_s;1.3;м/с;https://robob2b.ru/catalog/mobilnye-roboty/logisticheskiy-amr-robot-ronavi-h1500/;интегратор;Максимальная скорость движения, м/c 1,3;2026-09-24;;
5760e938-9a43-45a7-b8e8-f4f2e6383930;Ronavi H1500;avg_speed_m_s;1;м/с;https://ronavi-robotics.ru/media/tpost/3fhram4mk1-skolko-stoyat-logisticheskie-roboti;производитель;Средняя скорость робота: 1 м/с.;2026-09-24;"пример расчета числа роботов; модель в примере не названа, рядом фото H1500";
5760e938-9a43-45a7-b8e8-f4f2e6383930;Ronavi H1500;throughput;~30;циклов/ч на робота;https://ronavi-robotics.ru/media/tpost/3fhram4mk1-skolko-stoyat-logisticheskie-roboti;производитель;Длина маршрута в одну сторону: 60 м, полный цикл — 120 м → ~120 секунд.;2026-09-24;"расчет для маршрута 60 м в одну сторону при 1 м/с без подъема и ожидания; 80–100 паллет/ч у организатора, видимо, на парк или короткий маршрут";
5760e938-9a43-45a7-b8e8-f4f2e6383930;Ronavi H1500;lift_time_s;7;с;https://robob2b.ru/upload/iblock/a34/rbxhakrl7mzsarwb0sxjscpd2iwea2h1.pdf;производитель;Время подъема конусов с 7, не более;2026-09-24;"аналог: Ronavi H2000 (паспорт); для H1500 время подъема не найдено";аналог
5760e938-9a43-45a7-b8e8-f4f2e6383930;Ronavi H1500;lift_height_mm;не найдено;;https://robob2b.ru/catalog/mobilnye-roboty/logisticheskiy-amr-robot-ronavi-h1500/;интегратор;приподнимает на несколько сантиметров и безопасно перемещает между зонами склада;2026-09-24;"интегратор пишет «несколько см» без числа; точного значения нет; у H2000 по паспорту 70 мм; H1500 заезжает под стеллажи на ножках ~400 мм (блог производителя)";
5760e938-9a43-45a7-b8e8-f4f2e6383930;Ronavi H1500;lift_cycles;2 млн/год;циклов;https://robob2b.ru/upload/iblock/2f5/ik7heolyu7ny1sqhromm4vxemfwe3632.pdf;производитель;Ресурс опускания крышки циклов 2млн./год, не менее;2026-09-24;"паспорт производителя (PDF) на площадке интегратора robob2b; дата редакции не указана, с текущей карточкой на сайте расходится";
5760e938-9a43-45a7-b8e8-f4f2e6383930;Ronavi H1500;min_aisle_width_mm;790;мм;https://robob2b.ru/catalog/mobilnye-roboty/logisticheskiy-amr-robot-ronavi-h1500/;интегратор;Минимальная ширина проезда, мм 790;2026-09-24;на сайте производителя 750 мм (расхождение 5%);
5760e938-9a43-45a7-b8e8-f4f2e6383930;Ronavi H1500;charger;одна станция на 4–5 роботов, ~450 тыс. ₽;;https://ronavi-robotics.ru/media/tpost/3fhram4mk1-skolko-stoyat-logisticheskie-roboti;производитель;В среднем одна станция рассчитана на 4−5 роботов, её стоимость — около 450 тыс. рублей;2026-09-24;"блог, цены на май 2025; автостыковка; в кейсе «Восток-Сервис» станции входят в оплату за действие";
5760e938-9a43-45a7-b8e8-f4f2e6383930;Ronavi H1500;charger_power_kw;до 1,35 (расчет);кВт;https://ronavi-robotics.ru/catalogue/charger;производитель;Выходное напряжение до 54 В Выходной ток до 25 А;2026-09-24;"54 В × 25 А; при 60 А·ч и 25 А полный заряд не быстрее 2,4 ч, это не сходится с 80 мин по паспорту и 18 мин быстрой зарядки";да
5760e938-9a43-45a7-b8e8-f4f2e6383930;Ronavi H1500;software_rub;500 000 – 2 000 000;₽ на проект;https://ronavi-robotics.ru/media/tpost/l8s0fty3m1-kak-schitat-stoimost-vladeniya-tco-logis;производитель;Стоимость внедрения RMS (системы управления роботами) и интеграции обычно составляет от 500 тыс. до 2 млн рублей;2026-09-24;"разово на проект, не на робота; базовое ПО поставляется вместе с роботом (статья о стоимости роботизации)";
5760e938-9a43-45a7-b8e8-f4f2e6383930;Ronavi H1500;license_rub_year;не найдено;;;;;2026-09-24;искал: сайт производителя (каталог, тарифы, Hyper RMS), блог, robob2b, stellmart;
5760e938-9a43-45a7-b8e8-f4f2e6383930;Ronavi H1500;battery_price_rub;не найдено;₽;;;;2026-09-24;искал: сайт производителя, блог (TCO, стоимость роботизации), robob2b, stellmart, СМИ;
5760e938-9a43-45a7-b8e8-f4f2e6383930;Ronavi H1500;case_throughput;48 роботов, 1000 стеллажей, комплектация быстрее в 5 раз;;https://ronavi-robotics.ru/cases/vostok-servis-g2p;производитель;48 мобильных роботов Ronavi H1500;2026-09-24;"подач в час на робота не опубликовано; модель оплата за действие, окупаемость 6 мес";
6f3da854-41da-4363-8496-5487f37c845a;Ronavi H2000;price_rub;2 805 000 – 3 300 000;₽;https://ronavi-robotics.ru/catalogue/h2000;производитель;Стоимость (2 805 000 — 3 300 000 ₽) зависит от дополнительного оборудования;2026-09-24;цена организатора 2 640 000 ниже минимальной цены производителя на 6%;да
6f3da854-41da-4363-8496-5487f37c845a;Ronavi H2000;raas_contract_months;"от 2 (аренда); ~30 (оплата за действие)";мес;https://ronavi-robotics.ru/pricing;производитель;"Минимальный срок;—;2 месяца;~30 месяцев";2026-09-24;"страница тарифов общая для всех моделей; цен аренды нет";да
6f3da854-41da-4363-8496-5487f37c845a;Ronavi H2000;raas_fee_rub_month;не найдено;₽/мес;;;;2026-09-24;искал: ronavi-robotics.ru/pricing (цен нет), карточка H2000, robob2b, СМИ;
6f3da854-41da-4363-8496-5487f37c845a;Ronavi H2000;warranty_months;12;мес;https://ronavi-robotics.ru/catalogue/h2000;производитель;Гарантия 1 год;2026-09-24;;да
6f3da854-41da-4363-8496-5487f37c845a;Ronavi H2000;runtime_condition;до 10 ч при разряде с 80% до 20%;;https://ronavi-robotics.ru/catalogue/h2000;производитель;Время автономной работы (c 80% до 20%) до 10 часов;2026-09-24;10 ч на окно 60% емкости;да
6f3da854-41da-4363-8496-5487f37c845a;Ronavi H2000;runtime_h;4;ч;https://robob2b.ru/upload/iblock/a34/rbxhakrl7mzsarwb0sxjscpd2iwea2h1.pdf;производитель;Время работы на одном заряде АКБ мин 240, не менее;2026-09-24;"паспорт производителя (PDF) на площадке интегратора robob2b; дата редакции не указана, с текущей карточкой на сайте расходится";
6f3da854-41da-4363-8496-5487f37c845a;Ronavi H2000;runtime_h;3–5;ч;https://robob2b.ru/catalog/mobilnye-roboty/logisticheskiy-amr-robot-ronavi-h2000/;интегратор;Время работы на одном заряде, час. 3-5;2026-09-24;;
6f3da854-41da-4363-8496-5487f37c845a;Ronavi H2000;charge_time_h;1.33;ч;https://robob2b.ru/upload/iblock/a34/rbxhakrl7mzsarwb0sxjscpd2iwea2h1.pdf;производитель;Время заряда батареи мин 80, не более;2026-09-24;"паспорт производителя (PDF) на площадке интегратора robob2b; дата редакции не указана, с текущей карточкой на сайте расходится";
6f3da854-41da-4363-8496-5487f37c845a;Ronavi H2000;charge_time_h;1.3;ч;https://robob2b.ru/catalog/mobilnye-roboty/logisticheskiy-amr-robot-ronavi-h2000/;интегратор;Время заряда батареи, час. 1,3;2026-09-24;;
6f3da854-41da-4363-8496-5487f37c845a;Ronavi H2000;battery;"90 000 мА·ч; зарядка 48 В";;https://robob2b.ru/upload/iblock/a34/rbxhakrl7mzsarwb0sxjscpd2iwea2h1.pdf;производитель;Ёмкость аккумуляторной батареи мАч 90000 Напряжение питания для зарядки АКБ В 48;2026-09-24;"около 4,3 кВт·ч (расчет 90 А·ч × 48 В); паспорт производителя (PDF) на площадке интегратора robob2b; дата редакции не указана, с текущей карточкой на сайте расходится";
6f3da854-41da-4363-8496-5487f37c845a;Ronavi H2000;power_kw;~1,08 (расчет);кВт;https://robob2b.ru/upload/iblock/a34/rbxhakrl7mzsarwb0sxjscpd2iwea2h1.pdf;производитель;Ёмкость аккумуляторной батареи мАч 90000 ... Время работы на одном заряде АКБ мин 240, не менее;2026-09-24;"мощность не опубликована; 4,3 кВт·ч за 4 ч, верхняя оценка средней";
6f3da854-41da-4363-8496-5487f37c845a;Ronavi H2000;battery_life;5;лет;https://robob2b.ru/upload/iblock/a34/rbxhakrl7mzsarwb0sxjscpd2iwea2h1.pdf;производитель;Срок службы АКБ лет 5;2026-09-24;"паспорт производителя (PDF) на площадке интегратора robob2b; дата редакции не указана, с текущей карточкой на сайте расходится";
6f3da854-41da-4363-8496-5487f37c845a;Ronavi H2000;battery_life;2000;циклов;https://robob2b.ru/catalog/mobilnye-roboty/logisticheskiy-amr-robot-ronavi-h2000/;интегратор;"Ресурс батарей, циклов ""заряд/разряд"" 2000";2026-09-24;;
6f3da854-41da-4363-8496-5487f37c845a;Ronavi H2000;max_speed_m_s;0.8;м/с;https://robob2b.ru/upload/iblock/a34/rbxhakrl7mzsarwb0sxjscpd2iwea2h1.pdf;производитель;Максимальная скорость км/ч (м/с) 2,88 (0,8);2026-09-24;"на сайте 1 м/с (расхождение 25%); паспорт производителя (PDF) на площадке интегратора robob2b; дата редакции не указана, с текущей карточкой на сайте расходится";
6f3da854-41da-4363-8496-5487f37c845a;Ronavi H2000;max_speed_m_s;0.8;м/с;https://robob2b.ru/catalog/mobilnye-roboty/logisticheskiy-amr-robot-ronavi-h2000/;интегратор;Максимальная скорость движения, м/c 0,8;2026-09-24;;
6f3da854-41da-4363-8496-5487f37c845a;Ronavi H2000;lift_time_s;7;с;https://robob2b.ru/upload/iblock/a34/rbxhakrl7mzsarwb0sxjscpd2iwea2h1.pdf;производитель;Время подъема конусов с 7, не более;2026-09-24;"паспорт производителя (PDF) на площадке интегратора robob2b; дата редакции не указана, с текущей карточкой на сайте расходится";
6f3da854-41da-4363-8496-5487f37c845a;Ronavi H2000;lift_height_mm;70;мм;https://robob2b.ru/upload/iblock/a34/rbxhakrl7mzsarwb0sxjscpd2iwea2h1.pdf;производитель;Высота подъема конусов робота мм 70, не более;2026-09-24;"паспорт производителя (PDF) на площадке интегратора robob2b; дата редакции не указана, с текущей карточкой на сайте расходится";
6f3da854-41da-4363-8496-5487f37c845a;Ronavi H2000;positioning_accuracy_mm;±3;мм;https://robob2b.ru/upload/iblock/a34/rbxhakrl7mzsarwb0sxjscpd2iwea2h1.pdf;производитель;Точность позиционирования относительно маркера мм ±3, не более;2026-09-24;"паспорт производителя (PDF) на площадке интегратора robob2b; дата редакции не указана, с текущей карточкой на сайте расходится";
6f3da854-41da-4363-8496-5487f37c845a;Ronavi H2000;max_incline_deg;3;град;https://robob2b.ru/upload/iblock/a34/rbxhakrl7mzsarwb0sxjscpd2iwea2h1.pdf;производитель;Угол преодолеваемого подъема град 3, не более;2026-09-24;"паспорт производителя (PDF) на площадке интегратора robob2b; дата редакции не указана, с текущей карточкой на сайте расходится";
6f3da854-41da-4363-8496-5487f37c845a;Ronavi H2000;software_rub;500 000 – 2 000 000;₽ на проект;https://ronavi-robotics.ru/media/tpost/l8s0fty3m1-kak-schitat-stoimost-vladeniya-tco-logis;производитель;Стоимость внедрения RMS (системы управления роботами) и интеграции обычно составляет от 500 тыс. до 2 млн рублей;2026-09-24;разово на проект, общее для роботов Ronavi;
6f3da854-41da-4363-8496-5487f37c845a;Ronavi H2000;battery_price_rub;не найдено;₽;;;;2026-09-24;искал: сайт производителя, паспорт, robob2b;
dcfd9975-81eb-49b5-a422-827a720ba582;Ronavi M;robot_role;робот-тележка для G2P: подвоз мобильных стеллажей до 1200 кг к станции комплектации;;https://ronavi-robotics.ru/catalogue/m;производитель;Ronavi M — напольный логистический робот-тележка для комплектации «товар к человеку»;2026-09-24;"подтверждено, это именно транспорт мобильных стеллажей; но в опубликованных G2P-кейсах Ronavi (Восток-Сервис, Gauss) стеллажи возит H1500, а не M";да
dcfd9975-81eb-49b5-a422-827a720ba582;Ronavi M;payload_variants;300, 500, 800, 1000, 1200;кг;https://ronavi-robotics.ru/catalogue/m;производитель;Доступны конфигурации роботов с грузоподъемностью 300, 500, 800, 1000 и 1200 кг.;2026-09-24;цена и ТТХ на карточке даны для 1200 кг;да
dcfd9975-81eb-49b5-a422-827a720ba582;Ronavi M;price_rub;1 785 000 – 2 400 000;₽;https://ronavi-robotics.ru/catalogue/m;производитель;Стоимость (1 785 000 — 2 400 000 ₽) зависит от дополнительного оборудования;2026-09-24;цена организатора 2 400 000 = верхняя граница диапазона;да
dcfd9975-81eb-49b5-a422-827a720ba582;Ronavi M;price_rub;от 2 100 000;₽;https://stellmart.ru/logisticheskie-roboty/ronavi-m500/;интегратор;Цена от: 2 100 000 руб.;2026-09-24;аналог: Ronavi M500 (предыдущая модель, 500 кг), дилер Stellmart;аналог
dcfd9975-81eb-49b5-a422-827a720ba582;Ronavi M;raas_fee_rub_month;от 115 000;₽/мес за робота;https://stellmart.ru/logisticheskie-roboty/ronavi-m500/;интегратор;Есть возможность взять в аренду — от 115 000 рублей/месяц.;2026-09-24;"аналог: Ronavi M500; дилер Stellmart";аналог
dcfd9975-81eb-49b5-a422-827a720ba582;Ronavi M;raas_contract_months;"от 2 (аренда); ~30 (оплата за действие)";мес;https://ronavi-robotics.ru/pricing;производитель;"Минимальный срок;—;2 месяца;~30 месяцев";2026-09-24;"страница тарифов общая для всех моделей; для M еще пилот 1–2 робота до 3 мес (FAQ карточки)";да
dcfd9975-81eb-49b5-a422-827a720ba582;Ronavi M;warranty_months;12;мес;https://ronavi-robotics.ru/catalogue/m;производитель;Гарантия 1 год;2026-09-24;;да
dcfd9975-81eb-49b5-a422-827a720ba582;Ronavi M;runtime_condition;до 8 ч при разряде с 80% до 20%;;https://ronavi-robotics.ru/catalogue/m;производитель;Время автономной работы (c 80% до 20%) до 8 часов;2026-09-24;8 ч на окно 60% емкости;да
dcfd9975-81eb-49b5-a422-827a720ba582;Ronavi M;runtime_h;5–8;ч;https://robob2b.ru/catalog/mobilnye-roboty/logisticheskiy-amr-robot-ronavi-m/;интегратор;Время работы на одном заряде, час. 5-8;2026-09-24;емкость 24 000 мА·ч на robob2b совпадает с M500, возможно, это данные M500;
dcfd9975-81eb-49b5-a422-827a720ba582;Ronavi M;runtime_h;"5–8 (10–90%); 4–7 (20–80%)";ч;https://stellmart.ru/logisticheskie-roboty/ronavi-m500/;интегратор;"От 10% до 90%: 5-8 часов; От 20% до 80%: 4-7 часов";2026-09-24;аналог: Ronavi M500;аналог
dcfd9975-81eb-49b5-a422-827a720ba582;Ronavi M;charge_time_h;1;ч;https://robob2b.ru/catalog/mobilnye-roboty/logisticheskiy-amr-robot-ronavi-m/;интегратор;Время заряда батареи, час. 1;2026-09-24;;
dcfd9975-81eb-49b5-a422-827a720ba582;Ronavi M;charge_time_h;"0.25 (10–90%); 0.2 (20–80%)";ч;https://stellmart.ru/logisticheskie-roboty/ronavi-m500/;интегратор;"От 10% до 90%: 15 минут; От 20% до 80%: 12 минут";2026-09-24;"аналог: Ronavi M500; расходится с robob2b для M (1 ч)";аналог
dcfd9975-81eb-49b5-a422-827a720ba582;Ronavi M;battery;24 000 мА·ч;;https://robob2b.ru/catalog/mobilnye-roboty/logisticheskiy-amr-robot-ronavi-m/;интегратор;Ёмкость батареи, мА·ч 24000;2026-09-24;;
dcfd9975-81eb-49b5-a422-827a720ba582;Ronavi M;battery;24 А·ч, 48 В (1152 Вт·ч);;https://stellmart.ru/logisticheskie-roboty/ronavi-m500/;интегратор;Емкость батареи — 24 А*ч (1152 Вт*ч);2026-09-24;"аналог: Ronavi M500; напряжение 48 В, макс. ток заряда 100 А";аналог
dcfd9975-81eb-49b5-a422-827a720ba582;Ronavi M;power_kw;~0,15–0,23 (расчет);кВт;https://stellmart.ru/logisticheskie-roboty/ronavi-m500/;интегратор;Емкость батареи — 24 А*ч (1152 Вт*ч);2026-09-24;"аналог: Ronavi M500; расчет 0,8 × 1,15 кВт·ч за 4–6,5 ч; у M 1200 кг, вероятно, больше";аналог
dcfd9975-81eb-49b5-a422-827a720ba582;Ronavi M;battery_life;"12 000 циклов; замена через ~10 лет";;https://stellmart.ru/logisticheskie-roboty/ronavi-m500/;интегратор;"Кол-во циклов заряда: 12 000; Оценка срока замены батареи: 10 лет";2026-09-24;аналог: Ronavi M500;аналог
dcfd9975-81eb-49b5-a422-827a720ba582;Ronavi M;battery_life;2000;циклов;https://robob2b.ru/catalog/mobilnye-roboty/logisticheskiy-amr-robot-ronavi-m/;интегратор;"Ресурс батарей, циклов ""заряд/разряд"" 2000";2026-09-24;расходится с данными M500 (12 000) в 6 раз;
dcfd9975-81eb-49b5-a422-827a720ba582;Ronavi M;max_speed_m_s;2;м/с;https://robob2b.ru/catalog/mobilnye-roboty/logisticheskiy-amr-robot-ronavi-m/;интегратор;Максимальная скорость движения, м/c 2;2026-09-24;"на сайте производителя 2,5 м/с (расхождение 20%); у M500 тоже 2 м/с";
dcfd9975-81eb-49b5-a422-827a720ba582;Ronavi M;docking_speed_m_s;0.2;м/с;https://stellmart.ru/logisticheskie-roboty/ronavi-m500/;интегратор;Стыковки (зарядная станция, захват стеллажа): 0,2 м/с;2026-09-24;аналог: Ronavi M500;аналог
dcfd9975-81eb-49b5-a422-827a720ba582;Ronavi M;station_throughput;от 400;шт. товара/ч (скорость комплектации);https://stellmart.ru/logisticheskie-roboty/ronavi-m500/;интегратор;со скоростью комплектации от 400 шт. в час;2026-09-24;"аналог: Ronavi M500; это штуки отбора на станции, а не подачи стеллажей в час";аналог
dcfd9975-81eb-49b5-a422-827a720ba582;Ronavi M;utilization;более 21 ч в сутки;;https://stellmart.ru/logisticheskie-roboty/ronavi-m500/;интегратор;Робот работает более 21 часа в сутки.;2026-09-24;аналог: Ronavi M500;аналог
dcfd9975-81eb-49b5-a422-827a720ba582;Ronavi M;lift_time_s;не найдено;с;;;;2026-09-24;"искал: карточка M, robob2b, stellmart (M500); ближайший аналог H2000: до 7 с по паспорту";
dcfd9975-81eb-49b5-a422-827a720ba582;Ronavi M;avg_speed_m_s;не найдено;м/с;;;;2026-09-24;искал: карточка M, robob2b, stellmart;
dcfd9975-81eb-49b5-a422-827a720ba582;Ronavi M;battery_price_rub;не найдено;₽;;;;2026-09-24;искал: сайт производителя, robob2b, stellmart;
ext-aurrigo-auto-dollytug;Aurrigo Auto-DollyTug;manufacturer;Aurrigo International plc (Великобритания);;https://aurrigo.com/auto-dollytug/;производитель;Aurrigo Automated Aviation Technology;2026-09-24;;
ext-aurrigo-auto-dollytug;Aurrigo Auto-DollyTug;case_reference;Сингапур, аэропорт Чанги: испытания, этап 2B на четырех машинах;;https://roboticsandautomationnews.com/2024/02/02/changi-airport-and-aurrigo-to-trial-new-autonomous-baggage-handling-vehicle/79689/;СМИ;Changi Airport Group collaborates with Aurrigo to trial new autonomous baggage handling vehicle;2026-09-24;;
ext-aurrigo-auto-dollytug;Aurrigo Auto-DollyTug;towing_capacity_kg;7500;кг;https://www.autoevolution.com/news/auto-dolly-is-the-first-autonomous-four-wheeled-luggage-carrier-operating-in-an-airport-211044.html;СМИ;tow up to three Auto-Dolly platforms, with a total weight of 7.5 tons;2026-09-24;до трех тележек общей массой 7,5 т;
ext-aurrigo-auto-dollytug;Aurrigo Auto-DollyTug;payload_kg;1500;кг;https://www.autoevolution.com/news/auto-dolly-is-the-first-autonomous-four-wheeled-luggage-carrier-operating-in-an-airport-211044.html;СМИ;it can also carry 1.5 tons on its platform;2026-09-24;груз на собственной платформе;
ext-aurrigo-auto-dollytug;Aurrigo Auto-DollyTug;navigation_type;лидар и набор датчиков;;https://www.autoevolution.com/news/auto-dolly-is-the-first-autonomous-four-wheeled-luggage-carrier-operating-in-an-airport-211044.html;СМИ;fitted with an electric motor, a LIDAR system, and multiple sensor technologies;2026-09-24;;
ext-aurrigo-auto-dollytug;Aurrigo Auto-DollyTug;max_speed_m_s;не найдено;;;нет источника;;2026-09-24;не найдено;
ext-aurrigo-auto-dollytug;Aurrigo Auto-DollyTug;runtime_h;не найдено;;;нет источника;;2026-09-24;не найдено;
ext-aurrigo-auto-dollytug;Aurrigo Auto-DollyTug;charge_time_h;не найдено;;;нет источника;;2026-09-24;не найдено;
ext-aurrigo-auto-dollytug;Aurrigo Auto-DollyTug;dimensions_mm;не найдено;;;нет источника;;2026-09-24;не найдено;
ext-aurrigo-auto-dollytug;Aurrigo Auto-DollyTug;robot_mass_kg;не найдено;;;нет источника;;2026-09-24;не найдено;
ext-aurrigo-auto-dollytug;Aurrigo Auto-DollyTug;min_aisle_width_mm;не найдено;;;нет источника;;2026-09-24;не найдено;
ext-aurrigo-auto-dollytug;Aurrigo Auto-DollyTug;throughput;не найдено;;;нет источника;;2026-09-24;не найдено;
ext-aurrigo-auto-dollytug;Aurrigo Auto-DollyTug;price_rub;не найдено;;;нет источника;;2026-09-24;не найдено;
ext-aurrigo-auto-dollytug;Aurrigo Auto-DollyTug;operating_conditions;не найдено;;;нет источника;;2026-09-24;температурный диапазон не опубликован;
ext-aurrigo-auto-dollytug;Aurrigo Auto-DollyTug;availability_russia;не найдено;;;нет источника;;2026-09-24;продавца в России не нашли;
ext-avidbots-neo-2;Avidbots Neo 2;manufacturer;Avidbots Corp. (Канада);;https://avidbots.com/neo-2/;производитель;Avidbots;2026-09-24;;
ext-avidbots-neo-2;Avidbots Neo 2;case_reference;производитель называет Neo среди роботов аэропортов из рейтинга Skytrax 2023;;https://avidbots.com/news/avidbots-neo-cleaning-robot-used-by-many-of-the-newly-named-best-global-airports/;производитель;Neo used by many of the newly named best global airports;2026-09-24;какие именно аэропорты, в новости не перечислены по модели Neo 2;
ext-avidbots-neo-2;Avidbots Neo 2;dimensions_mm;1520×760–940×1370;мм (Д×Ш×В);https://avidbots.com/neo-2/;производитель;Length 152 cm, Width 76-94 cm, Height 137 cm;2026-09-24;;да
ext-avidbots-neo-2;Avidbots Neo 2;robot_mass_kg;581.5–688;кг;https://avidbots.com/neo-2/;производитель;Gross Vehicle Weight 581.5-688 kg;2026-09-24;полная масса с водой;да
ext-avidbots-neo-2;Avidbots Neo 2;throughput;до 3900;м²/ч;https://avidbots.com/neo-2/;производитель;up to 42,000 square feet per hour;2026-09-24;"42 000 кв. футов в час, пересчитали в м2; теоретическая, рабочая ниже";да
ext-avidbots-neo-2;Avidbots Neo 2;runtime_h;4–6;ч;https://avidbots.com/neo-2/;производитель;Runtime 4-6 hours per charge;2026-09-24;;да
ext-avidbots-neo-2;Avidbots Neo 2;tank_l;109;л;https://avidbots.com/neo-2/;производитель;Solution Tank 109 L;2026-09-24;бак грязной воды 135 л;да
ext-avidbots-neo-2;Avidbots Neo 2;max_speed_m_s;не найдено;;;нет источника;;2026-09-24;не найдено;
ext-avidbots-neo-2;Avidbots Neo 2;charge_time_h;не найдено;;;нет источника;;2026-09-24;не найдено;
ext-avidbots-neo-2;Avidbots Neo 2;min_aisle_width_mm;не найдено;;;нет источника;;2026-09-24;не найдено;
ext-avidbots-neo-2;Avidbots Neo 2;navigation_type;не найдено;;;нет источника;;2026-09-24;не найдено;
ext-avidbots-neo-2;Avidbots Neo 2;price_rub;не найдено;;;нет источника;;2026-09-24;не найдено;
ext-avidbots-neo-2;Avidbots Neo 2;operating_conditions;не найдено;;;нет источника;;2026-09-24;не найдено;
ext-avidbots-neo-2;Avidbots Neo 2;availability_russia;не найдено;;;нет источника;;2026-09-24;продавца в России не нашли;
ext-lg-cloi-guidebot;LG CLOi GuideBot;manufacturer;LG Electronics (Корея);;https://solutions.lg.com/us/cloi-robots/lg-rscgd20;производитель;LG Business Solutions;2026-09-24;;
ext-lg-cloi-guidebot;LG CLOi GuideBot;case_reference;Корея, аэропорт Инчхон: работает с 2018 года;;https://www.lgcorp.com/media/release/7871;производитель;LG Airport Robots Take over Korea's Largest Airport;2026-09-24;;
ext-lg-cloi-guidebot;LG CLOi GuideBot;availability_russia;LG отмечает модель как снятую с производства;;https://solutions.lg.com/us/cloi-robots/lg-rscgd20;производитель;discontinued;2026-09-24;продавца в России тоже не нашли;
ext-lg-cloi-guidebot;LG CLOi GuideBot;dimensions_mm;510×510×1501;мм (Д×Ш×В);https://solutions.lg.com/us/cloi-robots/lg-rscgd20;производитель;20.1 x 59.1 x 20.1 inches;2026-09-24;;да
ext-lg-cloi-guidebot;LG CLOi GuideBot;robot_mass_kg;80;кг;https://solutions.lg.com/us/cloi-robots/lg-rscgd20;производитель;176.4 lbs / 80 kg;2026-09-24;;да
ext-lg-cloi-guidebot;LG CLOi GuideBot;max_speed_m_s;0.98;м/с;https://solutions.lg.com/us/cloi-robots/lg-rscgd20;производитель;Max Speed 2.2 mph;2026-09-24;2,2 мили в час, пересчитали;да
ext-lg-cloi-guidebot;LG CLOi GuideBot;runtime_h;9;ч;https://solutions.lg.com/us/cloi-robots/lg-rscgd20;производитель;Continuous Operating Time 9 hours;2026-09-24;;да
ext-lg-cloi-guidebot;LG CLOi GuideBot;charge_time_h;5;ч;https://solutions.lg.com/us/cloi-robots/lg-rscgd20;производитель;Charging Time 5 hours;2026-09-24;;да
ext-lg-cloi-guidebot;LG CLOi GuideBot;min_aisle_width_mm;800;мм;https://solutions.lg.com/us/cloi-robots/lg-rscgd20;производитель;Minimum Passage Width 31.5 inches / 800 mm;2026-09-24;;да
ext-lg-cloi-guidebot;LG CLOi GuideBot;navigation_type;лидар, камера глубины, ToF, магнитные датчики, бампер;;https://solutions.lg.com/us/cloi-robots/lg-rscgd20;производитель;Bumper, Depth, LIDAR, Magnetic, ToF;2026-09-24;;да
ext-lg-cloi-guidebot;LG CLOi GuideBot;payload_kg;н/п;;;нет источника;;2026-09-24;не применимо: робот-гид груз не возит;
ext-lg-cloi-guidebot;LG CLOi GuideBot;throughput;не найдено;;;нет источника;;2026-09-24;не найдено;
ext-lg-cloi-guidebot;LG CLOi GuideBot;price_rub;не найдено;;;нет источника;;2026-09-24;цену LG не публикует, модель снята;
ext-lg-cloi-guidebot;LG CLOi GuideBot;operating_conditions;не найдено;;;нет источника;;2026-09-24;не найдено;
